2025-09-08 08:27:10.867001 +00:00,204,11.563001,7.768
2025-09-11 13:32:56.569001 +00:00,196,1.814,
2025-09-11 13:39:36.608001 +00:00,195,8.521,1.7
2025-09-11 13:32:56.567001 +00:00,194,3.3470001,
2025-09-11 13:32:44.918001 +00:00,194,1.66,
2025-09-10 08:00:06.404001 +00:00,193,8.513,1.628
2025-09-10 08:00:06.401001 +00:00,190,3.404,1.628
2025-09-10 10:12:08.531001 +00:00,188,2.835,1.648
2025-09-10 07:14:42.541001 +00:00,188,7.333,1.643
2025-09-03 06:58:15.834001 +00:00,188,1.618,2.48
2025-09-10 08:00:06.399001 +00:00,188,1.656,1.628
2025-09-10 09:04:39.756001 +00:00,187,1.822,4.9430003
2025-09-03 06:58:15.833001 +00:00,187,1.847,2.48
2025-09-11 13:32:44.911001 +00:00,187,6.544,
2025-09-08 10:22:51.124001 +00:00,187,2.086,2.596
2025-09-08 10:24:28.185001 +00:00,187,2.167,3.5649998
2025-09-10 10:57:38.596001 +00:00,187,1.604,1.931
2025-09-03 11:00:21.051001 +00:00,187,8.181,2.024
2025-09-03 11:00:21.051001 +00:00,187,2.0049999,2.024
2025-09-03 11:00:21.051001 +00:00,187,2.842,2.024
2025-10-03 09:44:28.671001 +00:00,187,1.666,4.9760003
2025-09-03 08:47:28.359001 +00:00,187,1.8149999,1.717
2025-09-08 08:27:10.850001 +00:00,187,1.6949999,7.768
2025-09-10 10:12:08.530001 +00:00,187,1.617,1.648
2025-09-04 07:16:56.161001 +00:00,187,6.65,4.393
2025-09-05 12:50:05.708001 +00:00,187,3.507,2.8999999
2025-09-10 07:14:23.154001 +00:00,186,1.618,2.8109999
2025-09-10 08:00:06.397001 +00:00,186,1.65,1.628
2025-09-10 06:49:28.487001 +00:00,186,1.655,7.127
2025-09-05 11:46:25.183001 +00:00,186,13.717999,1.832
2025-09-10 06:49:28.487001 +00:00,186,7.264,7.127
2025-09-04 07:16:56.160001 +00:00,186,1.8429999,4.393
2025-09-03 08:46:50.485001 +00:00,186,12.254,7.268
2025-09-10 10:57:22.302001 +00:00,186,7.757,1.76
2025-09-05 11:46:25.183001 +00:00,186,1.7650001,1.832
2025-09-03 08:12:12.060001 +00:00,186,4.363,1.8100001
2025-09-10 10:12:08.529001 +00:00,186,1.641,1.648
2025-09-03 11:00:21.050001 +00:00,186,8.4800005,2.024
2025-10-03 09:43:24.221001 +00:00,186,1.559,1.5389999
2025-09-10 08:29:12.056001 +00:00,186,1.7190001,1.774
2025-09-03 08:13:47.604001 +00:00,185,1.878,4.363
2025-09-10 06:49:38.248001 +00:00,185,2.1520002,1.725
2025-09-03 10:14:44.534001 +00:00,185,7.242,2.0049999
2025-09-03 10:14:44.534001 +00:00,185,8.497,2.0049999
2025-09-10 08:28:49.134001 +00:00,185,1.665,1.886
2025-09-10 08:28:49.134001 +00:00,185,1.9829999,1.886
2025-09-08 08:27:28.246001 +00:00,185,1.668,1.787
2025-09-05 12:50:43.107001 +00:00,185,12.393,13.58
2025-09-05 12:02:20.497001 +00:00,185,1.789,4.9100003
2025-09-05 12:02:20.497001 +00:00,185,1.747,4.9100003
2025-09-10 10:12:31.280001 +00:00,185,2.2350001,1.689
2025-09-10 08:29:41.866001 +00:00,185,1.537,1.707
2025-09-04 07:17:16.175001 +00:00,185,2.1460001,1.846
2025-09-03 08:12:47.397001 +00:00,185,1.855,1.7800001
2025-09-08 08:27:10.848001 +00:00,185,1.803,7.768
2025-09-05 11:46:25.182001 +00:00,185,1.721,1.832
2025-09-10 10:57:38.594001 +00:00,185,1.6110001,1.931
2025-09-03 11:00:21.049001 +00:00,185,3.046,2.024
2025-09-08 10:22:51.121001 +00:00,184,4.137,2.596
2025-09-05 11:46:46.518001 +00:00,184,2.0029998,7.724
2025-09-08 10:24:12.996001 +00:00,184,2.49,1.531
2025-09-04 07:17:16.174001 +00:00,184,1.86,1.846
2025-09-10 07:14:23.152001 +00:00,184,2.913,2.8109999
2025-09-04 08:13:44.063001 +00:00,184,1.932,8.603
2025-09-10 10:12:08.527001 +00:00,184,1.548,1.648
2025-09-10 10:57:38.593001 +00:00,184,1.551,1.931
2025-09-10 10:12:08.527001 +00:00,184,1.503,1.648
2025-09-03 10:14:44.533001 +00:00,184,8.488,2.0049999
2025-09-10 07:14:42.537001 +00:00,184,1.704,1.643
2025-09-10 08:29:12.054001 +00:00,184,1.625,1.774
2025-09-10 08:29:12.054001 +00:00,184,1.842,1.774
2025-09-10 08:00:25.015001 +00:00,184,1.842,1.523
2025-09-03 08:13:47.603001 +00:00,184,1.8690001,4.363
2025-09-10 10:13:08.446001 +00:00,184,1.508,1.64
2025-09-10 09:03:37.317001 +00:00,184,3.455,1.875
2025-09-03 10:14:20.454001 +00:00,184,8.181,1.6899999
2025-09-10 08:00:06.395001 +00:00,184,1.59,1.628
2025-09-05 12:50:05.705001 +00:00,184,3.8769999,2.8999999
2025-10-03 09:44:28.668001 +00:00,184,1.515,4.9760003
2025-09-08 08:27:10.846001 +00:00,183,3.918,7.768
2025-09-03 10:15:23.803001 +00:00,183,2.024,3.943
2025-09-10 09:04:39.752001 +00:00,183,1.732,4.9430003
2025-09-10 08:00:25.014001 +00:00,183,1.586,1.523
2025-09-03 06:58:15.829001 +00:00,183,30.317,2.48
2025-09-04 07:17:16.173001 +00:00,183,11.308001,1.846
2025-09-10 07:14:42.536001 +00:00,183,1.798,1.643
2025-09-04 08:13:44.062001 +00:00,183,1.654,8.603
2025-09-10 10:57:22.299001 +00:00,183,1.73,1.76
2025-09-10 10:57:38.592001 +00:00,183,1.63,1.931
2025-09-05 11:46:25.180001 +00:00,183,1.569,1.832
2025-09-08 10:24:28.181001 +00:00,183,2.086,3.5649998
2025-09-08 10:24:12.995001 +00:00,183,3.772,1.531
2025-09-03 08:12:12.057001 +00:00,183,1.855,1.8100001
2025-09-05 11:46:25.179001 +00:00,182,2.0649998,1.832
2025-09-03 08:46:50.481001 +00:00,182,1.7190001,7.268
2025-09-10 10:12:31.277001 +00:00,182,1.564,1.689
2025-09-04 08:13:44.061001 +00:00,182,1.713,8.603
2025-09-08 08:28:03.340001 +00:00,182,1.6730001,4.9589996
2025-10-03 09:43:24.217001 +00:00,182,1.508,1.5389999
2025-09-10 06:49:38.245001 +00:00,182,1.7160001,1.725
2025-09-05 12:50:05.703001 +00:00,182,3.548,2.8999999
2025-09-03 06:58:15.828001 +00:00,182,1.901,2.48
2025-09-10 08:29:41.863001 +00:00,182,1.58,1.707
2025-09-08 10:22:51.119001 +00:00,182,2.659,2.596
2025-09-08 10:22:51.119001 +00:00,182,4.744,2.596
2025-09-05 12:49:46.254001 +00:00,182,1.911,11.649
2025-09-03 10:14:20.452001 +00:00,182,7.757,1.6899999
2025-09-10 08:00:06.393001 +00:00,182,1.49,1.628
2025-10-03 09:44:28.666001 +00:00,182,1.606,4.9760003
2025-09-08 10:22:51.119001 +00:00,182,3.145,2.596
2025-09-04 08:13:44.061001 +00:00,182,2.515,8.603
2025-09-03 08:13:47.601001 +00:00,182,1.9640001,4.363
2025-09-10 07:14:23.150001 +00:00,182,1.5780001,2.8109999
2025-09-05 11:46:25.179001 +00:00,182,1.711,1.832
2025-09-05 11:46:25.179001 +00:00,182,2.2740002,1.832
2025-09-03 08:46:50.481001 +00:00,182,2.7050002,7.268
2025-09-04 07:16:56.156001 +00:00,182,3.856,4.393
2025-09-10 08:00:56.381001 +00:00,182,1.5389999,2.651
2025-09-05 12:02:20.494001 +00:00,182,3.158,4.9100003
2025-09-03 08:13:47.601001 +00:00,182,1.694,4.363
2025-09-03 08:13:47.601001 +00:00,182,12.254,4.363
2025-09-04 08:13:20.398001 +00:00,182,1.6919999,2.091
2025-09-03 08:12:12.056001 +00:00,182,1.878,1.8100001
2025-09-10 08:29:41.863001 +00:00,182,1.608,1.707
2025-09-04 08:13:44.061001 +00:00,182,2.108,8.603
2025-09-05 11:46:25.178001 +00:00,181,1.8050001,1.832
2025-09-10 08:29:41.862001 +00:00,181,2.819,1.707
2025-09-11 14:16:19.417001 +00:00,181,,
2025-09-03 10:14:44.530001 +00:00,181,1.874,2.0049999
2025-09-08 08:27:10.844001 +00:00,181,1.6420001,7.768
2025-09-10 09:03:57.294001 +00:00,181,1.669,7.0270004
2025-09-05 12:50:05.702001 +00:00,181,2.627,2.8999999
2025-09-10 08:29:12.051001 +00:00,181,1.757,1.774
2025-09-03 08:13:47.600001 +00:00,181,1.852,4.363
2025-10-03 09:43:24.216001 +00:00,181,1.706,1.5389999
2025-09-08 10:24:28.179001 +00:00,181,2.69,3.5649998
2025-09-05 12:50:43.103001 +00:00,181,1.59,13.58
2025-09-03 06:58:15.827001 +00:00,181,1.943,2.48
2025-09-03 10:14:20.451001 +00:00,181,1.9739999,1.6899999
2025-09-10 07:14:42.534001 +00:00,181,8.247,1.643
2025-09-10 06:49:28.482001 +00:00,181,2.958,7.127
2025-09-04 07:17:16.171001 +00:00,181,1.547,1.846
2025-09-11 13:32:44.905001 +00:00,181,2.679,
2025-09-03 10:15:23.801001 +00:00,181,3.046,3.943
2025-09-10 10:13:08.442001 +00:00,180,7.229,1.64
2025-09-08 10:24:12.992001 +00:00,180,2.887,1.531
2025-09-03 08:12:47.392001 +00:00,180,1.666,1.7800001
2025-09-08 08:27:10.843001 +00:00,180,3.814,7.768
2025-09-03 10:14:20.450001 +00:00,180,1.863,1.6899999
2025-09-04 07:17:16.170001 +00:00,180,6.6920004,1.846
2025-09-04 07:17:16.170001 +00:00,180,1.5389999,1.846
2025-09-04 07:17:16.170001 +00:00,180,4.988,1.846
2025-09-03 10:14:20.450001 +00:00,180,2.1299999,1.6899999
2025-10-03 09:43:24.215001 +00:00,180,1.515,1.5389999
2025-09-10 08:00:06.391001 +00:00,180,1.526,1.628
2025-09-10 08:00:06.391001 +00:00,180,3.951,1.628
2025-09-08 10:22:51.117001 +00:00,180,7.719,2.596
2025-09-10 09:04:39.749001 +00:00,180,1.962,4.9430003
2025-09-05 11:46:25.177001 +00:00,180,1.9690001,1.832
2025-09-08 10:25:23.046001 +00:00,180,7.771,4.9319997
2025-09-04 08:14:46.627001 +00:00,180,1.755,7.1809998
2025-09-05 12:50:43.102001 +00:00,180,1.6700001,13.58
2025-09-10 07:14:42.533001 +00:00,180,4.519,1.643
2025-09-10 07:14:42.533001 +00:00,180,4.178,1.643
2025-09-10 10:12:08.523001 +00:00,180,1.641,1.648
2025-09-10 09:03:37.313001 +00:00,180,2.684,1.875
2025-09-03 11:00:21.044001 +00:00,180,1.819,2.024
2025-09-08 10:24:12.992001 +00:00,180,2.167,1.531
2025-09-03 10:14:44.529001 +00:00,180,2.842,2.0049999
2025-09-10 07:14:42.532001 +00:00,179,1.591,1.643
2025-09-04 07:16:56.153001 +00:00,179,1.7229999,4.393
2025-09-08 08:27:28.240001 +00:00,179,1.871,1.787
2025-09-04 07:16:56.153001 +00:00,179,1.7659999,4.393
2025-09-03 11:00:21.043001 +00:00,179,1.7800001,2.024
2025-09-10 10:57:22.295001 +00:00,179,1.64,1.76
2025-09-10 10:13:08.441001 +00:00,179,1.914,1.64
2025-09-10 10:13:08.441001 +00:00,179,1.855,1.64
2025-09-10 10:13:08.441001 +00:00,179,3.7459998,1.64
2025-10-03 09:43:24.214001 +00:00,179,6.561,1.5389999
2025-09-03 11:42:22.795001 +00:00,179,5.6309996,1.717
2025-09-08 10:24:28.177001 +00:00,179,2.094,3.5649998
2025-09-08 10:24:12.991001 +00:00,179,2.034,1.531
2025-09-05 12:50:05.700001 +00:00,179,5.2840004,2.8999999
2025-10-03 09:43:05.023001 +00:00,179,3.9320002,1.7409999
2025-09-08 08:28:03.337001 +00:00,179,1.608,4.9589996
2025-09-05 11:46:25.176001 +00:00,179,5.449,1.832
2025-09-10 08:00:56.378001 +00:00,179,3.36,2.651
2025-09-10 10:12:31.274001 +00:00,179,2.958,1.689
2025-09-08 10:24:28.177001 +00:00,179,4.137,3.5649998
2025-09-10 08:00:06.390001 +00:00,179,16.957,1.628
2025-09-05 11:46:46.513001 +00:00,179,2.032,7.724
2025-09-10 07:15:35.203001 +00:00,178,1.735,1.648
2025-09-10 10:12:08.521001 +00:00,178,1.764,1.648
2025-09-03 08:12:12.052001 +00:00,178,1.666,1.8100001
2025-09-05 12:49:46.250001 +00:00,178,5.337,11.649
2025-09-10 08:00:25.009001 +00:00,178,1.623,1.523
2025-09-10 07:14:42.531001 +00:00,178,1.531,1.643
2025-09-03 11:41:46.096001 +00:00,178,1.717,5.493
2025-09-03 10:14:44.527001 +00:00,178,1.819,2.0049999
2025-09-03 06:58:25.307001 +00:00,178,2.492,1.816
2025-09-10 10:57:22.294001 +00:00,178,3.8960001,1.76
2025-09-08 08:28:03.336001 +00:00,178,1.7989999,4.9589996
2025-09-08 10:24:12.990001 +00:00,178,9.139001,1.531
2025-09-05 12:50:43.100001 +00:00,178,14.427,13.58
2025-09-11 14:16:19.414001 +00:00,178,,
2025-09-08 10:25:23.044001 +00:00,178,3.513,4.9319997
2025-09-05 11:46:25.175001 +00:00,178,1.597,1.832
2025-09-08 10:22:51.115001 +00:00,178,7.771,2.596
2025-09-08 10:24:28.176001 +00:00,178,2.659,3.5649998
2025-09-08 10:24:28.176001 +00:00,178,4.744,3.5649998
2025-09-03 08:12:47.390001 +00:00,178,1.8729999,1.7800001
2025-09-03 08:12:47.390001 +00:00,178,1.7379999,1.7800001
2025-09-10 08:00:25.009001 +00:00,178,2.946,1.523
2025-09-10 08:29:41.859001 +00:00,178,7.507,1.707
2025-09-03 06:58:15.824001 +00:00,178,3.418,2.48
2025-09-10 09:04:39.746001 +00:00,177,1.6029999,4.9430003
2025-09-05 12:49:46.249001 +00:00,177,4.701,11.649
2025-09-03 10:14:20.447001 +00:00,177,6.668,1.6899999
2025-09-03 10:14:20.447001 +00:00,177,14.051,1.6899999
2025-09-05 12:02:20.489001 +00:00,177,1.569,4.9100003
2025-09-04 07:16:56.151001 +00:00,177,7.2380004,4.393
2025-09-10 07:14:42.530001 +00:00,177,1.7620001,1.643
2025-09-10 10:57:22.293001 +00:00,177,8.651999,1.76
2025-09-11 13:32:56.550001 +00:00,177,,
2025-10-03 09:43:05.021001 +00:00,177,1.756,1.7409999
2025-09-04 08:13:44.056001 +00:00,177,3.164,8.603
2025-09-03 06:58:25.306001 +00:00,177,5.219,1.816
2025-10-03 09:44:28.661001 +00:00,177,1.6439999,4.9760003
2025-09-03 08:46:23.559001 +00:00,177,1.7770001,1.6700001
2025-09-08 10:24:12.989001 +00:00,177,3.806,1.531
2025-09-10 08:00:06.388001 +00:00,177,1.776,1.628
2025-09-03 08:46:50.476001 +00:00,177,1.547,7.268
2025-09-05 12:50:05.698001 +00:00,177,4.9919996,2.8999999
2025-09-10 09:04:39.746001 +00:00,177,1.875,4.9430003
2025-09-10 10:58:12.753001 +00:00,177,4.483,3.878
2025-09-10 08:00:25.008001 +00:00,177,1.6949999,1.523
2025-09-10 08:00:06.388001 +00:00,177,5.1150002,1.628
2025-10-03 09:44:28.660001 +00:00,176,1.724,4.9760003
2025-09-05 12:49:46.248001 +00:00,176,9.674,11.649
2025-09-10 09:04:39.745001 +00:00,176,1.8080001,4.9430003
2025-09-08 08:27:28.237001 +00:00,176,1.575,1.787
2025-09-10 07:15:35.201001 +00:00,176,1.655,1.648
2025-09-03 08:46:23.558001 +00:00,176,1.643,1.6700001
2025-09-03 08:46:50.475001 +00:00,176,1.965,7.268
2025-09-03 10:14:20.446001 +00:00,176,2.253,1.6899999
2025-09-05 11:46:25.173001 +00:00,176,6.3129997,1.832
2025-09-08 08:27:10.839001 +00:00,176,1.633,7.768
2025-09-08 08:27:10.839001 +00:00,176,1.745,7.768
2025-09-10 09:03:37.309001 +00:00,176,14.017,1.875
2025-09-03 08:12:12.050001 +00:00,176,3.681,1.8100001
2025-09-03 08:12:47.388001 +00:00,176,2.013,1.7800001
2025-09-08 10:24:28.174001 +00:00,176,7.719,3.5649998
2025-09-10 08:00:56.375001 +00:00,176,1.6120001,2.651
2025-09-05 12:02:20.488001 +00:00,176,3.163,4.9100003
2025-09-10 10:12:31.271001 +00:00,176,1.782,1.689
2025-09-10 08:29:12.046001 +00:00,176,1.9769999,1.774
2025-09-08 10:22:51.113001 +00:00,176,1.909,2.596
2025-09-05 12:50:05.697001 +00:00,176,3.001,2.8999999
2025-09-05 12:49:46.247001 +00:00,175,1.59,11.649
2025-09-03 10:15:23.795001 +00:00,175,1.851,3.943
2025-09-10 07:14:42.528001 +00:00,175,1.6899999,1.643
2025-09-10 08:28:49.124001 +00:00,175,1.698,1.886
2025-09-03 08:12:12.049001 +00:00,175,6.534,1.8100001
2025-09-05 12:02:20.487001 +00:00,175,2.0630002,4.9100003
2025-09-04 08:14:46.622001 +00:00,175,1.606,7.1809998
2025-09-10 09:03:57.288001 +00:00,175,7.1740003,7.0270004
2025-09-08 10:25:23.041001 +00:00,175,4.085,4.9319997
2025-09-10 10:58:12.751001 +00:00,175,2.019,3.878
2025-09-10 10:58:12.751001 +00:00,175,1.8149999,3.878
2025-09-08 08:27:28.236001 +00:00,175,1.863,1.787
2025-09-11 13:39:46.423001 +00:00,175,3.825,2.608
2025-09-08 08:27:28.236001 +00:00,175,5.9329996,1.787
2025-09-10 10:12:31.270001 +00:00,175,1.783,1.689
2025-09-03 11:00:21.039001 +00:00,175,2.02,2.024
2025-09-10 08:29:12.045001 +00:00,175,1.537,1.774
2025-09-04 07:18:03.259001 +00:00,175,1.5389999,1.571
2025-09-11 13:32:44.899001 +00:00,175,,
2025-09-04 07:18:03.259001 +00:00,175,1.752,1.571
2025-09-10 08:00:06.386001 +00:00,175,1.573,1.628
2025-09-08 10:22:51.112001 +00:00,175,1.702,2.596
2025-09-10 08:00:25.006001 +00:00,175,1.589,1.523
2025-09-10 10:12:08.518001 +00:00,175,8.120001,1.648
2025-09-10 10:12:08.518001 +00:00,175,3.7459998,1.648
2025-09-03 06:58:15.821001 +00:00,175,1.722,2.48
2025-09-05 11:46:46.509001 +00:00,175,1.744,7.724
2025-09-11 13:32:44.899001 +00:00,175,,
2025-09-05 12:50:05.696001 +00:00,175,4.346,2.8999999
2025-09-08 08:27:10.838001 +00:00,175,7.5699997,7.768
2025-09-03 06:58:25.304001 +00:00,175,1.8100001,1.816
2025-09-04 08:13:20.391001 +00:00,175,1.576,2.091
2025-09-03 10:15:23.794001 +00:00,174,1.7160001,3.943
2025-09-05 12:50:43.096001 +00:00,174,4.534,13.58
2025-10-03 09:44:28.658001 +00:00,174,4.096,4.9760003
2025-10-03 09:44:28.658001 +00:00,174,1.782,4.9760003
2025-09-05 12:49:46.246001 +00:00,174,1.6700001,11.649
2025-09-03 06:58:15.820001 +00:00,174,1.687,2.48
2025-10-03 09:43:24.209001 +00:00,174,1.6439999,1.5389999
2025-09-05 12:02:20.486001 +00:00,174,1.9120001,4.9100003
2025-09-11 13:32:56.547001 +00:00,174,,
2025-09-05 11:46:46.508001 +00:00,174,1.509,7.724
2025-09-11 13:32:44.898001 +00:00,174,,
2025-09-03 08:12:47.386001 +00:00,174,1.783,1.7800001
2025-09-10 10:58:12.750001 +00:00,174,1.641,3.878
2025-09-08 10:25:23.040001 +00:00,174,4.201,4.9319997
2025-09-08 10:25:23.040001 +00:00,174,2.016,4.9319997
2025-09-10 06:49:28.475001 +00:00,174,1.662,7.127
2025-09-10 06:49:28.475001 +00:00,174,1.714,7.127
2025-09-03 08:46:23.556001 +00:00,174,7.747,1.6700001
2025-09-10 07:14:23.142001 +00:00,174,1.513,2.8109999
2025-09-10 07:14:23.142001 +00:00,174,1.666,2.8109999
2025-09-10 07:14:42.527001 +00:00,174,6.582,1.643
2025-09-03 08:46:50.473001 +00:00,174,1.717,7.268
2025-09-10 07:15:35.199001 +00:00,174,1.5780001,1.648
2025-09-10 10:12:08.517001 +00:00,174,1.693,1.648
2025-09-10 08:00:25.005001 +00:00,174,4.459,1.523
2025-09-03 10:14:20.444001 +00:00,174,11.708,1.6899999
2025-09-10 08:28:49.123001 +00:00,174,1.842,1.886
2025-09-03 11:00:21.038001 +00:00,174,1.702,2.024
2025-09-10 08:29:12.044001 +00:00,174,1.651,1.774
2025-09-03 10:15:23.793001 +00:00,173,1.778,3.943
2025-10-03 09:43:05.017001 +00:00,173,1.559,1.7409999
2025-09-10 06:49:38.236001 +00:00,173,1.742,1.725
2025-09-10 10:57:22.289001 +00:00,173,1.5999999,1.76
2026-03-03 06:07:25.342001 +00:00,173,5.028,1.376
2025-09-03 10:14:20.443001 +00:00,173,2.186,1.6899999
2025-09-10 08:00:25.004001 +00:00,173,1.722,1.523
2025-09-10 08:00:56.372001 +00:00,173,2.464,2.651
2025-10-03 09:43:24.208001 +00:00,173,1.521,1.5389999
2025-09-10 08:29:41.854001 +00:00,173,1.6309999,1.707
2025-09-04 07:17:16.163001 +00:00,173,1.728,1.846
2025-09-08 10:24:28.171001 +00:00,173,7.2139997,3.5649998
2025-09-10 07:14:23.141001 +00:00,173,1.6730001,2.8109999
2025-09-10 09:03:37.306001 +00:00,173,1.6769999,1.875
2025-09-05 11:46:46.507001 +00:00,173,1.847,7.724
2025-09-03 11:00:21.037001 +00:00,173,1.737,2.024
2025-09-03 08:12:12.047001 +00:00,173,1.7620001,1.8100001
2025-09-08 08:28:03.331001 +00:00,173,1.712,4.9589996
2025-09-03 08:46:50.472001 +00:00,173,1.861,7.268
2025-09-05 11:46:25.170001 +00:00,173,5.9290004,1.832
2025-09-04 08:13:44.052001 +00:00,173,1.742,8.603
2025-09-03 08:46:23.555001 +00:00,173,1.5780001,1.6700001
2025-09-10 07:14:42.526001 +00:00,173,1.8019999,1.643
2025-10-03 09:43:24.208001 +00:00,173,1.556,1.5389999
2025-09-08 10:25:23.039001 +00:00,173,2.048,4.9319997
2025-09-10 08:00:06.383001 +00:00,172,1.754,1.628
2025-09-10 08:28:49.121001 +00:00,172,1.638,1.886
2025-09-10 08:28:49.121001 +00:00,172,1.757,1.886
2025-09-04 08:13:20.388001 +00:00,172,1.895,2.091
2025-09-10 08:00:06.383001 +00:00,172,1.523,1.628
2025-09-08 10:24:12.984001 +00:00,172,2.094,1.531
2025-09-03 08:12:47.384001 +00:00,172,1.632,1.7800001
2025-10-03 09:43:05.016001 +00:00,172,4.9760003,1.7409999
2025-09-08 10:25:23.038001 +00:00,172,2.693,4.9319997
2025-09-04 08:13:44.051001 +00:00,172,1.883,8.603
2025-09-08 08:27:10.835001 +00:00,172,1.6029999,7.768
2025-09-10 07:14:42.525001 +00:00,172,1.582,1.643
2025-09-08 10:22:51.109001 +00:00,172,4.201,2.596
2025-09-03 08:46:50.471001 +00:00,172,1.666,7.268
2025-09-08 08:27:10.835001 +00:00,172,1.8149999,7.768
2025-09-03 06:58:15.818001 +00:00,172,2.9810002,2.48
2025-09-05 11:46:25.169001 +00:00,172,1.85,1.832
2025-09-03 08:46:50.471001 +00:00,172,1.8149999,7.268
2025-09-10 09:03:37.305001 +00:00,172,1.818,1.875
2025-09-03 08:46:50.471001 +00:00,172,1.594,7.268
2025-09-10 10:57:22.288001 +00:00,172,11.831,1.76
2025-09-05 12:02:20.484001 +00:00,172,1.587,4.9100003
2025-09-03 08:13:47.591001 +00:00,172,1.807,4.363
2025-09-03 08:13:47.591001 +00:00,172,1.632,4.363
2025-10-03 09:44:28.656001 +00:00,172,1.678,4.9760003
2025-10-03 09:44:28.656001 +00:00,172,2.515,4.9760003
2025-10-03 09:44:28.656001 +00:00,172,1.5320001,4.9760003
2025-09-03 08:13:47.591001 +00:00,172,1.7160001,4.363
2025-09-04 07:16:56.146001 +00:00,172,1.636,4.393
2025-09-10 10:58:12.748001 +00:00,172,1.634,3.878
2025-09-10 07:15:35.197001 +00:00,172,1.735,1.648
2025-09-10 09:04:39.741001 +00:00,172,1.8050001,4.9430003
2025-09-08 10:24:12.983001 +00:00,171,5.043,1.531
2025-09-04 07:16:56.145001 +00:00,171,1.666,4.393
2025-09-10 07:14:23.139001 +00:00,171,1.531,2.8109999
2025-09-10 06:49:28.472001 +00:00,171,7.231,7.127
2025-09-03 10:15:23.791001 +00:00,171,8.483,3.943
2025-09-04 08:13:44.050001 +00:00,171,8.656,8.603
2025-09-05 12:02:20.483001 +00:00,171,1.995,4.9100003
2025-09-11 13:32:56.544001 +00:00,171,,
2025-09-10 10:58:12.747001 +00:00,171,2.4280002,3.878
2025-09-08 10:24:28.169001 +00:00,171,1.796,3.5649998
2025-09-10 08:00:06.382001 +00:00,171,1.4959999,1.628
2025-09-03 10:15:23.791001 +00:00,171,2.139,3.943
2025-09-10 08:28:49.120001 +00:00,171,3.276,1.886
2025-09-11 13:40:13.064001 +00:00,171,7.777,2.471
2025-10-03 09:43:24.206001 +00:00,171,1.735,1.5389999
2025-09-03 08:12:47.383001 +00:00,171,5.249,1.7800001
2025-09-10 09:03:57.284001 +00:00,171,1.962,7.0270004
2025-09-03 08:47:28.343001 +00:00,171,1.7770001,1.717
2025-09-05 12:49:46.243001 +00:00,171,4.734,11.649
2025-09-05 12:49:46.243001 +00:00,171,2.391,11.649
2025-09-08 10:22:51.108001 +00:00,171,5.342,2.596
2025-09-08 08:27:10.834001 +00:00,171,1.82,7.768
2025-09-10 10:13:08.432001 +00:00,170,1.798,1.64
2025-10-03 09:43:05.014001 +00:00,170,1.666,1.7409999
2025-09-03 08:12:12.044001 +00:00,170,1.7160001,1.8100001
2025-09-03 10:15:23.790001 +00:00,170,8.488,3.943
2025-09-11 13:39:36.583001 +00:00,170,1.47,1.7
2025-09-08 10:22:51.107001 +00:00,170,2.715,2.596
2025-09-08 10:22:51.107001 +00:00,170,3.905,2.596
2025-09-05 11:46:25.167001 +00:00,170,5.509,1.832
2025-09-05 11:46:25.167001 +00:00,170,1.7969999,1.832
2025-09-03 06:58:15.816001 +00:00,170,2.221,2.48
2025-09-05 11:46:25.167001 +00:00,170,5.0189996,1.832
2025-09-03 08:47:28.342001 +00:00,170,1.733,1.717
2025-09-05 11:46:46.504001 +00:00,170,1.733,7.724
2025-09-04 07:17:16.160001 +00:00,170,1.536,1.846
2025-09-08 10:25:23.036001 +00:00,170,2.9229999,4.9319997
2025-09-04 08:14:46.617001 +00:00,170,1.8449999,7.1809998
2025-09-11 13:32:56.543001 +00:00,170,,
2025-09-10 10:12:31.265001 +00:00,170,1.508,1.689
2025-09-08 08:27:28.231001 +00:00,170,1.7989999,1.787
2025-09-04 08:14:46.617001 +00:00,170,1.559,7.1809998
2025-09-05 12:02:20.482001 +00:00,170,1.6570001,4.9100003
2025-09-03 08:46:50.469001 +00:00,170,1.787,7.268
2025-09-10 06:49:28.471001 +00:00,170,1.798,7.127
2025-09-10 08:29:12.040001 +00:00,170,1.5600001,1.774
2025-09-10 06:49:38.233001 +00:00,170,1.655,1.725
2025-10-03 09:43:24.204001 +00:00,169,6.459,1.5389999
2025-09-10 09:03:37.302001 +00:00,169,7.656,1.875
2025-09-03 11:00:21.033001 +00:00,169,1.66,2.024
2025-09-10 06:49:38.232001 +00:00,169,1.726,1.725
2025-09-05 12:50:05.690001 +00:00,169,7.8389997,2.8999999
2025-09-10 06:49:28.470001 +00:00,169,6.501,7.127
2025-09-04 07:16:56.143001 +00:00,169,1.5419999,4.393
2025-09-04 07:16:56.143001 +00:00,169,1.7160001,4.393
2025-09-10 08:28:49.118001 +00:00,169,1.707,1.886
2025-09-05 11:47:30.024001 +00:00,169,7.595,5.509
2025-09-10 08:00:06.380001 +00:00,169,1.7659999,1.628
2025-09-10 08:00:25.000001 +00:00,169,1.9519999,1.523
2025-09-05 11:47:30.024001 +00:00,169,1.633,5.509
2025-09-10 10:12:31.264001 +00:00,169,3.3430002,1.689
2025-09-11 13:39:36.582001 +00:00,169,2.471,1.7
2025-09-10 10:12:31.264001 +00:00,169,1.764,1.689
2025-09-11 13:32:56.542001 +00:00,169,,
2025-09-04 07:17:16.159001 +00:00,169,1.5569999,1.846
2025-09-03 10:14:44.518001 +00:00,169,8.181,2.0049999
2025-09-11 13:39:36.582001 +00:00,169,2.453,1.7
2025-09-03 08:13:47.588001 +00:00,169,1.617,4.363
2025-10-03 09:44:28.653001 +00:00,169,2.326,4.9760003
2025-09-05 12:50:43.091001 +00:00,169,4.302,13.58
2025-09-11 13:32:56.542001 +00:00,169,,
2025-09-05 12:49:46.241001 +00:00,169,12.009001,11.649
2025-09-10 10:57:22.285001 +00:00,169,11.652,1.76
2025-09-10 08:00:56.368001 +00:00,169,1.628,2.651
2025-09-04 08:13:44.048001 +00:00,169,1.632,8.603
2025-09-04 08:14:46.616001 +00:00,169,1.667,7.1809998
2025-09-05 12:02:20.481001 +00:00,169,3.677,4.9100003
2025-09-08 10:24:12.981001 +00:00,169,7.719,1.531
2025-09-03 11:00:21.033001 +00:00,169,2.164,2.024
2025-09-10 07:14:42.522001 +00:00,169,6.618,1.643
2025-09-10 07:14:42.522001 +00:00,169,1.528,1.643
2025-09-03 08:46:50.467001 +00:00,168,1.763,7.268
2025-09-05 12:50:05.689001 +00:00,168,4.593,2.8999999
2025-09-10 07:15:35.193001 +00:00,168,1.798,1.648
2025-10-03 09:43:24.203001 +00:00,168,2.138,1.5389999
2025-09-10 09:03:57.281001 +00:00,168,2.085,7.0270004
2025-09-10 09:03:57.281001 +00:00,168,1.621,7.0270004
2025-09-10 07:14:42.521001 +00:00,168,1.5960001,1.643
2025-09-10 10:13:08.430001 +00:00,168,1.991,1.64
2025-09-10 09:04:39.737001 +00:00,168,2.684,4.9430003
2025-09-05 12:50:05.689001 +00:00,168,8.524,2.8999999
2025-09-10 09:04:39.737001 +00:00,168,1.663,4.9430003
2025-09-10 08:29:12.038001 +00:00,168,2.229,1.774
2025-09-10 06:49:28.469001 +00:00,168,2.618,7.127
2025-09-10 06:49:28.469001 +00:00,168,2.192,7.127
2025-09-10 09:03:57.281001 +00:00,168,1.6029999,7.0270004
2025-09-08 08:28:03.326001 +00:00,168,1.798,4.9589996
2025-10-03 09:43:05.012001 +00:00,168,1.512,1.7409999
2025-09-05 11:46:46.502001 +00:00,168,1.597,7.724
2025-09-05 12:02:20.480001 +00:00,168,13.999001,4.9100003
2025-09-08 08:27:10.831001 +00:00,168,1.8299999,7.768
2025-09-04 07:16:56.142001 +00:00,168,1.779,4.393
2025-09-04 07:16:56.142001 +00:00,168,1.874,4.393
2025-09-10 10:58:12.744001 +00:00,168,1.9369999,3.878
2025-09-10 10:12:08.511001 +00:00,168,1.6270001,1.648
2025-09-03 11:41:46.086001 +00:00,168,3.572,5.493
2025-10-03 09:43:24.203001 +00:00,168,1.678,1.5389999
2025-09-03 10:15:23.788001 +00:00,168,7.3739996,3.943
2025-09-10 07:14:23.135001 +00:00,167,1.521,2.8109999
2025-09-03 10:15:23.787001 +00:00,167,1.838,3.943
2025-09-05 12:49:46.239001 +00:00,167,13.405,11.649
2025-09-08 08:28:03.325001 +00:00,167,7.6720004,4.9589996
2025-09-10 09:04:39.736001 +00:00,167,1.549,4.9430003
2025-09-10 08:00:56.366001 +00:00,167,1.5519999,2.651
2025-09-08 10:25:23.033001 +00:00,167,2.204,4.9319997
2025-10-03 09:43:24.202001 +00:00,167,1.9769999,1.5389999
2025-10-03 09:43:24.202001 +00:00,167,36.933002,1.5389999
2025-09-03 10:14:44.516001 +00:00,167,2.026,2.0049999
2025-09-08 10:24:28.165001 +00:00,167,1.764,3.5649998
2025-09-08 10:24:28.165001 +00:00,167,2.048,3.5649998
2025-09-08 08:28:03.325001 +00:00,167,2.7910001,4.9589996
2025-09-03 08:13:47.586001 +00:00,167,11.719,4.363
2025-09-05 12:50:43.089001 +00:00,167,1.758,13.58
2025-09-04 08:13:44.046001 +00:00,167,8.500999,8.603
2025-09-08 08:27:28.228001 +00:00,167,6.4110003,1.787
2025-09-10 07:15:35.192001 +00:00,167,1.666,1.648
2025-09-04 08:13:44.046001 +00:00,167,1.9799999,8.603
2025-09-03 08:12:12.041001 +00:00,167,1.79,1.8100001
2025-09-03 08:12:12.041001 +00:00,167,1.617,1.8100001
2025-10-03 09:43:05.011001 +00:00,167,1.5600001,1.7409999
2025-09-05 12:02:20.479001 +00:00,167,1.7509999,4.9100003
2025-09-10 08:29:41.848001 +00:00,167,6.6280003,1.707
2025-09-03 08:12:12.041001 +00:00,167,1.774,1.8100001
2025-09-05 12:50:43.089001 +00:00,167,2.659,13.58
2025-09-10 08:29:12.037001 +00:00,167,2.711,1.774
2025-09-10 08:29:12.037001 +00:00,167,1.635,1.774
2025-09-04 08:13:20.383001 +00:00,167,1.71,2.091
2025-09-04 08:13:20.383001 +00:00,167,12.101,2.091
2025-09-10 10:58:12.743001 +00:00,167,1.664,3.878
2025-09-03 06:58:15.813001 +00:00,167,1.709,2.48
2025-09-10 10:57:22.283001 +00:00,167,1.736,1.76
2025-09-04 07:16:56.141001 +00:00,167,1.927,4.393
2025-09-10 08:00:24.998001 +00:00,167,1.6120001,1.523
2025-09-08 10:22:51.104001 +00:00,167,4.6780005,2.596
2025-09-10 10:12:08.510001 +00:00,167,1.864,1.648
2025-09-05 11:46:25.164001 +00:00,167,1.665,1.832
2025-09-03 08:47:28.338001 +00:00,166,4.348,1.717
2025-09-05 11:46:46.500001 +00:00,166,6.3129997,7.724
2025-09-11 13:32:44.890001 +00:00,166,,
2025-09-11 13:32:44.890001 +00:00,166,,
2025-09-11 13:32:44.890001 +00:00,166,,
2025-09-08 10:24:28.164001 +00:00,166,2.693,3.5649998
2025-09-03 08:12:47.378001 +00:00,166,1.608,1.7800001
2025-09-11 13:40:13.059001 +00:00,166,8.521,2.471
2025-09-08 10:25:23.032001 +00:00,166,11.9470005,4.9319997
2025-09-03 08:13:47.585001 +00:00,166,1.628,4.363
2025-09-03 08:13:47.585001 +00:00,166,1.897,4.363
2025-09-03 08:13:47.585001 +00:00,166,1.647,4.363
2025-09-10 06:49:38.229001 +00:00,166,1.758,1.725
2025-09-10 10:57:22.282001 +00:00,166,1.475,1.76
2025-09-10 10:57:22.282001 +00:00,166,1.814,1.76
2025-09-04 08:13:20.382001 +00:00,166,1.754,2.091
2025-09-10 08:29:41.847001 +00:00,166,1.682,1.707
2025-09-05 12:02:20.478001 +00:00,166,1.993,4.9100003
2025-09-10 07:15:35.191001 +00:00,166,1.513,1.648
2025-09-10 10:12:31.261001 +00:00,166,7.229,1.689
2025-09-04 07:17:16.156001 +00:00,166,1.666,1.846
2025-09-08 08:27:10.829001 +00:00,166,1.871,7.768
2025-09-03 10:14:20.436001 +00:00,166,2.024,1.6899999
2025-09-03 10:14:20.436001 +00:00,166,1.861,1.6899999
2025-09-05 12:49:46.238001 +00:00,166,7.7860003,11.649
2025-09-08 08:27:10.829001 +00:00,166,1.809,7.768
2025-09-10 09:04:39.735001 +00:00,166,5.403,4.9430003
2025-09-10 08:00:56.365001 +00:00,166,1.65,2.651
2025-09-10 09:03:57.279001 +00:00,166,1.962,7.0270004
2025-09-10 09:03:57.279001 +00:00,166,6.179,7.0270004
2025-09-10 09:03:57.279001 +00:00,166,1.717,7.0270004
2025-09-10 08:29:12.036001 +00:00,166,1.65,1.774
2025-09-05 12:50:43.088001 +00:00,166,5.2149997,13.58
2025-09-10 09:03:37.299001 +00:00,166,1.928,1.875
2025-09-10 09:03:37.299001 +00:00,166,1.862,1.875
2025-09-03 11:00:21.030001 +00:00,166,1.833,2.024
2025-09-03 11:00:21.030001 +00:00,166,8.181,2.024
2025-09-10 10:57:22.281001 +00:00,165,2.2770002,1.76
2025-09-03 08:46:23.547001 +00:00,165,1.639,1.6700001
2025-09-03 06:58:15.811001 +00:00,165,1.597,2.48
2025-09-05 12:50:43.087001 +00:00,165,8.441,13.58
2025-09-03 08:12:12.039001 +00:00,165,1.6420001,1.8100001
2025-09-10 08:29:12.035001 +00:00,165,3.633,1.774
2025-09-08 08:27:10.828001 +00:00,165,13.761,7.768
2025-09-03 11:00:21.029001 +00:00,165,1.917,2.024
2025-09-10 08:29:12.035001 +00:00,165,16.705,1.774
2025-09-03 08:12:12.039001 +00:00,165,2.902,1.8100001
2025-10-03 09:43:24.200001 +00:00,165,1.942,1.5389999
2025-09-08 08:28:03.323001 +00:00,165,1.573,4.9589996
2025-09-05 12:02:20.477001 +00:00,165,1.756,4.9100003
2025-09-08 10:22:51.102001 +00:00,165,2.204,2.596
2025-09-10 08:29:41.846001 +00:00,165,8.9210005,1.707
2025-09-03 08:46:50.464001 +00:00,165,1.8019999,7.268
2025-09-04 07:16:56.139001 +00:00,165,7.611,4.393
2025-09-04 07:18:03.249001 +00:00,165,1.536,1.571
2025-09-10 07:15:35.190001 +00:00,165,4.519,1.648
2025-09-03 08:46:50.464001 +00:00,165,2.226,7.268
2025-09-03 08:46:23.547001 +00:00,165,3.936,1.6700001
2025-09-10 07:15:35.190001 +00:00,165,1.619,1.648
2025-10-03 09:43:05.009001 +00:00,165,7.3910003,1.7409999
2025-09-10 10:12:31.260001 +00:00,165,1.7190001,1.689
2025-09-10 10:12:31.260001 +00:00,165,1.693,1.689
2025-10-03 09:44:28.649001 +00:00,165,1.712,4.9760003
2025-10-03 09:44:28.649001 +00:00,165,1.829,4.9760003
2025-10-03 09:43:05.009001 +00:00,165,1.606,1.7409999
2025-10-03 09:44:28.648001 +00:00,164,1.64,4.9760003
2025-09-10 08:00:24.995001 +00:00,164,1.7770001,1.523
2025-09-03 08:13:47.583001 +00:00,164,1.656,4.363
2025-09-10 10:12:31.259001 +00:00,164,1.668,1.689
2025-09-10 07:14:23.132001 +00:00,164,3.0509999,2.8109999
2025-09-10 08:00:24.995001 +00:00,164,1.678,1.523
2025-09-03 06:58:15.810001 +00:00,164,1.638,2.48
2025-09-03 06:58:15.810001 +00:00,164,1.732,2.48
2025-09-04 07:18:03.248001 +00:00,164,8.448,1.571
2025-09-03 10:14:20.434001 +00:00,164,1.985,1.6899999
2025-09-03 10:14:20.434001 +00:00,164,1.724,1.6899999
2025-09-10 09:03:37.297001 +00:00,164,4.524,1.875
2025-09-08 10:24:12.976001 +00:00,164,1.702,1.531
2025-09-08 10:24:28.162001 +00:00,164,5.587,3.5649998
2025-09-10 06:49:28.465001 +00:00,164,1.726,7.127
2025-09-08 08:28:03.322001 +00:00,164,5.12,4.9589996
2025-10-03 09:44:28.648001 +00:00,164,4.0950003,4.9760003
2025-09-10 10:13:08.426001 +00:00,164,1.663,1.64
2025-09-05 12:50:43.086001 +00:00,164,1.963,13.58
2025-09-10 10:12:08.507001 +00:00,164,1.484,1.648
2025-09-05 11:46:25.161001 +00:00,164,1.7379999,1.832
2025-09-10 07:14:23.132001 +00:00,164,3.102,2.8109999
2025-09-10 07:14:23.132001 +00:00,164,1.582,2.8109999
2025-09-10 09:04:39.733001 +00:00,164,2.445,4.9430003
2025-09-03 08:47:28.336001 +00:00,164,1.623,1.717
2025-09-10 10:57:38.573001 +00:00,164,1.64,1.931
2025-09-08 10:22:51.101001 +00:00,164,11.9470005,2.596
2025-09-03 10:14:20.434001 +00:00,164,3.187,1.6899999
2025-09-05 12:02:20.476001 +00:00,164,1.7199999,4.9100003
2025-09-10 08:00:56.363001 +00:00,164,1.575,2.651
2025-09-11 13:32:56.537001 +00:00,164,,
2025-09-10 09:03:57.277001 +00:00,164,1.5519999,7.0270004
2025-09-11 13:32:56.537001 +00:00,164,,
2025-09-10 10:57:22.280001 +00:00,164,1.571,1.76
2025-09-10 08:00:56.363001 +00:00,164,1.6700001,2.651
2025-09-11 14:16:19.400001 +00:00,164,,
2025-09-10 08:00:24.995001 +00:00,164,2.464,1.523
2025-09-10 08:29:41.845001 +00:00,164,5.092,1.707
2025-10-03 09:43:24.199001 +00:00,164,1.748,1.5389999
2025-10-03 09:43:24.199001 +00:00,164,1.684,1.5389999
2025-09-10 10:58:12.739001 +00:00,163,1.6880001,3.878
2025-09-10 07:14:23.131001 +00:00,163,1.6949999,2.8109999
2025-09-10 10:57:38.572001 +00:00,163,3.8960001,1.931
2025-09-03 08:47:28.335001 +00:00,163,5.599,1.717
2025-09-03 08:46:23.545001 +00:00,163,1.6589999,1.6700001
2025-09-08 10:24:28.161001 +00:00,163,4.6780005,3.5649998
2025-09-05 12:02:20.475001 +00:00,163,8.495,4.9100003
2025-09-10 09:03:37.296001 +00:00,163,1.6459999,1.875
2025-09-04 07:16:56.137001 +00:00,163,1.718,4.393
2025-09-10 08:00:24.994001 +00:00,163,14.377,1.523
2025-10-03 09:43:24.198001 +00:00,163,1.866,1.5389999
2025-09-10 09:04:39.732001 +00:00,163,1.529,4.9430003
2025-09-10 10:57:22.279001 +00:00,163,7.749,1.76
2025-09-10 09:04:39.732001 +00:00,163,8.576,4.9430003
2025-09-10 09:03:57.276001 +00:00,163,3.455,7.0270004
2025-09-04 07:17:16.153001 +00:00,163,3.567,1.846
2025-09-08 08:28:03.321001 +00:00,163,2.361,4.9589996
2025-09-10 09:03:37.296001 +00:00,163,1.668,1.875
2025-09-03 06:58:25.292001 +00:00,163,2.695,1.816
2025-09-10 09:04:39.732001 +00:00,163,1.63,4.9430003
2025-09-03 08:12:47.375001 +00:00,163,2.122,1.7800001
2025-09-03 10:14:44.512001 +00:00,163,8.705,2.0049999
2025-09-08 10:25:23.029001 +00:00,163,2.265,4.9319997
2025-09-05 11:46:46.497001 +00:00,163,1.672,7.724
2025-09-03 10:14:20.433001 +00:00,163,2.199,1.6899999
2025-09-03 11:00:21.027001 +00:00,163,1.863,2.024
2025-09-08 10:24:28.161001 +00:00,163,2.9229999,3.5649998
2025-09-10 10:13:08.424001 +00:00,162,1.9720001,1.64
2025-09-05 11:46:46.496001 +00:00,162,2.099,7.724
2025-09-05 12:49:46.234001 +00:00,162,6.732,11.649
2025-09-05 12:49:46.234001 +00:00,162,5.6099997,11.649
2025-09-04 07:17:16.152001 +00:00,162,1.636,1.846
2025-09-08 10:24:12.974001 +00:00,162,5.37,1.531
2025-09-10 10:12:08.505001 +00:00,162,7.231,1.648
2025-09-04 08:14:46.609001 +00:00,162,1.4929999,7.1809998
2025-09-10 08:00:06.373001 +00:00,162,2.651,1.628
2025-09-10 09:03:57.275001 +00:00,162,1.8050001,7.0270004
2025-09-08 10:25:23.028001 +00:00,162,4.2460003,4.9319997
2025-09-05 11:47:30.017001 +00:00,162,1.832,5.509
2025-09-03 06:58:15.808001 +00:00,162,2.695,2.48
2025-09-10 10:57:38.571001 +00:00,162,1.6459999,1.931
2025-09-04 08:13:44.041001 +00:00,162,1.783,8.603
2025-09-10 07:14:23.130001 +00:00,162,1.771,2.8109999
2025-09-03 11:00:21.026001 +00:00,162,1.928,2.024
2025-09-10 07:15:35.187001 +00:00,162,1.701,1.648
2025-09-03 06:58:25.291001 +00:00,162,1.908,1.816
2025-09-10 08:28:49.111001 +00:00,162,1.58,1.886
2025-09-10 06:49:28.463001 +00:00,162,1.718,7.127
2025-10-03 09:44:28.646001 +00:00,162,2.474,4.9760003
2025-09-10 06:49:38.225001 +00:00,162,1.567,1.725
2025-09-10 06:49:28.463001 +00:00,162,2.665,7.127
2025-09-03 08:12:12.036001 +00:00,162,1.939,1.8100001
2025-09-10 07:14:23.130001 +00:00,162,6.618,2.8109999
2025-09-03 08:13:47.581001 +00:00,162,3.9220002,4.363
2025-09-08 08:27:10.825001 +00:00,162,5.9329996,7.768
2025-09-03 08:47:28.334001 +00:00,162,1.7049999,1.717
2025-09-03 08:47:28.334001 +00:00,162,1.8729999,1.717
2025-09-04 07:18:03.246001 +00:00,162,6.4480004,1.571
2025-09-10 10:57:22.278001 +00:00,162,1.6240001,1.76
2025-09-08 08:27:10.825001 +00:00,162,1.6730001,7.768
2025-09-10 10:57:22.277001 +00:00,161,1.625,1.76
2025-09-03 06:58:15.807001 +00:00,161,1.9769999,2.48
2025-09-10 07:14:23.129001 +00:00,161,1.5960001,2.8109999
2025-09-05 12:49:46.233001 +00:00,161,2.15,11.649
2025-09-10 08:29:12.031001 +00:00,161,14.482,1.774
2025-09-10 08:29:12.031001 +00:00,161,6.012,1.774
2025-09-10 08:29:12.031001 +00:00,161,1.667,1.774
2025-09-03 10:14:44.510001 +00:00,161,6.668,2.0049999
2025-09-10 07:14:42.514001 +00:00,161,1.926,1.643
2025-09-08 08:27:10.824001 +00:00,161,1.608,7.768
2025-10-03 09:43:05.005001 +00:00,161,1.6439999,1.7409999
2025-09-03 08:12:47.373001 +00:00,161,1.7989999,1.7800001
2025-09-10 08:29:41.842001 +00:00,161,1.678,1.707
2025-09-03 08:12:47.373001 +00:00,161,1.626,1.7800001
2025-09-04 08:14:46.608001 +00:00,161,2.091,7.1809998
2025-09-04 08:14:46.608001 +00:00,161,1.783,7.1809998
2025-09-11 14:16:19.397001 +00:00,161,,
2025-09-11 13:32:44.885001 +00:00,161,,
2025-09-04 07:16:56.135001 +00:00,161,1.8690001,4.393
2025-09-03 08:13:47.580001 +00:00,161,1.6420001,4.363
2025-09-03 08:13:47.580001 +00:00,161,1.717,4.363
2025-09-04 07:18:03.245001 +00:00,161,1.666,1.571
2025-09-04 07:16:56.135001 +00:00,161,35.453,4.393
2025-09-10 10:57:22.277001 +00:00,161,1.718,1.76
2025-10-03 09:43:24.196001 +00:00,161,1.712,1.5389999
2025-09-10 10:57:22.277001 +00:00,161,1.74,1.76
2025-09-10 09:04:39.730001 +00:00,161,1.6769999,4.9430003
2025-09-10 09:04:39.730001 +00:00,161,1.652,4.9430003
2025-09-10 09:04:39.730001 +00:00,161,4.021,4.9430003
2025-09-10 09:04:39.730001 +00:00,161,1.798,4.9430003
2025-09-08 10:24:12.973001 +00:00,161,3.67,1.531
2025-09-05 11:46:25.158001 +00:00,161,1.529,1.832
2025-09-05 12:50:43.083001 +00:00,161,2.572,13.58
2025-09-10 09:03:37.294001 +00:00,161,1.707,1.875
2025-09-10 07:14:23.129001 +00:00,161,1.528,2.8109999
2025-09-10 09:03:37.293001 +00:00,160,1.529,1.875
2025-09-05 11:46:46.494001 +00:00,160,1.898,7.724
2025-09-05 12:50:43.082001 +00:00,160,1.947,13.58
2025-09-03 08:46:50.459001 +00:00,160,6.757,7.268
2025-09-05 11:47:30.015001 +00:00,160,1.956,5.509
2025-09-10 08:28:49.109001 +00:00,160,1.5600001,1.886
2025-09-08 08:27:10.823001 +00:00,160,1.571,7.768
2025-10-03 09:43:05.004001 +00:00,160,1.698,1.7409999
2025-09-11 13:39:36.573001 +00:00,160,7.313,1.7
2025-09-10 07:14:42.513001 +00:00,160,1.51,1.643
2025-09-10 07:14:42.513001 +00:00,160,1.82,1.643
2025-09-08 08:27:28.221001 +00:00,160,1.798,1.787
2025-09-03 08:13:47.579001 +00:00,160,1.7989999,4.363
2025-09-10 10:13:08.422001 +00:00,160,1.909,1.64
2025-09-10 06:49:38.223001 +00:00,160,1.89,1.725
2025-09-10 08:00:06.371001 +00:00,160,2.946,1.628
2025-09-08 10:24:12.972001 +00:00,160,2.048,1.531
2025-09-05 12:49:46.232001 +00:00,160,5.2149997,11.649
2025-09-08 10:24:28.158001 +00:00,160,2.273,3.5649998
2025-09-08 10:22:51.097001 +00:00,160,3.8739998,2.596
2025-09-03 11:41:46.078001 +00:00,160,1.782,5.493
2025-09-04 08:14:46.607001 +00:00,160,1.714,7.1809998
2025-09-03 06:58:15.806001 +00:00,160,2.6859999,2.48
2025-09-05 12:49:46.232001 +00:00,160,5.526,11.649
2025-09-04 07:17:16.150001 +00:00,160,8.298,1.846
2025-09-04 07:17:16.150001 +00:00,160,2.334,1.846
2025-09-03 08:13:47.579001 +00:00,160,1.626,4.363
2025-09-03 10:15:23.779001 +00:00,159,1.679,3.943
2025-09-11 13:40:13.052001 +00:00,159,1.591,2.471
2025-09-08 08:27:28.220001 +00:00,159,1.729,1.787
2025-09-08 08:27:28.220001 +00:00,159,2.7910001,1.787
2025-09-08 08:27:28.220001 +00:00,159,3.819,1.787
2025-09-11 13:32:56.532001 +00:00,159,,
2025-09-10 07:15:35.184001 +00:00,159,1.521,1.648
2025-09-10 08:00:56.358001 +00:00,159,1.534,2.651
2025-09-08 10:24:12.971001 +00:00,159,2.693,1.531
2025-09-11 13:32:56.532001 +00:00,159,,
2025-09-03 10:15:23.779001 +00:00,159,3.6520002,3.943
2025-09-08 10:25:23.025001 +00:00,159,2.246,4.9319997
2025-09-03 08:12:47.371001 +00:00,159,1.6880001,1.7800001
2025-09-04 08:13:44.038001 +00:00,159,1.663,8.603
2025-09-04 07:17:16.149001 +00:00,159,1.7160001,1.846
2025-09-03 11:00:21.023001 +00:00,159,2.259,2.024
2025-09-03 08:46:23.541001 +00:00,159,1.9120001,1.6700001
2025-09-04 08:13:20.375001 +00:00,159,2.117,2.091
2025-09-10 09:03:57.272001 +00:00,159,1.59,7.0270004
2025-09-10 10:58:12.735001 +00:00,159,1.549,3.878
2025-09-08 10:24:12.971001 +00:00,159,3.905,1.531
2025-09-10 06:49:28.460001 +00:00,159,4.86,7.127
2025-09-03 06:58:15.805001 +00:00,159,1.8299999,2.48
2025-09-08 08:28:03.317001 +00:00,159,1.6880001,4.9589996
2025-09-05 11:46:46.493001 +00:00,159,2.233,7.724
2025-09-05 12:50:43.081001 +00:00,159,5.4199996,13.58
2025-09-11 13:32:44.883001 +00:00,159,,
2025-09-10 10:12:31.254001 +00:00,159,1.54,1.689
2025-09-10 08:00:24.990001 +00:00,159,1.623,1.523
2025-09-10 08:28:49.107001 +00:00,158,7.507,1.886
2025-09-03 06:58:15.804001 +00:00,158,4.924,2.48
2025-09-03 08:46:50.457001 +00:00,158,1.672,7.268
2025-09-05 12:50:05.679001 +00:00,158,2.161,2.8999999
2025-09-04 07:16:56.132001 +00:00,158,1.526,4.393
2025-09-03 08:12:12.032001 +00:00,158,1.8050001,1.8100001
2025-09-10 09:03:37.291001 +00:00,158,1.6589999,1.875
2025-09-03 11:00:21.022001 +00:00,158,2.607,2.024
2025-09-03 11:00:21.022001 +00:00,158,7.738,2.024
2025-09-10 09:04:39.727001 +00:00,158,1.9,4.9430003
2025-09-03 11:00:21.022001 +00:00,158,8.705,2.024
2025-09-08 10:22:51.095001 +00:00,158,4.902,2.596
2025-09-11 13:32:56.531001 +00:00,158,1.5879999,
2025-10-03 09:43:24.193001 +00:00,158,2.474,1.5389999
2025-10-03 09:44:28.642001 +00:00,158,6.644,4.9760003
2025-09-03 08:12:47.370001 +00:00,158,1.844,1.7800001
2025-09-04 08:13:20.374001 +00:00,158,1.707,2.091
2025-09-04 08:13:20.374001 +00:00,158,1.755,2.091
2025-09-03 08:13:47.577001 +00:00,158,1.6880001,4.363
2025-09-04 08:13:20.374001 +00:00,158,1.835,2.091
2025-09-10 10:58:12.734001 +00:00,158,1.64,3.878
2025-09-10 07:14:23.126001 +00:00,158,1.726,2.8109999
2025-09-11 13:32:44.882001 +00:00,158,,
2025-10-03 09:44:28.642001 +00:00,158,1.7409999,4.9760003
2025-09-10 09:03:57.271001 +00:00,158,1.549,7.0270004
2025-09-10 10:13:08.420001 +00:00,158,3.0340002,1.64
2025-09-08 08:27:28.219001 +00:00,158,7.233,1.787
2025-09-11 13:32:44.882001 +00:00,158,,
2025-09-10 10:57:22.273001 +00:00,157,1.851,1.76
2025-09-10 08:29:12.027001 +00:00,157,1.682,1.774
2025-09-10 06:49:38.220001 +00:00,157,1.7160001,1.725
2025-09-08 08:28:03.315001 +00:00,157,1.5500001,4.9589996
2025-09-08 08:28:03.315001 +00:00,157,3.918,4.9589996
2025-09-10 10:13:08.419001 +00:00,157,1.601,1.64
2025-09-03 08:46:23.539001 +00:00,157,1.7190001,1.6700001
2025-10-03 09:43:05.001001 +00:00,157,1.782,1.7409999
2025-09-10 07:14:42.510001 +00:00,157,1.6589999,1.643
2025-09-08 08:28:03.315001 +00:00,157,1.864,4.9589996
2025-09-05 12:02:20.469001 +00:00,157,2.7940001,4.9100003
2025-09-03 08:46:23.539001 +00:00,157,2.064,1.6700001
2025-09-10 06:49:28.458001 +00:00,157,3.546,7.127
2025-09-10 06:49:28.458001 +00:00,157,1.567,7.127
2025-09-11 13:32:56.530001 +00:00,157,,
2025-09-08 08:27:28.218001 +00:00,157,1.573,1.787
2025-09-08 08:27:28.218001 +00:00,157,6.935,1.787
2025-10-03 09:43:24.192001 +00:00,157,2.607,1.5389999
2025-09-08 10:22:51.094001 +00:00,157,3.071,2.596
2025-09-08 10:25:23.023001 +00:00,157,4.134,4.9319997
2025-09-10 10:57:22.273001 +00:00,157,12.943,1.76
2025-09-03 08:47:28.329001 +00:00,157,1.676,1.717
2025-09-04 07:17:16.147001 +00:00,157,1.927,1.846
2025-09-10 10:58:12.733001 +00:00,157,1.548,3.878
2025-09-08 10:22:51.094001 +00:00,157,11.54,2.596
2025-09-03 10:14:20.427001 +00:00,157,1.7160001,1.6899999
2025-09-03 10:14:20.427001 +00:00,157,1.851,1.6899999
2025-09-04 07:16:56.131001 +00:00,157,1.63,4.393
2025-09-10 08:29:41.838001 +00:00,157,1.9829999,1.707
2025-09-10 10:57:38.565001 +00:00,156,4.466,1.931
2025-09-08 08:27:28.217001 +00:00,156,3.493,1.787
2025-09-08 08:27:28.217001 +00:00,156,1.498,1.787
2025-09-03 11:00:21.020001 +00:00,156,6.544,2.024
2025-09-04 07:18:03.240001 +00:00,156,8.298,1.571
2025-09-04 07:18:03.240001 +00:00,156,5.346,1.571
2025-09-10 10:12:31.251001 +00:00,156,1.798,1.689
2025-09-11 13:32:56.529001 +00:00,156,,
2025-09-08 10:24:28.154001 +00:00,156,3.8739998,3.5649998
2025-09-08 10:24:12.968001 +00:00,156,2.9229999,1.531
2025-09-03 08:46:23.538001 +00:00,156,1.728,1.6700001
2025-09-05 11:47:30.011001 +00:00,156,2.049,5.509
2025-09-05 11:47:30.011001 +00:00,156,1.509,5.509
2025-09-05 12:50:43.078001 +00:00,156,1.929,13.58
2025-09-10 10:57:38.565001 +00:00,156,1.666,1.931
2025-09-10 07:14:42.509001 +00:00,156,1.567,1.643
2025-09-10 07:14:42.509001 +00:00,156,1.782,1.643
2025-09-10 10:13:08.418001 +00:00,156,1.739,1.64
2025-09-10 10:13:08.418001 +00:00,156,1.672,1.64
2025-09-10 08:29:12.026001 +00:00,156,7.389,1.774
2025-09-10 08:29:12.026001 +00:00,156,1.666,1.774
2025-09-03 11:42:22.772001 +00:00,156,1.708,1.717
2025-09-03 06:58:25.285001 +00:00,156,1.853,1.816
2025-09-10 08:28:49.105001 +00:00,156,2.711,1.886
2025-09-11 13:40:13.049001 +00:00,156,1.571,2.471
2025-09-10 08:00:56.355001 +00:00,156,2.3600001,2.651
2025-09-03 06:58:15.802001 +00:00,156,3.612,2.48
2025-09-10 09:03:57.269001 +00:00,156,5.363,7.0270004
2025-09-10 10:58:12.732001 +00:00,156,3.8960001,3.878
2025-09-10 10:58:12.732001 +00:00,156,1.6459999,3.878
2025-09-10 08:00:24.987001 +00:00,156,2.539,1.523
2025-09-10 08:00:24.987001 +00:00,156,9.7890005,1.523
2025-09-10 08:00:24.987001 +00:00,156,3.2510002,1.523
2025-09-04 07:17:16.146001 +00:00,156,5.129,1.846
2025-09-10 09:03:37.289001 +00:00,156,2.08,1.875
2025-09-11 13:39:36.569001 +00:00,156,1.949,1.7
2025-09-10 10:12:08.499001 +00:00,156,1.63,1.648
2025-09-10 10:12:08.499001 +00:00,156,5.134,1.648
2025-09-05 11:46:25.153001 +00:00,156,8.29,1.832
2025-09-08 08:27:28.217001 +00:00,156,1.7190001,1.787
2025-09-10 10:57:22.272001 +00:00,156,1.666,1.76
2025-09-08 10:25:23.022001 +00:00,156,4.607,4.9319997
2025-09-11 13:32:56.529001 +00:00,156,,
2025-09-08 08:27:28.217001 +00:00,156,1.561,1.787
2025-09-03 10:14:20.425001 +00:00,155,1.878,1.6899999
2025-09-10 08:28:49.104001 +00:00,155,1.65,1.886
2025-09-11 14:16:19.391001 +00:00,155,,
2025-09-10 07:15:35.180001 +00:00,155,1.771,1.648
2025-09-03 08:46:50.454001 +00:00,155,1.7770001,7.268
2025-09-10 08:29:41.836001 +00:00,155,1.819,1.707
2025-09-10 08:29:41.836001 +00:00,155,1.798,1.707
2025-10-03 09:43:24.190001 +00:00,155,2.151,1.5389999
2025-09-03 06:58:15.801001 +00:00,155,1.831,2.48
2025-09-04 07:18:03.239001 +00:00,155,5.252,1.571
2025-09-11 13:32:44.879001 +00:00,155,,
2025-09-10 10:12:08.498001 +00:00,155,7.667,1.648
2025-09-10 10:12:08.498001 +00:00,155,7.295,1.648
2025-09-10 06:49:28.456001 +00:00,155,1.7310001,7.127
2025-09-11 13:39:36.568001 +00:00,155,1.696,1.7
2025-09-08 10:24:12.967001 +00:00,155,1.832,1.531
2025-09-10 10:12:31.250001 +00:00,155,2.184,1.689
2025-09-05 11:47:30.010001 +00:00,155,1.569,5.509
2025-09-05 11:46:25.152001 +00:00,155,1.718,1.832
2025-09-10 10:57:22.271001 +00:00,155,1.647,1.76
2025-09-10 08:28:49.104001 +00:00,155,1.9690001,1.886
2025-09-10 08:28:49.104001 +00:00,155,6.6280003,1.886
2025-09-08 10:25:23.021001 +00:00,155,5.029,4.9319997
2025-09-08 10:25:23.021001 +00:00,155,1.7770001,4.9319997
2025-09-03 11:42:22.771001 +00:00,155,1.713,1.717
2025-09-10 08:29:41.836001 +00:00,155,1.736,1.707
2025-09-10 07:15:35.179001 +00:00,154,3.925,1.648
2025-09-10 06:49:38.217001 +00:00,154,1.832,1.725
2025-09-10 10:13:08.416001 +00:00,154,2.3930001,1.64
2025-09-04 08:13:20.370001 +00:00,154,1.905,2.091
2025-09-08 08:28:03.312001 +00:00,154,1.793,4.9589996
2025-09-05 12:02:20.466001 +00:00,154,7.3799996,4.9100003
2025-09-03 08:46:50.453001 +00:00,154,1.643,7.268
2025-09-03 08:46:50.453001 +00:00,154,1.733,7.268
2025-09-03 08:46:50.453001 +00:00,154,1.672,7.268
2025-09-05 11:47:30.009001 +00:00,154,2.0649998,5.509
2025-09-04 08:14:46.601001 +00:00,154,1.5600001,7.1809998
2025-09-10 07:15:35.179001 +00:00,154,1.528,1.648
2025-09-10 07:15:35.179001 +00:00,154,6.618,1.648
2025-09-04 07:18:03.238001 +00:00,154,4.979,1.571
2025-09-04 07:18:03.238001 +00:00,154,1.645,1.571
2025-09-03 08:13:47.573001 +00:00,154,6.673,4.363
2025-09-08 10:22:51.091001 +00:00,154,5.092,2.596
2025-09-08 10:22:51.091001 +00:00,154,1.853,2.596
2025-09-03 08:47:28.326001 +00:00,154,12.254,1.717
2025-09-08 10:25:23.020001 +00:00,154,11.701,4.9319997
2025-09-05 11:46:25.151001 +00:00,154,8.204,1.832
2025-09-05 11:46:25.151001 +00:00,154,5.224,1.832
2025-09-10 08:00:24.985001 +00:00,154,2.0330002,1.523
2025-09-10 08:29:41.835001 +00:00,154,2.275,1.707
2025-09-10 08:00:56.353001 +00:00,154,1.6270001,2.651
2025-09-10 08:00:56.353001 +00:00,154,1.573,2.651
2025-09-11 13:39:46.402001 +00:00,154,1.623,2.608
2025-09-08 10:24:12.966001 +00:00,154,28.068,1.531
2025-09-08 10:24:12.966001 +00:00,154,2.763,1.531
2025-09-10 09:04:39.723001 +00:00,154,1.7190001,4.9430003
2025-09-04 07:16:56.128001 +00:00,154,2.44,4.393
2025-09-04 07:16:56.128001 +00:00,154,3.902,4.393
2025-09-04 07:16:56.128001 +00:00,154,1.91,4.393
2025-09-04 07:16:56.128001 +00:00,154,1.528,4.393
2025-09-10 09:03:57.267001 +00:00,154,8.576,7.0270004
2025-09-10 08:28:49.103001 +00:00,154,16.705,1.886
2025-09-03 08:12:47.366001 +00:00,154,1.911,1.7800001
2025-09-03 08:12:47.366001 +00:00,154,2.018,1.7800001
2025-09-03 10:14:44.503001 +00:00,154,2.188,2.0049999
2025-09-05 11:46:46.488001 +00:00,154,1.7379999,7.724
2025-09-11 13:32:44.878001 +00:00,154,,
2025-09-11 13:32:44.878001 +00:00,154,,
2025-09-04 08:13:44.033001 +00:00,154,1.556,8.603
2025-09-04 08:13:44.033001 +00:00,154,4.421,8.603
2025-09-10 07:14:23.122001 +00:00,154,1.5960001,2.8109999
2025-09-10 06:49:38.217001 +00:00,154,2.806,1.725
2025-09-10 06:49:38.217001 +00:00,154,1.7839999,1.725
2025-09-10 10:12:08.496001 +00:00,153,1.601,1.648
2025-09-08 10:22:51.090001 +00:00,153,4.607,2.596
2025-09-05 11:46:46.487001 +00:00,153,7.744,7.724
2025-09-10 07:15:35.178001 +00:00,153,1.5960001,1.648
2025-09-10 07:14:23.121001 +00:00,153,1.7,2.8109999
2025-09-05 11:47:30.008001 +00:00,153,1.8050001,5.509
2025-09-03 10:15:23.773001 +00:00,153,1.837,3.943
2025-09-03 10:15:23.773001 +00:00,153,4.485,3.943
2025-09-10 10:13:08.415001 +00:00,153,1.819,1.64
2025-09-03 08:46:50.452001 +00:00,153,1.8690001,7.268
2025-09-03 08:46:50.452001 +00:00,153,1.781,7.268
2025-09-03 10:15:23.773001 +00:00,153,2.479,3.943
2025-09-10 07:14:23.121001 +00:00,153,1.82,2.8109999
2025-09-10 07:14:42.506001 +00:00,153,7.7,1.643
2025-09-08 10:22:51.090001 +00:00,153,4.134,2.596
2025-09-03 10:15:23.773001 +00:00,153,2.026,3.943
2025-09-10 10:13:08.415001 +00:00,153,1.514,1.64
2025-09-10 10:12:08.496001 +00:00,153,7.183,1.648
2025-09-03 06:58:25.282001 +00:00,153,1.938,1.816
2025-09-10 06:49:38.216001 +00:00,153,1.913,1.725
2025-09-10 07:14:23.121001 +00:00,153,1.51,2.8109999
2025-09-04 08:13:44.032001 +00:00,153,1.704,8.603
2025-09-10 08:29:12.023001 +00:00,153,1.543,1.774
2025-09-03 06:58:15.799001 +00:00,153,1.674,2.48
2025-10-03 09:44:28.637001 +00:00,153,2.064,4.9760003
2025-09-03 06:58:15.799001 +00:00,153,1.722,2.48
2025-09-10 08:00:24.984001 +00:00,153,1.49,1.523
2025-09-10 09:03:57.266001 +00:00,153,1.63,7.0270004
2025-09-05 12:50:05.674001 +00:00,153,4.302,2.8999999
2025-09-08 10:24:28.151001 +00:00,153,3.071,3.5649998
2025-09-08 10:24:12.965001 +00:00,153,2.204,1.531
2025-09-11 13:32:56.526001 +00:00,153,,
2025-09-08 10:24:12.965001 +00:00,153,2.273,1.531
2025-09-03 10:14:20.423001 +00:00,153,5.064,1.6899999
2025-09-08 10:22:51.090001 +00:00,153,1.7770001,2.596
2025-09-04 07:16:56.127001 +00:00,153,2.57,4.393
2025-09-04 07:17:16.143001 +00:00,153,1.718,1.846
2025-09-04 07:18:03.237001 +00:00,153,1.779,1.571
2025-09-03 08:12:12.026001 +00:00,152,8.502,1.8100001
2025-09-08 10:24:28.150001 +00:00,152,2.246,3.5649998
2025-09-04 07:16:56.126001 +00:00,152,1.846,4.393
2025-09-08 10:24:12.964001 +00:00,152,1.927,1.531
2025-09-11 13:32:56.525001 +00:00,152,,
2025-09-11 13:32:56.525001 +00:00,152,,
2025-09-03 10:14:20.422001 +00:00,152,3.082,1.6899999
2025-09-10 08:00:24.983001 +00:00,152,1.813,1.523
2025-09-10 08:00:24.983001 +00:00,152,3.996,1.523
2025-09-10 08:00:24.983001 +00:00,152,1.664,1.523
2025-09-10 10:58:12.728001 +00:00,152,1.599,3.878
2025-09-05 12:50:43.074001 +00:00,152,4.8830004,13.58
2025-09-10 10:58:12.728001 +00:00,152,1.5999999,3.878
2025-09-03 10:15:23.772001 +00:00,152,1.9480001,3.943
2025-10-03 09:44:28.636001 +00:00,152,1.5780001,4.9760003
2025-09-05 12:49:46.224001 +00:00,152,4.5099998,11.649
2025-09-05 12:49:46.224001 +00:00,152,2.724,11.649
2025-09-08 10:25:23.018001 +00:00,152,2.957,4.9319997
2025-09-03 08:47:28.324001 +00:00,152,1.77,1.717
2025-09-03 08:13:47.571001 +00:00,152,1.628,4.363
2025-09-04 07:18:03.236001 +00:00,152,1.7409999,1.571
2025-10-03 09:43:24.187001 +00:00,152,1.5389999,1.5389999
2025-09-05 12:50:43.074001 +00:00,152,3.8769999,13.58
2025-09-05 11:47:30.007001 +00:00,152,1.728,5.509
2025-09-10 10:57:38.561001 +00:00,152,1.7989999,1.931
2025-09-03 06:58:25.281001 +00:00,152,5.229,1.816
2025-09-03 08:46:23.534001 +00:00,152,2.376,1.6700001
2025-09-10 08:29:12.022001 +00:00,152,2.126,1.774
2025-09-10 09:03:57.265001 +00:00,152,11.368,7.0270004
2025-09-10 09:03:57.265001 +00:00,152,1.798,7.0270004
2025-09-10 10:57:22.267001 +00:00,151,1.63,1.76
2025-10-03 09:44:28.635001 +00:00,151,7.258,4.9760003
2025-09-03 06:58:25.280001 +00:00,151,3.488,1.816
2025-10-03 09:43:04.995001 +00:00,151,1.684,1.7409999
2025-09-11 13:32:44.875001 +00:00,151,,
2025-09-11 13:32:44.875001 +00:00,151,1.667,
2025-09-10 10:58:12.727001 +00:00,151,1.597,3.878
2025-09-10 10:57:38.560001 +00:00,151,1.6420001,1.931
2025-09-03 08:46:23.533001 +00:00,151,1.965,1.6700001
2025-09-03 08:46:23.533001 +00:00,151,1.64,1.6700001
2025-09-03 08:46:50.450001 +00:00,151,7.747,7.268
2025-09-03 08:47:28.323001 +00:00,151,1.863,1.717
2025-09-10 10:12:08.494001 +00:00,151,1.689,1.648
2025-09-03 10:15:23.771001 +00:00,151,1.833,3.943
2025-09-03 10:15:23.771001 +00:00,151,1.9739999,3.943
2025-09-10 08:29:41.832001 +00:00,151,1.774,1.707
2025-09-03 11:00:21.015001 +00:00,151,14.051,2.024
2025-09-04 07:17:16.141001 +00:00,151,1.814,1.846
2025-09-04 07:17:16.141001 +00:00,151,35.453,1.846
2025-09-04 07:18:03.235001 +00:00,151,1.867,1.571
2025-09-10 07:15:35.176001 +00:00,151,7.184,1.648
2025-09-04 08:13:20.367001 +00:00,151,1.8119999,2.091
2025-09-04 08:13:44.030001 +00:00,151,1.576,8.603
2025-09-04 08:13:44.030001 +00:00,151,3.817,8.603
2025-09-04 08:13:44.030001 +00:00,151,1.601,8.603
2025-09-04 08:14:46.598001 +00:00,151,1.992,7.1809998
2025-09-04 08:14:46.598001 +00:00,151,1.6919999,7.1809998
2025-09-10 06:49:28.452001 +00:00,151,2.765,7.127
2025-09-05 11:46:25.148001 +00:00,151,1.909,1.832
2025-09-05 12:02:20.463001 +00:00,151,3.0640001,4.9100003
2025-09-05 12:50:43.073001 +00:00,151,4.415,13.58
2025-09-05 12:50:43.073001 +00:00,151,3.548,13.58
2025-10-03 09:44:28.634001 +00:00,150,1.721,4.9760003
2025-09-10 08:28:49.099001 +00:00,150,8.9210005,1.886
2025-09-11 13:32:44.874001 +00:00,150,,
2025-09-03 06:58:25.279001 +00:00,150,1.724,1.816
2025-09-03 06:58:25.279001 +00:00,150,2.7970002,1.816
2025-09-08 08:27:28.211001 +00:00,150,1.864,1.787
2025-09-08 08:27:28.211001 +00:00,150,1.5500001,1.787
2025-09-10 10:57:38.559001 +00:00,150,2.2770002,1.931
2025-09-10 10:58:12.726001 +00:00,150,4.466,3.878
2025-09-03 08:46:50.449001 +00:00,150,1.86,7.268
2025-09-05 12:02:20.462001 +00:00,150,2.472,4.9100003
2025-09-04 08:13:20.366001 +00:00,150,1.998,2.091
2025-09-11 13:40:13.043001 +00:00,150,1.623,2.471
2025-09-04 08:14:46.597001 +00:00,150,2.158,7.1809998
2025-09-08 10:24:28.148001 +00:00,150,1.5999999,3.5649998
2025-09-05 11:46:25.147001 +00:00,150,1.8119999,1.832
2025-09-10 10:58:12.726001 +00:00,150,1.622,3.878
2025-09-04 08:14:46.597001 +00:00,150,1.6459999,7.1809998
2025-09-10 08:00:06.361001 +00:00,150,1.47,1.628
2025-09-03 08:46:23.532001 +00:00,150,1.89,1.6700001
2025-09-03 06:58:25.279001 +00:00,150,10.095,1.816
2025-09-10 10:12:31.245001 +00:00,150,1.963,1.689
2025-09-10 07:14:42.503001 +00:00,150,1.571,1.643
2025-09-10 08:00:24.981001 +00:00,150,1.526,1.523
2025-09-10 07:15:35.175001 +00:00,150,1.519,1.648
2025-09-03 11:00:21.014001 +00:00,150,3.943,2.024
2025-09-08 10:24:28.148001 +00:00,150,3.759,3.5649998
2025-09-10 10:57:38.559001 +00:00,150,1.684,1.931
2025-09-03 10:15:23.770001 +00:00,150,2.1299999,3.943
2025-09-03 08:12:47.362001 +00:00,150,1.936,1.7800001
2025-09-08 10:25:23.016001 +00:00,150,3.772,4.9319997
2025-10-03 09:43:04.993001 +00:00,149,1.5239999,1.7409999
2025-09-03 08:46:23.531001 +00:00,149,1.717,1.6700001
2025-09-03 08:13:47.568001 +00:00,149,4.512,4.363
2025-09-08 10:24:12.961001 +00:00,149,4.052,1.531
2025-09-03 08:13:47.568001 +00:00,149,1.694,4.363
2025-09-05 12:50:43.071001 +00:00,149,7.371,13.58
2025-09-10 07:14:23.117001 +00:00,149,1.985,2.8109999
2025-09-04 07:18:03.233001 +00:00,149,1.718,1.571
2025-09-10 07:14:23.117001 +00:00,149,1.782,2.8109999
2025-09-05 12:02:20.461001 +00:00,149,1.684,4.9100003
2025-09-04 07:18:03.233001 +00:00,149,4.9820004,1.571
2025-09-05 12:02:20.461001 +00:00,149,1.9369999,4.9100003
2025-10-03 09:44:28.633001 +00:00,149,3.9320002,4.9760003
2025-09-11 13:32:56.522001 +00:00,149,,
2025-09-05 12:50:43.071001 +00:00,149,2.627,13.58
2025-09-11 13:32:44.873001 +00:00,149,,
2025-09-10 06:49:28.450001 +00:00,149,1.7839999,7.127
2025-09-11 13:32:44.873001 +00:00,149,,
2025-09-03 10:14:44.498001 +00:00,149,5.128,2.0049999
2025-09-03 10:14:44.498001 +00:00,149,1.724,2.0049999
2025-09-03 08:46:50.448001 +00:00,149,1.647,7.268
2025-09-10 06:49:38.212001 +00:00,149,1.756,1.725
2025-09-03 08:46:50.448001 +00:00,149,1.8560001,7.268
2025-09-03 08:47:28.321001 +00:00,149,6.9769998,1.717
2025-09-11 14:16:19.385001 +00:00,149,,
2025-09-11 14:16:19.385001 +00:00,149,,
2025-09-10 08:00:56.348001 +00:00,149,1.702,2.651
2025-09-05 11:46:46.483001 +00:00,149,8.461,7.724
2025-09-08 08:27:28.210001 +00:00,149,7.278,1.787
2025-09-08 10:25:23.015001 +00:00,149,3.704,4.9319997
2025-09-03 08:12:47.361001 +00:00,149,17.245,1.7800001
2025-09-03 10:15:23.769001 +00:00,149,1.555,3.943
2025-09-10 08:28:49.098001 +00:00,149,1.538,1.886
2025-09-10 09:04:39.718001 +00:00,149,2.007,4.9430003
2025-09-10 08:28:49.098001 +00:00,149,1.831,1.886
2025-09-04 08:13:20.365001 +00:00,149,1.742,2.091
2025-09-10 08:28:49.098001 +00:00,149,1.632,1.886
2025-09-04 08:13:44.028001 +00:00,149,1.668,8.603
2025-09-08 08:27:28.210001 +00:00,149,3.327,1.787
2025-09-10 10:12:08.491001 +00:00,148,2.2350001,1.648
2025-09-10 08:00:06.359001 +00:00,148,1.7770001,1.628
2025-09-03 08:46:50.447001 +00:00,148,1.6730001,7.268
2025-09-05 12:49:46.220001 +00:00,148,4.568,11.649
2025-09-03 08:46:50.447001 +00:00,148,2.224,7.268
2025-09-04 07:17:16.138001 +00:00,148,2.278,1.846
2025-09-03 06:58:15.794001 +00:00,148,10.048,2.48
2025-09-03 06:58:25.277001 +00:00,148,1.615,1.816
2025-09-03 08:12:47.360001 +00:00,148,1.5810001,1.7800001
2025-09-10 08:00:24.979001 +00:00,148,3.951,1.523
2025-09-05 11:47:30.003001 +00:00,148,1.8100001,5.509
2025-09-05 12:50:43.070001 +00:00,148,5.2840004,13.58
2025-09-05 12:50:43.070001 +00:00,148,3.9329998,13.58
2025-09-10 10:57:22.264001 +00:00,148,1.694,1.76
2025-09-05 11:47:30.003001 +00:00,148,6.3129997,5.509
2025-09-08 10:22:51.085001 +00:00,148,2.49,2.596
2025-09-03 11:00:21.012001 +00:00,148,2.139,2.024
2025-09-08 10:24:28.146001 +00:00,148,5.029,3.5649998
2025-09-10 09:03:37.281001 +00:00,148,1.79,1.875
2025-09-10 09:03:37.281001 +00:00,148,9.434999,1.875
2025-09-10 09:03:37.281001 +00:00,148,1.746,1.875
2025-09-03 10:14:44.497001 +00:00,148,2.199,2.0049999
2025-09-11 13:32:44.872001 +00:00,148,1.814,
2025-09-03 06:58:25.277001 +00:00,148,1.5879999,1.816
2025-09-10 10:57:38.557001 +00:00,148,11.652,1.931
2025-09-08 08:27:28.209001 +00:00,148,5.163,1.787
2025-09-04 08:13:44.027001 +00:00,148,1.85,8.603
2025-09-03 08:47:28.320001 +00:00,148,1.693,1.717
2025-09-10 10:12:31.243001 +00:00,148,7.3529997,1.689
2025-09-10 08:29:41.829001 +00:00,148,1.7190001,1.707
2025-09-10 10:12:08.491001 +00:00,148,2.512,1.648
2025-09-10 08:29:41.829001 +00:00,148,6.753,1.707
2025-09-11 13:32:56.521001 +00:00,148,,
2025-09-03 08:12:12.022001 +00:00,148,3.9789999,1.8100001
2025-10-03 09:43:04.991001 +00:00,147,1.64,1.7409999
2025-09-03 08:12:47.359001 +00:00,147,1.607,1.7800001
2025-10-03 09:43:24.182001 +00:00,147,1.683,1.5389999
2025-09-11 13:32:44.871001 +00:00,147,,
2025-09-05 12:49:46.219001 +00:00,147,7.703,11.649
2025-09-05 12:50:43.069001 +00:00,147,2.136,13.58
2025-09-10 08:00:24.978001 +00:00,147,1.776,1.523
2025-09-10 09:04:39.716001 +00:00,147,7.499,4.9430003
2025-09-08 10:25:23.013001 +00:00,147,4.989,4.9319997
2025-09-10 08:00:06.358001 +00:00,147,3.974,1.628
2025-09-10 08:00:06.358001 +00:00,147,2.204,1.628
2025-09-04 08:13:44.026001 +00:00,147,1.6919999,8.603
2025-09-10 08:00:06.358001 +00:00,147,2.088,1.628
2025-09-11 13:32:44.871001 +00:00,147,,
2025-10-03 09:44:28.631001 +00:00,147,1.556,4.9760003
2025-10-03 09:44:28.631001 +00:00,147,1.756,4.9760003
2025-09-11 13:32:56.520001 +00:00,147,,
2025-09-03 06:58:15.793001 +00:00,147,1.615,2.48
2025-09-11 13:32:56.520001 +00:00,147,,
2025-09-03 08:12:12.021001 +00:00,147,17.245,1.8100001
2025-09-08 10:22:51.084001 +00:00,147,3.5649998,2.596
2025-09-08 08:27:10.810001 +00:00,147,1.798,7.768
2025-09-03 08:13:47.566001 +00:00,147,4.068,4.363
2025-09-10 08:28:49.096001 +00:00,147,1.682,1.886
2025-09-04 07:16:56.121001 +00:00,147,1.86,4.393
2025-10-03 09:44:28.631001 +00:00,147,7.387,4.9760003
2025-09-10 10:12:31.242001 +00:00,147,1.909,1.689
2025-09-03 08:46:23.529001 +00:00,147,1.666,1.6700001
2025-09-03 08:46:23.529001 +00:00,147,1.8149999,1.6700001
2025-09-03 11:00:21.011001 +00:00,147,2.199,2.024
2025-09-10 08:29:12.017001 +00:00,147,1.619,1.774
2025-09-10 08:29:12.017001 +00:00,147,1.54,1.774
2025-10-03 09:43:24.182001 +00:00,147,7.258,1.5389999
2025-09-10 09:03:57.260001 +00:00,147,3.8439999,7.0270004
2025-09-10 10:12:31.242001 +00:00,147,3.178,1.689
2025-09-04 07:18:03.230001 +00:00,146,1.8690001,1.571
2025-09-04 08:13:20.362001 +00:00,146,1.559,2.091
2025-09-10 07:14:42.499001 +00:00,146,1.607,1.643
2025-09-03 08:46:50.445001 +00:00,146,1.8729999,7.268
2025-09-08 08:27:28.207001 +00:00,146,1.727,1.787
2025-09-03 08:46:50.445001 +00:00,146,1.7049999,7.268
2025-09-05 12:02:20.458001 +00:00,146,1.8870001,4.9100003
2025-09-08 10:25:23.012001 +00:00,146,2.167,4.9319997
2025-09-08 10:25:23.012001 +00:00,146,2.034,4.9319997
2025-09-10 08:29:41.827001 +00:00,146,1.842,1.707
2025-09-05 12:50:43.068001 +00:00,146,16.038,13.58
2025-10-03 09:43:04.990001 +00:00,146,1.466,1.7409999
2025-09-04 07:18:03.230001 +00:00,146,2.332,1.571
2025-09-03 08:13:47.565001 +00:00,146,2.383,4.363
2025-09-03 10:14:44.495001 +00:00,146,7.404,2.0049999
2025-09-11 13:32:44.870001 +00:00,146,3.3470001,
2025-09-03 08:47:28.318001 +00:00,146,1.959,1.717
2025-09-03 08:47:28.318001 +00:00,146,2.376,1.717
2025-09-10 10:57:38.555001 +00:00,146,1.8019999,1.931
2025-09-05 11:46:46.480001 +00:00,146,6.606,7.724
2025-09-08 08:27:10.809001 +00:00,146,3.493,7.768
2025-09-08 08:27:10.809001 +00:00,146,1.729,7.768
2025-09-10 09:03:57.259001 +00:00,146,1.754,7.0270004
2025-09-08 10:24:12.958001 +00:00,146,3.071,1.531
2025-09-10 07:15:35.171001 +00:00,146,1.926,1.648
2025-09-03 06:58:15.792001 +00:00,146,1.531,2.48
2025-09-05 12:49:46.218001 +00:00,146,4.8830004,11.649
2025-10-03 09:43:24.181001 +00:00,146,1.721,1.5389999
2025-09-10 07:14:23.114001 +00:00,146,5.716,2.8109999
2025-09-03 10:14:20.416001 +00:00,146,2.105,1.6899999
2025-09-03 10:14:20.416001 +00:00,146,5.263,1.6899999
2025-09-08 10:22:51.083001 +00:00,146,3.704,2.596
2025-09-03 06:58:25.275001 +00:00,146,1.809,1.816
2025-09-10 08:00:56.345001 +00:00,146,1.842,2.651
2025-09-05 12:49:46.217001 +00:00,145,3.548,11.649
2025-09-03 08:46:23.527001 +00:00,145,1.787,1.6700001
2025-09-10 06:49:38.208001 +00:00,145,2.979,1.725
2025-09-10 10:57:38.554001 +00:00,145,1.801,1.931
2025-09-04 08:14:46.592001 +00:00,145,11.382999,7.1809998
2025-09-03 10:15:23.765001 +00:00,145,11.708,3.943
2025-09-08 10:24:28.143001 +00:00,145,2.957,3.5649998
2025-09-10 08:00:56.344001 +00:00,145,1.736,2.651
2025-09-08 10:24:28.143001 +00:00,145,1.8729999,3.5649998
2025-09-08 08:28:03.303001 +00:00,145,3.814,4.9589996
2025-09-10 10:12:31.240001 +00:00,145,3.0340002,1.689
2025-09-08 10:24:28.143001 +00:00,145,2.116,3.5649998
2025-09-04 07:16:56.119001 +00:00,145,8.488,4.393
2025-09-10 10:58:12.721001 +00:00,145,1.6420001,3.878
2025-09-03 08:13:47.564001 +00:00,145,1.854,4.363
2025-09-05 12:50:05.666001 +00:00,145,2.572,2.8999999
2025-09-10 08:00:06.356001 +00:00,145,14.377,1.628
2025-09-10 10:57:22.261001 +00:00,145,2.4280002,1.76
2025-09-10 08:00:24.976001 +00:00,145,1.6570001,1.523
2025-09-10 08:00:56.344001 +00:00,145,1.909,2.651
2025-09-10 07:14:42.498001 +00:00,145,1.583,1.643
2025-09-03 10:14:20.415001 +00:00,145,2.032,1.6899999
2025-09-10 08:29:41.826001 +00:00,145,1.625,1.707
2025-09-08 10:25:23.011001 +00:00,145,2.596,4.9319997
2025-09-10 10:13:08.407001 +00:00,145,1.715,1.64
2025-09-05 11:47:30.000001 +00:00,145,1.767,5.509
2025-10-03 09:43:04.989001 +00:00,145,1.498,1.7409999
2025-10-03 09:44:28.629001 +00:00,145,1.5389999,4.9760003
2025-09-08 10:24:12.957001 +00:00,145,11.54,1.531
2025-09-10 09:03:57.258001 +00:00,145,1.928,7.0270004
2025-09-10 09:03:57.258001 +00:00,145,1.862,7.0270004
2025-09-04 08:13:20.361001 +00:00,145,1.8939999,2.091
2025-09-05 12:49:46.217001 +00:00,145,2.7970002,11.649
2025-09-10 08:28:49.093001 +00:00,144,5.092,1.886
2025-09-10 08:00:06.355001 +00:00,144,2.902,1.628
2025-09-10 10:12:08.487001 +00:00,144,1.683,1.648
2025-09-08 10:22:51.081001 +00:00,144,2.858,2.596
2025-09-08 10:22:51.081001 +00:00,144,2.887,2.596
2025-10-03 09:43:24.179001 +00:00,144,2.269,1.5389999
2025-09-03 08:12:12.018001 +00:00,144,1.607,1.8100001
2025-09-05 11:46:25.141001 +00:00,144,1.864,1.832
2025-09-11 13:32:56.517001 +00:00,144,,
2025-09-03 06:58:15.790001 +00:00,144,1.678,2.48
2025-09-03 08:12:47.356001 +00:00,144,3.035,1.7800001
2025-09-05 12:50:05.665001 +00:00,144,5.4199996,2.8999999
2025-09-08 08:27:28.205001 +00:00,144,2.0149999,1.787
2025-09-05 12:50:43.066001 +00:00,144,4.567,13.58
2025-09-05 12:50:43.066001 +00:00,144,4.5690002,13.58
2025-09-03 08:47:28.316001 +00:00,144,1.89,1.717
2025-09-08 10:24:28.142001 +00:00,144,3.492,3.5649998
2025-09-11 13:40:13.037001 +00:00,144,11.074,2.471
2025-09-05 12:50:43.066001 +00:00,144,4.346,13.58
2025-09-03 10:15:23.764001 +00:00,144,7.738,3.943
2025-09-03 10:14:44.493001 +00:00,144,2.016,2.0049999
2025-09-10 07:14:42.497001 +00:00,144,1.59,1.643
2025-09-10 06:49:28.445001 +00:00,144,3.6430001,7.127
2025-09-10 06:49:28.445001 +00:00,144,2.004,7.127
2025-09-10 07:15:35.169001 +00:00,144,2.265,1.648
2025-09-03 10:14:20.414001 +00:00,144,1.737,1.6899999
2025-09-03 10:14:20.414001 +00:00,144,1.917,1.6899999
2025-09-10 09:03:37.277001 +00:00,144,2.69,1.875
2025-09-04 08:13:20.360001 +00:00,144,8.500999,2.091
2025-09-04 08:13:20.360001 +00:00,144,1.8269999,2.091
2025-09-10 10:13:08.406001 +00:00,144,3.431,1.64
2025-09-03 08:13:47.563001 +00:00,144,1.8100001,4.363
2025-09-10 10:13:08.406001 +00:00,144,1.556,1.64
2025-09-04 07:18:03.228001 +00:00,144,1.526,1.571
2025-09-10 06:49:28.444001 +00:00,143,1.8939999,7.127
2025-09-08 08:28:03.301001 +00:00,143,1.8110001,4.9589996
2025-09-03 10:15:23.763001 +00:00,143,2.186,3.943
2025-09-05 12:50:05.664001 +00:00,143,4.369,2.8999999
2025-09-05 12:50:43.065001 +00:00,143,2.286,13.58
2025-09-03 08:12:47.355001 +00:00,143,6.582,1.7800001
2025-09-03 08:13:47.562001 +00:00,143,6.582,4.363
2025-09-10 09:03:37.276001 +00:00,143,6.386,1.875
2025-09-10 10:57:38.552001 +00:00,143,1.712,1.931
2025-09-11 13:32:56.516001 +00:00,143,,
2025-09-10 09:03:57.256001 +00:00,143,1.54,7.0270004
2025-09-10 09:03:57.256001 +00:00,143,4.524,7.0270004
2025-09-10 08:28:49.092001 +00:00,143,7.433,1.886
2025-09-05 12:49:46.215001 +00:00,143,2.627,11.649
2025-09-11 13:32:44.867001 +00:00,143,,
2025-09-03 08:46:23.525001 +00:00,143,1.835,1.6700001
2025-09-03 08:46:23.525001 +00:00,143,1.853,1.6700001
2025-09-04 08:13:44.022001 +00:00,143,1.754,8.603
2025-09-11 13:39:46.391001 +00:00,143,1.571,2.608
2025-09-11 13:32:44.867001 +00:00,143,,
2025-09-11 13:32:44.867001 +00:00,143,,
2025-09-04 07:16:56.117001 +00:00,143,6.6920004,4.393
2025-09-04 07:16:56.117001 +00:00,143,1.5389999,4.393
2025-09-04 07:16:56.117001 +00:00,143,2.527,4.393
2025-09-10 07:14:42.496001 +00:00,143,1.748,1.643
2025-09-10 07:14:42.496001 +00:00,143,3.316,1.643
2025-09-05 11:47:29.998001 +00:00,143,5.0189996,5.509
2025-09-05 11:47:29.998001 +00:00,143,2.323,5.509
2025-09-04 08:13:20.359001 +00:00,143,1.9799999,2.091
2025-09-08 08:27:28.204001 +00:00,143,1.84,1.787
2025-09-10 10:13:08.405001 +00:00,143,1.782,1.64
2025-09-10 10:13:08.405001 +00:00,143,1.737,1.64
2025-09-10 08:00:24.974001 +00:00,143,6.769,1.523
2025-09-04 07:17:16.133001 +00:00,143,8.111,1.846
2025-09-10 10:12:31.238001 +00:00,143,7.183,1.689
2025-09-04 07:18:03.227001 +00:00,143,2.278,1.571
2025-09-03 06:58:25.272001 +00:00,143,2.48,1.816
2025-09-03 08:46:23.524001 +00:00,142,1.65,1.6700001
2025-09-04 08:14:46.589001 +00:00,142,1.754,7.1809998
2025-09-10 09:04:39.711001 +00:00,142,1.6700001,4.9430003
2025-09-08 10:24:28.140001 +00:00,142,3.704,3.5649998
2025-09-03 10:14:44.491001 +00:00,142,2.164,2.0049999
2025-09-10 10:57:22.258001 +00:00,142,1.61,1.76
2025-09-04 07:16:56.116001 +00:00,142,2.053,4.393
2025-09-10 09:03:37.275001 +00:00,142,1.6029999,1.875
2025-09-03 08:12:47.354001 +00:00,142,1.832,1.7800001
2025-09-10 09:04:39.711001 +00:00,142,1.7689999,4.9430003
2025-09-10 10:58:12.718001 +00:00,142,2.1299999,3.878
2025-09-10 10:58:12.718001 +00:00,142,1.718,3.878
2025-09-03 06:58:25.271001 +00:00,142,1.8260001,1.816
2025-09-10 07:14:23.110001 +00:00,142,1.724,2.8109999
2025-09-08 10:24:12.954001 +00:00,142,4.134,1.531
2025-09-03 08:12:47.354001 +00:00,142,1.943,1.7800001
2025-09-03 08:12:47.354001 +00:00,142,1.736,1.7800001
2025-09-05 12:50:43.064001 +00:00,142,12.202999,13.58
2025-09-10 10:13:08.404001 +00:00,142,1.783,1.64
2025-09-11 13:32:44.866001 +00:00,142,,
2025-09-08 10:24:12.954001 +00:00,142,1.5999999,1.531
2025-09-05 12:50:05.663001 +00:00,142,4.5099998,2.8999999
2025-09-10 10:13:08.404001 +00:00,142,1.865,1.64
2025-09-11 13:39:46.390001 +00:00,142,13.949,2.608
2025-09-03 08:12:12.016001 +00:00,142,3.035,1.8100001
2025-09-03 08:12:12.016001 +00:00,142,1.742,1.8100001
2025-09-03 11:42:22.758001 +00:00,142,1.783,1.717
2025-09-03 10:14:20.412001 +00:00,142,2.02,1.6899999
2025-10-03 09:44:28.626001 +00:00,142,1.564,4.9760003
2025-09-05 11:47:29.997001 +00:00,142,1.7969999,5.509
2025-09-10 08:00:24.973001 +00:00,142,1.754,1.523
2025-09-10 06:49:38.205001 +00:00,142,1.791,1.725
2025-09-10 10:12:08.484001 +00:00,141,1.6589999,1.648
2025-09-05 12:02:20.453001 +00:00,141,1.896,4.9100003
2025-09-10 10:12:08.484001 +00:00,141,2.958,1.648
2025-09-04 07:16:56.115001 +00:00,141,1.672,4.393
2025-09-04 08:13:44.020001 +00:00,141,2.059,8.603
2025-09-05 12:49:46.213001 +00:00,141,2.136,11.649
2025-09-08 10:24:12.953001 +00:00,141,5.029,1.531
2025-09-08 10:22:51.078001 +00:00,141,3.806,2.596
2025-09-10 07:15:35.166001 +00:00,141,1.782,1.648
2025-09-03 06:58:15.787001 +00:00,141,1.8939999,2.48
2025-09-03 06:58:15.787001 +00:00,141,1.779,2.48
2025-09-03 08:12:12.015001 +00:00,141,6.582,1.8100001
2025-09-08 08:27:10.804001 +00:00,141,7.784,7.768
2025-09-08 08:27:10.804001 +00:00,141,1.546,7.768
2025-09-04 08:14:46.588001 +00:00,141,2.892,7.1809998
2025-09-03 11:41:46.059001 +00:00,141,4.4309998,5.493
2025-09-10 06:49:28.442001 +00:00,141,2.4520001,7.127
2025-09-08 08:28:03.299001 +00:00,141,3.032,4.9589996
2025-09-03 11:00:21.005001 +00:00,141,1.748,2.024
2025-09-04 07:18:03.225001 +00:00,141,1.748,1.571
2025-09-03 08:13:47.560001 +00:00,141,1.7800001,4.363
2025-09-05 12:50:43.063001 +00:00,141,3.0080001,13.58
2025-09-10 10:58:12.717001 +00:00,141,7.749,3.878
2025-09-05 12:50:05.662001 +00:00,141,4.785,2.8999999
2025-09-10 10:58:12.717001 +00:00,141,1.74,3.878
2025-09-08 10:25:23.007001 +00:00,141,1.878,4.9319997
2025-09-11 13:32:44.865001 +00:00,141,,
2025-09-03 06:58:25.270001 +00:00,141,1.847,1.816
2025-09-10 08:29:41.822001 +00:00,141,7.448,1.707
2025-09-03 08:46:50.440001 +00:00,141,1.6589999,7.268
2025-09-10 07:14:42.494001 +00:00,141,1.6439999,1.643
2025-09-03 10:14:20.411001 +00:00,141,1.679,1.6899999
2025-09-03 10:14:44.489001 +00:00,140,1.778,2.0049999
2025-09-10 10:58:12.716001 +00:00,140,1.674,3.878
2025-09-03 10:15:23.760001 +00:00,140,2.188,3.943
2025-09-05 12:50:43.062001 +00:00,140,3.698,13.58
2025-09-03 11:00:21.004001 +00:00,140,2.032,2.024
2025-09-03 11:00:21.004001 +00:00,140,1.861,2.024
2025-09-10 09:03:37.273001 +00:00,140,1.962,1.875
2025-09-10 08:29:12.010001 +00:00,140,1.498,1.774
2025-09-10 09:03:57.253001 +00:00,140,1.707,7.0270004
2025-09-05 12:49:46.212001 +00:00,140,4.015,11.649
2025-09-04 07:16:56.114001 +00:00,140,5.224,4.393
2025-09-04 07:16:56.114001 +00:00,140,2.18,4.393
2025-09-05 12:02:20.452001 +00:00,140,1.714,4.9100003
2025-09-10 08:00:06.351001 +00:00,140,2.836,1.628
2025-09-08 08:28:03.298001 +00:00,140,1.809,4.9589996
2025-09-04 07:18:03.224001 +00:00,140,11.731,1.571
2025-09-10 10:12:31.235001 +00:00,140,4.9709997,1.689
2025-09-10 07:15:35.165001 +00:00,140,1.658,1.648
2025-09-04 08:13:20.356001 +00:00,140,1.714,2.091
2025-09-10 07:14:42.493001 +00:00,140,1.735,1.643
2025-09-10 08:29:41.821001 +00:00,140,3.402,1.707
2025-09-10 10:57:22.256001 +00:00,140,1.664,1.76
2025-09-10 10:57:22.256001 +00:00,140,1.59,1.76
2025-09-11 13:32:56.513001 +00:00,140,,
2025-09-11 13:32:56.513001 +00:00,140,,
2025-09-10 06:49:38.203001 +00:00,140,1.683,1.725
2025-09-05 11:46:46.474001 +00:00,140,1.8119999,7.724
2025-09-05 11:46:46.474001 +00:00,140,3.91,7.724
2025-09-10 10:57:38.549001 +00:00,140,1.637,1.931
2025-09-10 10:57:38.549001 +00:00,140,1.636,1.931
2025-09-08 10:24:28.138001 +00:00,140,2.887,3.5649998
2025-09-10 06:49:28.441001 +00:00,140,2.979,7.127
2025-09-10 10:58:12.716001 +00:00,140,1.934,3.878
2025-09-04 08:14:46.586001 +00:00,139,1.689,7.1809998
2025-09-10 10:12:31.234001 +00:00,139,2.512,1.689
2025-09-10 08:29:41.820001 +00:00,139,1.63,1.707
2025-09-03 11:00:21.003001 +00:00,139,1.855,2.024
2025-09-10 10:12:31.234001 +00:00,139,1.514,1.689
2025-09-10 10:12:31.234001 +00:00,139,1.819,1.689
2025-09-04 08:13:20.355001 +00:00,139,1.4929999,2.091
2025-09-04 08:13:44.018001 +00:00,139,1.927,8.603
2025-09-05 12:49:46.211001 +00:00,139,4.9919996,11.649
2025-09-11 13:32:56.512001 +00:00,139,,
2025-09-08 08:27:10.802001 +00:00,139,8.605,7.768
2025-09-08 08:27:10.802001 +00:00,139,1.806,7.768
2025-09-10 08:29:12.009001 +00:00,139,6.753,1.774
2025-10-03 09:43:04.983001 +00:00,139,1.5389999,1.7409999
2025-09-10 07:14:23.107001 +00:00,139,1.607,2.8109999
2025-09-10 10:12:08.482001 +00:00,139,1.737,1.648
2025-09-10 10:12:08.482001 +00:00,139,1.556,1.648
2025-09-10 08:00:06.350001 +00:00,139,1.5519999,1.628
2025-09-08 10:22:51.076001 +00:00,139,7.731,2.596
2025-09-08 10:24:28.137001 +00:00,139,2.858,3.5649998
2025-09-04 07:18:03.223001 +00:00,139,2.44,1.571
2025-09-05 11:46:25.136001 +00:00,139,2.24,1.832
2025-09-08 10:22:51.076001 +00:00,139,1.878,2.596
2025-09-05 11:47:29.994001 +00:00,139,1.587,5.509
2025-09-05 12:50:43.061001 +00:00,139,2.6759999,13.58
2025-09-04 07:17:16.129001 +00:00,139,2.479,1.846
2025-09-10 10:13:08.401001 +00:00,139,7.698,1.64
2025-09-04 07:18:03.222001 +00:00,138,2.57,1.571
2025-09-10 10:57:22.254001 +00:00,138,1.6880001,1.76
2025-09-10 10:57:22.254001 +00:00,138,1.801,1.76
2025-09-04 07:16:56.112001 +00:00,138,1.6730001,4.393
2025-09-05 12:50:43.060001 +00:00,138,7.8389997,13.58
2025-09-03 11:00:21.002001 +00:00,138,1.874,2.024
2025-09-03 10:14:44.487001 +00:00,138,5.064,2.0049999
2025-09-03 08:47:28.310001 +00:00,138,1.787,1.717
2025-09-08 10:22:51.075001 +00:00,138,3.2289999,2.596
2025-09-10 10:13:08.400001 +00:00,138,1.775,1.64
2025-09-08 10:24:28.136001 +00:00,138,9.139001,3.5649998
2025-09-10 10:12:08.481001 +00:00,138,1.866,1.648
2025-09-10 10:12:08.481001 +00:00,138,1.782,1.648
2025-09-10 10:12:08.481001 +00:00,138,1.865,1.648
2025-09-05 11:46:25.135001 +00:00,138,1.744,1.832
2025-09-10 10:57:38.547001 +00:00,138,4.39,1.931
2025-09-08 08:27:28.199001 +00:00,138,1.6029999,1.787
2025-09-10 10:57:38.547001 +00:00,138,2.39,1.931
2025-10-03 09:43:04.982001 +00:00,138,7.725,1.7409999
2025-10-03 09:43:04.982001 +00:00,138,1.4890001,1.7409999
2025-09-10 06:49:38.201001 +00:00,138,1.674,1.725
2025-09-10 08:29:41.819001 +00:00,138,1.9769999,1.707
2025-09-10 08:00:06.349001 +00:00,138,1.575,1.628
2025-10-03 09:44:28.622001 +00:00,138,1.512,4.9760003
2025-10-03 09:44:28.622001 +00:00,138,1.7030001,4.9760003
2025-09-10 09:03:57.251001 +00:00,138,1.656,7.0270004
2025-09-03 06:58:15.784001 +00:00,138,1.661,2.48
2025-09-05 12:49:46.210001 +00:00,138,3.001,11.649
2025-09-08 10:24:12.950001 +00:00,138,2.957,1.531
2025-09-10 07:14:42.491001 +00:00,138,20.33,1.643
2025-09-10 07:14:42.491001 +00:00,138,1.622,1.643
2025-09-03 06:58:25.267001 +00:00,138,1.687,1.816
2025-09-11 14:16:19.374001 +00:00,138,,
2025-09-08 08:27:10.800001 +00:00,137,1.727,7.768
2025-09-08 10:24:12.949001 +00:00,137,3.492,1.531
2025-09-04 08:13:44.016001 +00:00,137,1.742,8.603
2025-09-08 08:27:28.198001 +00:00,137,1.8149999,1.787
2025-09-08 08:27:10.800001 +00:00,137,7.278,7.768
2025-09-05 11:47:29.992001 +00:00,137,2.97,5.509
2025-09-03 06:58:15.783001 +00:00,137,1.687,2.48
2025-09-10 09:04:39.706001 +00:00,137,4.861,4.9430003
2025-09-10 06:49:38.200001 +00:00,137,1.628,1.725
2025-09-10 06:49:38.200001 +00:00,137,1.575,1.725
2025-09-10 08:00:06.348001 +00:00,137,3.633,1.628
2025-09-08 08:28:03.295001 +00:00,137,1.7199999,4.9589996
2025-10-03 09:43:24.172001 +00:00,137,4.9760003,1.5389999
2025-09-04 07:16:56.111001 +00:00,137,1.544,4.393
2025-09-04 08:14:46.584001 +00:00,137,1.724,7.1809998
2025-09-03 08:47:28.309001 +00:00,137,1.694,1.717
2025-09-08 10:22:51.074001 +00:00,137,2.094,2.596
2025-09-04 07:18:03.221001 +00:00,137,3.9730003,1.571
2025-09-10 08:00:56.336001 +00:00,137,1.7409999,2.651
2025-09-10 10:12:08.480001 +00:00,137,1.64,1.648
2025-09-10 10:12:08.480001 +00:00,137,3,1.648
2025-09-10 10:58:12.713001 +00:00,137,2.576,3.878
2025-09-08 08:27:10.800001 +00:00,137,1.864,7.768
2025-09-10 07:14:42.490001 +00:00,137,3.8999999,1.643
2025-09-04 07:18:03.221001 +00:00,137,1.643,1.571
2025-09-10 07:15:35.162001 +00:00,137,1.776,1.648
2025-09-10 10:13:08.399001 +00:00,137,7.269,1.64
2025-09-05 11:46:25.134001 +00:00,137,1.509,1.832
2025-09-10 10:58:12.713001 +00:00,137,1.712,3.878
2025-09-05 12:49:46.209001 +00:00,137,4.346,11.649
2025-09-08 08:27:28.198001 +00:00,137,1.82,1.787
2025-09-03 08:46:50.436001 +00:00,137,1.77,7.268
2025-09-11 14:16:19.373001 +00:00,137,,
2025-09-03 10:15:23.757001 +00:00,137,1.861,3.943
2025-09-10 08:00:06.348001 +00:00,137,2.0330002,1.628
2025-09-05 11:46:46.471001 +00:00,137,1.9120001,7.724
2025-09-04 07:18:03.221001 +00:00,137,1.846,1.571
2025-09-10 08:00:06.348001 +00:00,137,1.6700001,1.628
2025-09-10 08:00:24.967001 +00:00,136,1.909,1.523
2025-09-10 07:15:35.161001 +00:00,136,1.701,1.648
2025-09-04 07:16:56.110001 +00:00,136,1.728,4.393
2025-09-05 12:49:46.208001 +00:00,136,2.075,11.649
2025-09-05 12:02:20.448001 +00:00,136,1.854,4.9100003
2025-09-10 08:29:12.006001 +00:00,136,1.638,1.774
2025-09-03 10:14:20.406001 +00:00,136,2.026,1.6899999
2025-09-05 12:49:46.208001 +00:00,136,12.202999,11.649
2025-09-05 12:02:20.448001 +00:00,136,3.106,4.9100003
2025-09-05 11:46:25.133001 +00:00,136,1.625,1.832
2025-09-03 06:58:25.265001 +00:00,136,1.669,1.816
2025-10-03 09:43:04.980001 +00:00,136,1.5780001,1.7409999
2025-09-05 12:50:05.657001 +00:00,136,4.415,2.8999999
2025-09-10 08:29:41.817001 +00:00,136,3.276,1.707
2025-09-11 13:32:56.509001 +00:00,136,,
2025-09-05 12:50:05.657001 +00:00,136,4.8830004,2.8999999
2025-09-10 08:29:41.817001 +00:00,136,1.651,1.707
2025-09-10 07:14:23.104001 +00:00,136,1.59,2.8109999
2025-09-10 07:14:42.489001 +00:00,136,11.714001,1.643
2025-10-03 09:44:28.620001 +00:00,136,1.5600001,4.9760003
2025-10-03 09:44:28.620001 +00:00,136,4.626,4.9760003
2025-09-10 08:00:56.335001 +00:00,136,2.108,2.651
2025-09-10 06:49:28.437001 +00:00,136,1.725,7.127
2025-09-05 12:50:43.058001 +00:00,136,4.593,13.58
2025-09-03 10:14:44.485001 +00:00,136,8.499001,2.0049999
2025-09-03 08:12:47.348001 +00:00,136,1.694,1.7800001
2025-09-03 08:47:28.308001 +00:00,136,1.906,1.717
2025-09-04 08:14:46.583001 +00:00,136,1.877,7.1809998
2025-09-03 11:00:21.000001 +00:00,136,1.7199999,2.024
2025-09-05 12:02:20.448001 +00:00,136,9.819,4.9100003
2025-09-04 07:17:16.126001 +00:00,136,5.66,1.846
2025-09-10 08:28:49.084001 +00:00,135,1.696,1.886
2025-09-05 11:47:29.990001 +00:00,135,1.9749999,5.509
2025-09-03 08:47:28.307001 +00:00,135,1.6700001,1.717
2025-09-04 08:14:46.582001 +00:00,135,1.742,7.1809998
2025-09-04 08:13:44.014001 +00:00,135,1.663,8.603
2025-09-03 11:00:20.999001 +00:00,135,5.1219997,2.024
2025-09-10 06:49:28.436001 +00:00,135,1.691,7.127
2025-09-04 08:14:46.582001 +00:00,135,1.849,7.1809998
2025-09-03 08:47:28.307001 +00:00,135,1.75,1.717
2025-09-10 10:12:08.478001 +00:00,135,1.7839999,1.648
2025-09-03 08:47:28.307001 +00:00,135,1.639,1.717
2025-09-04 08:13:44.014001 +00:00,135,1.755,8.603
2025-09-10 08:28:49.084001 +00:00,135,1.798,1.886
2025-09-08 10:24:28.133001 +00:00,135,7.731,3.5649998
2025-09-03 06:58:25.264001 +00:00,135,1.648,1.816
2025-09-05 11:46:25.132001 +00:00,135,3.611,1.832
2025-09-05 11:46:46.469001 +00:00,135,8.233,7.724
2025-09-11 13:32:44.859001 +00:00,135,,
2025-09-10 10:58:12.711001 +00:00,135,1.931,3.878
2025-09-08 10:24:28.133001 +00:00,135,13.031,3.5649998
2025-09-10 10:58:12.711001 +00:00,135,1.605,3.878
2025-09-10 08:28:49.084001 +00:00,135,2.275,1.886
2025-10-03 09:44:28.619001 +00:00,135,1.614,4.9760003
2025-10-03 09:44:28.619001 +00:00,135,7.3910003,4.9760003
2025-09-03 10:15:23.755001 +00:00,135,1.724,3.943
2025-09-04 08:14:46.582001 +00:00,135,2.117,7.1809998
2025-09-10 07:14:42.488001 +00:00,135,1.666,1.643
2025-09-03 10:14:20.405001 +00:00,135,2.479,1.6899999
2025-09-08 10:24:12.947001 +00:00,135,3.5649998,1.531
2025-09-05 12:02:20.446001 +00:00,134,1.739,4.9100003
2025-10-03 09:43:24.169001 +00:00,134,1.512,1.5389999
2025-09-10 10:12:08.477001 +00:00,134,1.775,1.648
2025-09-03 08:46:50.433001 +00:00,134,2.064,7.268
2025-09-08 08:27:28.195001 +00:00,134,1.8299999,1.787
2025-10-03 09:43:04.978001 +00:00,134,1.7509999,1.7409999
2025-09-08 08:27:28.195001 +00:00,134,7.5699997,1.787
2025-09-04 08:13:20.350001 +00:00,134,2.158,2.091
2025-09-04 08:13:20.350001 +00:00,134,1.791,2.091
2025-10-03 09:44:28.618001 +00:00,134,1.779,4.9760003
2025-09-05 11:47:29.989001 +00:00,134,1.5979999,5.509
2025-09-10 07:14:42.487001 +00:00,134,1.684,1.643
2025-09-03 10:14:20.404001 +00:00,134,1.833,1.6899999
2025-09-10 10:57:22.250001 +00:00,134,1.525,1.76
2025-09-11 13:32:44.858001 +00:00,134,,
2025-09-11 13:32:44.858001 +00:00,134,1.625,
2025-09-10 09:04:39.703001 +00:00,134,6.35,4.9430003
2025-09-10 09:04:39.703001 +00:00,134,6.655,4.9430003
2025-09-04 07:16:56.108001 +00:00,134,1.798,4.393
2025-09-03 08:12:12.008001 +00:00,134,7.722,1.8100001
2025-09-04 08:13:44.013001 +00:00,134,1.739,8.603
2025-09-04 08:13:44.013001 +00:00,134,1.707,8.603
2025-09-03 08:46:23.516001 +00:00,134,1.66,1.6700001
2025-09-10 09:03:57.247001 +00:00,134,1.605,7.0270004
2025-09-03 06:58:15.780001 +00:00,134,1.648,2.48
2025-09-08 10:24:28.132001 +00:00,134,8.317,3.5649998
2025-09-04 08:14:46.581001 +00:00,134,1.932,7.1809998
2025-09-04 08:14:46.581001 +00:00,134,1.7950001,7.1809998
2025-09-03 10:14:44.483001 +00:00,134,7.7089996,2.0049999
2025-09-03 10:14:44.483001 +00:00,134,1.838,2.0049999
2025-09-03 10:15:23.754001 +00:00,134,7.736,3.943
2025-09-10 10:58:12.710001 +00:00,134,1.636,3.878
2025-09-03 11:00:20.998001 +00:00,134,1.679,2.024
2025-09-08 08:28:03.292001 +00:00,134,11.494,4.9589996
2025-09-10 08:00:06.345001 +00:00,134,6.711,1.628
2025-09-05 12:02:20.446001 +00:00,134,5.076,4.9100003
2025-09-03 08:46:50.432001 +00:00,133,1.648,7.268
2025-10-03 09:43:04.977001 +00:00,133,1.6769999,1.7409999
2025-09-05 11:47:29.988001 +00:00,133,1.529,5.509
2025-09-10 07:14:23.101001 +00:00,133,1.6439999,2.8109999
2025-09-05 12:49:46.205001 +00:00,133,2.6759999,11.649
2025-09-10 07:14:42.486001 +00:00,133,1.6730001,1.643
2025-09-10 07:14:42.486001 +00:00,133,1.64,1.643
2025-09-10 07:14:42.486001 +00:00,133,1.619,1.643
2025-09-03 08:47:28.305001 +00:00,133,2.226,1.717
2025-09-10 08:29:41.814001 +00:00,133,2.202,1.707
2025-09-08 08:27:28.194001 +00:00,133,2.9780002,1.787
2025-09-03 08:13:47.552001 +00:00,133,1.666,4.363
2025-09-10 09:03:57.246001 +00:00,133,1.579,7.0270004
2025-09-05 12:49:46.205001 +00:00,133,3.698,11.649
2025-09-10 08:00:24.964001 +00:00,133,1.575,1.523
2025-09-10 07:14:23.101001 +00:00,133,1.735,2.8109999
2025-09-10 09:04:39.702001 +00:00,133,1.621,4.9430003
2025-09-03 08:12:12.007001 +00:00,133,1.694,1.8100001
2025-09-10 07:14:23.101001 +00:00,133,7.333,2.8109999
2025-09-10 09:03:37.266001 +00:00,133,1.667,1.875
2025-09-08 10:25:22.999001 +00:00,133,2.237,4.9319997
2025-09-11 13:32:44.857001 +00:00,133,,
2025-09-05 11:46:46.467001 +00:00,133,1.747,7.724
2025-09-08 08:27:10.796001 +00:00,133,1.706,7.768
2025-09-08 10:24:28.131001 +00:00,133,3.2289999,3.5649998
2025-09-11 13:32:56.506001 +00:00,133,,
2025-09-10 08:29:12.003001 +00:00,133,1.651,1.774
2025-09-03 10:15:23.753001 +00:00,133,1.678,3.943
2025-09-05 12:50:05.654001 +00:00,133,7.371,2.8999999
2025-09-03 08:46:50.432001 +00:00,133,1.728,7.268
2025-09-10 10:57:38.542001 +00:00,133,1.8149999,1.931
2025-09-10 08:29:12.002001 +00:00,132,1.707,1.774
2025-09-10 08:29:12.002001 +00:00,132,7.448,1.774
2025-09-10 10:12:08.475001 +00:00,132,1.508,1.648
2025-09-05 11:46:46.466001 +00:00,132,4.94,7.724
2025-09-03 08:46:50.431001 +00:00,132,6.593,7.268
2025-09-03 08:46:50.431001 +00:00,132,1.9300001,7.268
2025-09-04 07:18:03.216001 +00:00,132,1.86,1.571
2025-09-05 12:50:05.653001 +00:00,132,11.649,2.8999999
2025-09-03 06:58:25.261001 +00:00,132,1.8909999,1.816
2025-09-10 07:14:23.100001 +00:00,132,7.355,2.8109999
2025-09-03 08:12:47.344001 +00:00,132,3.681,1.7800001
2025-09-10 09:03:37.265001 +00:00,132,1.549,1.875
2025-09-08 08:28:03.290001 +00:00,132,1.571,4.9589996
2025-09-10 06:49:28.433001 +00:00,132,1.583,7.127
2025-09-10 06:49:28.433001 +00:00,132,1.628,7.127
2025-09-10 10:12:31.227001 +00:00,132,1.648,1.689
2025-09-08 10:24:12.944001 +00:00,132,12.148999,1.531
2025-09-10 07:14:23.100001 +00:00,132,1.7689999,2.8109999
2025-09-10 10:12:31.227001 +00:00,132,1.715,1.689
2025-09-10 08:00:24.963001 +00:00,132,2.651,1.523
2025-09-03 11:41:46.050001 +00:00,132,3.9479997,5.493
2025-09-05 12:02:20.444001 +00:00,132,1.725,4.9100003
2025-09-10 10:13:08.394001 +00:00,132,1.577,1.64
2025-09-10 10:13:08.394001 +00:00,132,8.120001,1.64
2025-09-04 07:17:16.122001 +00:00,132,1.752,1.846
2025-09-10 09:03:57.245001 +00:00,132,1.6700001,7.0270004
2025-09-04 08:13:20.348001 +00:00,132,1.834,2.091
2025-09-03 06:58:25.261001 +00:00,132,3.418,1.816
2025-09-03 06:58:15.778001 +00:00,132,1.756,2.48
2025-09-04 08:14:46.579001 +00:00,132,1.739,7.1809998
2025-09-04 08:14:46.579001 +00:00,132,7.9659996,7.1809998
2025-09-05 11:46:46.466001 +00:00,132,1.832,7.724
2025-09-04 08:13:20.348001 +00:00,132,1.5600001,2.091
2025-09-03 06:58:15.777001 +00:00,131,1.8909999,2.48
2025-09-08 10:24:12.943001 +00:00,131,2.596,1.531
2025-09-03 10:14:20.401001 +00:00,131,6.544,1.6899999
2025-09-08 10:25:22.997001 +00:00,131,1.861,4.9319997
2025-09-10 08:28:49.080001 +00:00,131,1.774,1.886
2025-09-05 11:47:29.986001 +00:00,131,8.461,5.509
2025-09-10 08:00:56.330001 +00:00,131,1.9519999,2.651
2025-09-03 06:58:15.777001 +00:00,131,1.651,2.48
2025-09-10 08:29:41.812001 +00:00,131,2.229,1.707
2025-09-10 10:57:38.540001 +00:00,131,1.634,1.931
2025-09-10 10:12:08.474001 +00:00,131,3.3430002,1.648
2025-09-08 10:24:28.129001 +00:00,131,3.807,3.5649998
2025-09-04 07:17:16.121001 +00:00,131,2.053,1.846
2025-09-10 08:00:06.342001 +00:00,131,1.606,1.628
2025-09-03 11:41:46.049001 +00:00,131,1.665,5.493
2025-09-10 10:58:12.707001 +00:00,131,1.831,3.878
2025-09-05 12:02:20.443001 +00:00,131,1.747,4.9100003
2025-09-10 09:03:57.244001 +00:00,131,1.822,7.0270004
2025-09-08 08:27:10.794001 +00:00,131,8.534,7.768
2025-09-10 10:12:31.226001 +00:00,131,3.431,1.689
2025-09-11 13:32:44.855001 +00:00,131,,
2025-09-10 09:03:37.264001 +00:00,131,5.403,1.875
2025-09-03 08:47:28.303001 +00:00,131,1.6570001,1.717
2025-09-05 12:02:20.443001 +00:00,131,8.479,4.9100003
2025-09-03 06:58:25.260001 +00:00,131,2.1569998,1.816
2025-09-08 10:25:22.997001 +00:00,131,1.702,4.9319997
2025-09-08 10:25:22.997001 +00:00,131,1.909,4.9319997
2025-09-10 10:57:22.247001 +00:00,131,1.601,1.76
2025-09-04 07:16:56.105001 +00:00,131,1.7409999,4.393
2025-09-05 11:47:29.985001 +00:00,130,1.577,5.509
2025-09-11 13:32:56.503001 +00:00,130,,
2025-09-11 13:32:56.503001 +00:00,130,,
2025-09-10 10:12:08.473001 +00:00,130,1.625,1.648
2025-09-04 08:13:20.346001 +00:00,130,1.556,2.091
2025-09-10 07:15:35.155001 +00:00,130,1.583,1.648
2025-09-04 07:17:16.120001 +00:00,130,7.746,1.846
2025-09-08 08:27:28.191001 +00:00,130,1.662,1.787
2025-09-10 10:13:08.392001 +00:00,130,3.47,1.64
2025-09-10 07:14:23.098001 +00:00,130,1.622,2.8109999
2025-09-10 09:04:39.699001 +00:00,130,2.055,4.9430003
2025-09-10 07:14:23.098001 +00:00,130,3.8999999,2.8109999
2025-09-10 09:04:39.699001 +00:00,130,1.621,4.9430003
2025-09-08 10:22:51.067001 +00:00,130,7.2139997,2.596
2025-09-10 10:58:12.706001 +00:00,130,1.63,3.878
2025-09-10 10:57:22.246001 +00:00,130,1.6459999,1.76
2025-09-03 06:58:25.259001 +00:00,130,5.609,1.816
2025-09-10 09:03:57.243001 +00:00,130,1.669,7.0270004
2025-09-05 11:47:29.985001 +00:00,130,3.5240002,5.509
2025-09-04 08:13:44.009001 +00:00,130,1.583,8.603
2025-09-04 08:13:44.009001 +00:00,130,1.606,8.603
2025-09-10 10:12:31.225001 +00:00,130,1.617,1.689
2025-09-10 10:12:31.225001 +00:00,130,1.556,1.689
2025-09-10 06:49:28.431001 +00:00,130,3.191,7.127
2025-09-05 12:50:43.052001 +00:00,130,4.734,13.58
2025-09-03 08:46:23.512001 +00:00,130,1.75,1.6700001
2025-09-03 08:12:47.342001 +00:00,130,6.534,1.7800001
2025-09-03 10:14:20.400001 +00:00,130,2.836,1.6899999
2025-09-03 08:13:47.549001 +00:00,130,1.7379999,4.363
2025-09-10 07:14:23.098001 +00:00,130,3.1920002,2.8109999
2025-09-11 13:32:44.854001 +00:00,130,,
2025-09-05 12:50:05.651001 +00:00,130,4.015,2.8999999
2025-09-11 14:16:19.366001 +00:00,130,,
2025-09-04 07:18:03.214001 +00:00,130,7.383,1.571
2025-09-03 08:46:50.429001 +00:00,130,1.959,7.268
2025-10-03 09:43:04.974001 +00:00,130,1.698,1.7409999
2025-09-05 11:46:25.127001 +00:00,130,1.584,1.832
2025-09-04 08:13:20.346001 +00:00,130,1.85,2.091
2025-09-04 07:16:56.104001 +00:00,130,8.217999,4.393
2025-09-04 08:13:20.346001 +00:00,130,1.6919999,2.091
2025-09-11 13:39:46.377001 +00:00,129,1.448,2.608
2025-09-10 09:03:37.262001 +00:00,129,5.991,1.875
2025-09-03 10:15:23.749001 +00:00,129,2.0349998,3.943
2025-09-03 06:58:15.775001 +00:00,129,1.7409999,2.48
2025-09-03 08:13:47.548001 +00:00,129,1.6880001,4.363
2025-09-03 08:13:47.548001 +00:00,129,1.7950001,4.363
2025-09-10 08:29:41.810001 +00:00,129,2.711,1.707
2025-09-05 11:46:46.463001 +00:00,129,13.717999,7.724
2025-09-08 10:25:22.995001 +00:00,129,5.37,4.9319997
2025-09-10 09:04:39.698001 +00:00,129,7.623,4.9430003
2025-09-03 11:00:20.993001 +00:00,129,7.242,2.024
2025-09-05 11:46:25.126001 +00:00,129,1.8100001,1.832
2025-09-04 07:17:16.119001 +00:00,129,1.8429999,1.846
2025-09-10 07:15:35.154001 +00:00,129,1.59,1.648
2025-09-03 11:00:20.993001 +00:00,129,3.784,2.024
2025-09-04 08:14:46.576001 +00:00,129,1.664,7.1809998
2025-09-03 06:58:15.775001 +00:00,129,5.609,2.48
2025-09-08 08:28:03.287001 +00:00,129,8.456,4.9589996
2025-09-10 09:04:39.698001 +00:00,129,1.849,4.9430003
2025-09-04 07:16:56.103001 +00:00,129,6.4480004,4.393
2025-09-03 10:14:44.478001 +00:00,129,1.737,2.0049999
2025-09-05 11:46:46.463001 +00:00,129,1.7650001,7.724
2025-09-10 10:12:08.472001 +00:00,129,1.684,1.648
2025-09-04 07:16:56.103001 +00:00,129,1.58,4.393
2025-09-10 08:00:06.340001 +00:00,129,1.562,1.628
2025-09-11 13:32:56.502001 +00:00,129,,
2025-09-10 10:57:38.538001 +00:00,129,1.509,1.931
2025-09-03 06:58:25.258001 +00:00,129,1.722,1.816
2025-09-04 07:18:03.213001 +00:00,129,1.547,1.571
2025-09-10 08:29:41.810001 +00:00,129,1.635,1.707
2025-09-10 08:00:56.328001 +00:00,129,1.864,2.651
2025-09-03 10:15:23.749001 +00:00,129,1.864,3.943
2025-09-05 12:02:20.441001 +00:00,129,4.421,4.9100003
2025-09-10 06:49:38.192001 +00:00,129,7.231,1.725
2025-09-10 06:49:38.192001 +00:00,129,1.697,1.725
2025-09-03 08:46:50.428001 +00:00,129,1.629,7.268
2025-09-03 10:14:44.478001 +00:00,129,1.917,2.0049999
2025-09-03 08:46:23.511001 +00:00,129,1.672,1.6700001
2025-09-10 08:29:11.999001 +00:00,129,1.546,1.774
2025-09-10 06:49:28.430001 +00:00,129,4.011,7.127
2025-09-10 10:12:31.224001 +00:00,129,1.641,1.689
2025-09-10 10:57:22.244001 +00:00,128,1.744,1.76
2025-09-03 08:12:12.002001 +00:00,128,1.7379999,1.8100001
2025-09-03 08:13:47.547001 +00:00,128,2.013,4.363
2025-09-10 09:04:39.697001 +00:00,128,6.179,4.9430003
2025-09-05 12:50:43.050001 +00:00,128,12.009001,13.58
2025-09-08 10:24:12.940001 +00:00,128,1.878,1.531
2025-09-10 08:00:24.959001 +00:00,128,1.728,1.523
2025-09-10 08:00:24.959001 +00:00,128,1.7409999,1.523
2025-09-05 12:50:05.649001 +00:00,128,4.5690002,2.8999999
2025-09-03 08:46:23.510001 +00:00,128,1.778,1.6700001
2025-09-08 10:22:51.065001 +00:00,128,3.513,2.596
2025-09-10 08:00:24.959001 +00:00,128,4.45,1.523
2025-09-10 08:29:41.809001 +00:00,128,3.8240001,1.707
2025-10-03 09:43:04.972001 +00:00,128,1.5389999,1.7409999
2025-09-04 08:13:20.344001 +00:00,128,1.601,2.091
2025-09-10 09:04:39.697001 +00:00,128,1.962,4.9430003
2025-09-04 08:13:44.007001 +00:00,128,1.8119999,8.603
2025-09-10 10:12:08.471001 +00:00,128,7.229,1.648
2025-09-05 12:49:46.200001 +00:00,128,1.71,11.649
2025-09-04 07:17:16.118001 +00:00,128,1.6730001,1.846
2025-09-10 08:28:49.077001 +00:00,128,1.7190001,1.886
2025-09-10 09:03:37.261001 +00:00,128,8.576,1.875
2025-09-10 07:14:23.096001 +00:00,128,11.714001,2.8109999
2025-09-03 10:15:23.748001 +00:00,128,1.702,3.943
2025-09-10 10:12:31.223001 +00:00,128,1.503,1.689
2025-09-08 10:22:51.065001 +00:00,128,1.796,2.596
2025-09-10 10:12:08.471001 +00:00,128,1.577,1.648
2025-09-08 10:25:22.994001 +00:00,128,3.67,4.9319997
2025-09-04 07:18:03.212001 +00:00,128,4.988,1.571
2025-09-03 10:14:44.477001 +00:00,128,1.976,2.0049999
2025-09-10 08:28:49.076001 +00:00,127,1.573,1.886
2025-09-10 09:03:37.260001 +00:00,127,11.368,1.875
2025-09-10 09:03:37.260001 +00:00,127,1.529,1.875
2025-09-10 09:03:57.240001 +00:00,127,1.79,7.0270004
2025-09-10 09:03:57.240001 +00:00,127,1.746,7.0270004
2025-09-03 11:41:46.045001 +00:00,127,19.037,5.493
2025-09-10 08:29:11.997001 +00:00,127,1.503,1.774
2025-09-03 10:14:44.476001 +00:00,127,1.6899999,2.0049999
2025-09-10 10:12:08.470001 +00:00,127,1.914,1.648
2025-09-10 08:00:24.958001 +00:00,127,2.108,1.523
2025-09-10 08:00:06.338001 +00:00,127,1.518,1.628
2025-09-10 08:00:06.338001 +00:00,127,1.6570001,1.628
2025-09-10 07:14:42.480001 +00:00,127,1.521,1.643
2025-09-10 07:14:23.095001 +00:00,127,2.5210001,2.8109999
2025-09-10 07:14:23.095001 +00:00,127,1.684,2.8109999
2025-09-10 07:14:23.095001 +00:00,127,1.5810001,2.8109999
2025-09-10 10:57:38.536001 +00:00,127,1.9369999,1.931
2025-09-10 06:49:38.190001 +00:00,127,2.727,1.725
2025-09-10 10:57:38.536001 +00:00,127,1.61,1.931
2025-09-08 10:25:22.993001 +00:00,127,3.8330002,4.9319997
2025-09-11 13:32:56.500001 +00:00,127,1.863,
2025-09-05 11:47:29.982001 +00:00,127,5.224,5.509
2025-09-05 12:02:20.439001 +00:00,127,1.9039999,4.9100003
2025-09-05 12:02:20.439001 +00:00,127,4.09,4.9100003
2025-09-05 12:02:20.439001 +00:00,127,1.781,4.9100003
2025-10-03 09:44:28.611001 +00:00,127,1.599,4.9760003
2025-09-03 06:58:15.773001 +00:00,127,1.594,2.48
2025-09-03 06:58:15.773001 +00:00,127,1.604,2.48
2025-09-05 12:50:05.648001 +00:00,127,2.075,2.8999999
2025-09-03 10:15:23.747001 +00:00,127,2.164,3.943
2025-09-10 10:12:08.469001 +00:00,126,3.47,1.648
2025-09-08 10:25:22.992001 +00:00,126,1.764,4.9319997
2025-09-03 06:58:25.255001 +00:00,126,2.9810002,1.816
2025-09-03 08:46:23.508001 +00:00,126,1.725,1.6700001
2025-09-03 08:12:12.000001 +00:00,126,1.798,1.8100001
2025-09-03 06:58:15.772001 +00:00,126,12.2,2.48
2025-09-11 13:32:44.850001 +00:00,126,1.863,
2025-09-08 10:24:12.938001 +00:00,126,3.2289999,1.531
2025-09-10 08:00:06.337001 +00:00,126,3.086,1.628
2025-09-03 08:47:28.298001 +00:00,126,1.672,1.717
2025-09-05 12:50:43.048001 +00:00,126,11.804999,13.58
2025-10-03 09:43:24.161001 +00:00,126,1.715,1.5389999
2025-09-10 08:00:06.337001 +00:00,126,1.6270001,1.628
2025-09-10 08:00:06.337001 +00:00,126,7.23,1.628
2025-09-03 08:12:47.338001 +00:00,126,2.4689999,1.7800001
2025-09-05 12:50:43.048001 +00:00,126,2.161,13.58
2025-09-10 09:03:37.259001 +00:00,126,1.652,1.875
2025-09-04 07:18:03.210001 +00:00,126,1.672,1.571
2025-09-08 10:24:28.124001 +00:00,126,7.771,3.5649998
2025-09-08 10:22:51.063001 +00:00,126,5.37,2.596
2025-09-08 10:22:51.063001 +00:00,126,1.8759999,2.596
2025-10-03 09:44:28.610001 +00:00,126,1.747,4.9760003
2025-09-10 10:13:08.388001 +00:00,126,1.54,1.64
2025-09-10 07:15:35.151001 +00:00,126,1.643,1.648
2025-09-03 11:00:20.990001 +00:00,126,5.064,2.024
2025-09-05 12:50:43.048001 +00:00,126,13.405,13.58
2025-09-10 09:03:37.259001 +00:00,126,4.021,1.875
2025-09-10 08:00:56.325001 +00:00,126,4.266,2.651
2025-09-10 08:00:56.325001 +00:00,126,14.377,2.651
2025-09-05 12:50:05.647001 +00:00,126,3.0080001,2.8999999
2025-09-03 10:14:20.396001 +00:00,126,7.738,1.6899999
2025-09-10 06:49:38.189001 +00:00,126,2.618,1.725
2025-09-10 06:49:38.189001 +00:00,126,1.773,1.725
2025-09-04 07:16:56.100001 +00:00,126,1.686,4.393
2025-09-04 07:16:56.100001 +00:00,126,1.8570001,4.393
2025-09-08 08:27:10.789001 +00:00,126,1.7379999,7.768
2025-09-11 13:32:56.499001 +00:00,126,,
2025-09-10 08:29:41.807001 +00:00,126,1.71,1.707
2025-09-10 10:57:38.535001 +00:00,126,1.59,1.931
2025-09-10 10:57:22.242001 +00:00,126,1.599,1.76
2025-09-10 08:28:49.075001 +00:00,126,1.625,1.886
2025-09-10 08:29:11.996001 +00:00,126,1.608,1.774
2025-09-08 08:28:03.284001 +00:00,126,1.601,4.9589996
2025-09-10 07:14:23.094001 +00:00,126,4.519,2.8109999
2025-09-10 07:14:23.094001 +00:00,126,8.247,2.8109999
2025-09-10 10:12:08.469001 +00:00,126,1.687,1.648
2025-09-08 10:22:51.062001 +00:00,125,3.8330002,2.596
2025-10-03 09:43:24.160001 +00:00,125,1.724,1.5389999
2025-10-03 09:43:24.160001 +00:00,125,1.698,1.5389999
2025-09-10 07:14:23.093001 +00:00,125,1.64,2.8109999
2025-09-03 08:12:11.999001 +00:00,125,2.263,1.8100001
2025-09-10 10:57:38.534001 +00:00,125,1.664,1.931
2025-09-05 11:46:25.122001 +00:00,125,2.099,1.832
2025-09-03 08:46:23.507001 +00:00,125,1.86,1.6700001
2025-10-03 09:43:24.160001 +00:00,125,1.863,1.5389999
2025-09-05 11:46:46.459001 +00:00,125,1.711,7.724
2025-09-05 11:46:46.459001 +00:00,125,3.611,7.724
2025-09-10 10:12:31.220001 +00:00,125,1.645,1.689
2025-09-08 10:24:12.937001 +00:00,125,4.137,1.531
2025-09-10 10:12:31.220001 +00:00,125,7.698,1.689
2025-09-04 07:17:16.115001 +00:00,125,3.856,1.846
2025-09-10 09:04:39.694001 +00:00,125,3.455,4.9430003
2025-09-10 08:00:24.956001 +00:00,125,1.5389999,1.523
2025-09-05 12:49:46.197001 +00:00,125,14.427,11.649
2025-09-05 12:49:46.197001 +00:00,125,5.0610003,11.649
2025-09-08 08:27:28.186001 +00:00,125,1.783,1.787
2025-09-10 10:58:12.701001 +00:00,125,1.77,3.878
2025-09-08 08:27:28.186001 +00:00,125,1.5780001,1.787
2025-09-04 08:14:46.572001 +00:00,125,1.6919999,7.1809998
2025-09-04 07:18:03.209001 +00:00,125,5.224,1.571
2025-09-10 08:28:49.074001 +00:00,125,1.6899999,1.886
2025-09-08 08:28:03.283001 +00:00,125,1.544,4.9589996
2025-09-08 10:22:51.062001 +00:00,125,4.085,2.596
2025-09-03 10:15:23.745001 +00:00,125,1.878,3.943
2025-09-08 10:22:51.062001 +00:00,125,3.67,2.596
2025-10-03 09:43:24.160001 +00:00,125,1.708,1.5389999
2025-10-03 09:44:28.609001 +00:00,125,2.138,4.9760003
2025-09-10 08:29:41.805001 +00:00,124,14.058001,1.707
2025-09-03 10:15:23.744001 +00:00,124,3.784,3.943
2025-09-10 08:29:11.994001 +00:00,124,2.202,1.774
2025-09-08 10:25:22.990001 +00:00,124,5.587,4.9319997
2025-09-08 10:22:51.061001 +00:00,124,2.048,2.596
2025-09-05 12:50:43.046001 +00:00,124,5.434,13.58
2025-09-05 11:47:29.979001 +00:00,124,7.724,5.509
2025-09-10 10:13:08.386001 +00:00,124,1.5630001,1.64
2025-09-03 08:47:28.296001 +00:00,124,1.529,1.717
2025-09-08 10:24:28.122001 +00:00,124,3.513,3.5649998
2025-09-03 11:00:20.988001 +00:00,124,3.6520002,2.024
2025-09-10 08:29:11.994001 +00:00,124,3.0839999,1.774
2025-09-10 08:29:11.994001 +00:00,124,1.739,1.774
2025-09-08 10:24:28.122001 +00:00,124,1.861,3.5649998
2025-09-08 08:27:28.185001 +00:00,124,3.6869998,1.787
2025-09-03 10:14:20.394001 +00:00,124,3.943,1.6899999
2025-09-03 08:46:23.506001 +00:00,124,1.8560001,1.6700001
2025-09-04 07:17:16.114001 +00:00,124,1.798,1.846
2025-09-10 06:49:38.187001 +00:00,124,1.51,1.725
2025-09-03 08:12:11.998001 +00:00,124,1.783,1.8100001
2025-09-04 07:18:03.208001 +00:00,124,1.8429999,1.571
2025-09-03 06:58:15.770001 +00:00,124,1.664,2.48
2025-09-10 10:12:31.219001 +00:00,124,1.641,1.689
2025-09-04 07:18:03.208001 +00:00,124,5.659,1.571
2025-09-05 12:50:05.645001 +00:00,124,3.698,2.8999999
2025-09-10 10:57:38.533001 +00:00,124,1.801,1.931
2025-09-10 06:49:28.425001 +00:00,124,3.437,7.127
2025-09-08 10:24:12.936001 +00:00,124,2.659,1.531
2025-09-10 08:29:41.804001 +00:00,123,1.667,1.707
2025-09-05 12:02:20.435001 +00:00,123,1.6880001,4.9100003
2025-10-03 09:43:24.158001 +00:00,123,1.782,1.5389999
2025-09-10 08:00:24.954001 +00:00,123,3.36,1.523
2025-09-08 10:25:22.989001 +00:00,123,3.296,4.9319997
2025-09-03 11:00:20.987001 +00:00,123,5.626,2.024
2025-09-03 08:12:47.335001 +00:00,123,1.617,1.7800001
2025-09-05 11:46:46.457001 +00:00,123,1.728,7.724
2025-09-11 13:32:56.496001 +00:00,123,,
2025-09-10 10:57:38.532001 +00:00,123,7.757,1.931
2025-09-10 09:03:57.236001 +00:00,123,2.69,7.0270004
2025-09-10 07:14:23.091001 +00:00,123,1.7620001,2.8109999
2025-09-10 08:29:11.993001 +00:00,123,1.555,1.774
2025-09-03 08:46:23.505001 +00:00,123,1.623,1.6700001
2025-09-04 08:13:44.002001 +00:00,123,1.819,8.603
2025-09-04 08:13:44.002001 +00:00,123,1.618,8.603
2025-09-10 08:29:41.804001 +00:00,123,2.6430001,1.707
2025-09-10 10:57:22.239001 +00:00,123,1.622,1.76
2025-09-10 10:57:22.239001 +00:00,123,1.667,1.76
2025-09-10 08:29:41.804001 +00:00,123,1.824,1.707
2025-09-05 11:47:29.978001 +00:00,123,2.967,5.509
2025-09-05 11:47:29.978001 +00:00,123,1.707,5.509
2025-09-05 11:47:29.978001 +00:00,123,1.909,5.509
2025-09-04 07:16:56.097001 +00:00,123,2.334,4.393
2025-09-04 07:16:56.097001 +00:00,123,8.298,4.393
2025-09-04 07:16:56.097001 +00:00,123,5.346,4.393
2025-09-03 08:46:50.422001 +00:00,123,1.804,7.268
2025-09-10 08:00:56.322001 +00:00,123,2.902,2.651
2025-09-08 10:22:51.060001 +00:00,123,2.693,2.596
2025-09-08 08:27:28.184001 +00:00,123,1.583,1.787
2025-09-10 10:12:08.466001 +00:00,123,6.163,1.648
2025-09-10 08:00:06.334001 +00:00,123,1.671,1.628
2025-09-10 10:57:22.238001 +00:00,122,1.7989999,1.76
2025-09-08 10:24:28.120001 +00:00,122,1.8759999,3.5649998
2025-09-10 10:57:38.531001 +00:00,122,7.545,1.931
2025-09-08 10:24:28.120001 +00:00,122,5.37,3.5649998
2025-09-03 08:12:47.334001 +00:00,122,1.774,1.7800001
2025-09-10 10:13:08.384001 +00:00,122,1.684,1.64
2025-09-03 06:58:15.768001 +00:00,122,19.244,2.48
2025-09-04 08:13:44.001001 +00:00,122,1.667,8.603
2025-09-03 08:46:50.421001 +00:00,122,1.6899999,7.268
2025-09-03 08:12:47.334001 +00:00,122,2.641,1.7800001
2025-09-03 08:46:50.421001 +00:00,122,1.7409999,7.268
2025-09-10 10:57:38.531001 +00:00,122,7.731,1.931
2025-10-03 09:43:04.966001 +00:00,122,1.508,1.7409999
2025-09-03 10:14:20.392001 +00:00,122,2.079,1.6899999
2025-09-03 10:14:20.392001 +00:00,122,2.188,1.6899999
2025-09-03 11:41:46.040001 +00:00,122,8.448,5.493
2025-09-04 08:13:44.001001 +00:00,122,3.633,8.603
2025-09-04 07:18:03.206001 +00:00,122,1.544,1.571
2025-09-05 11:47:29.977001 +00:00,122,1.8119999,5.509
2025-09-04 08:14:46.569001 +00:00,122,1.6270001,7.1809998
2025-09-03 08:47:28.294001 +00:00,122,1.643,1.717
2025-09-10 08:00:06.333001 +00:00,122,1.515,1.628
2025-09-04 08:14:46.569001 +00:00,122,1.883,7.1809998
2025-09-10 10:58:12.698001 +00:00,122,1.832,3.878
2025-09-10 08:29:11.992001 +00:00,122,1.8100001,1.774
2025-09-03 11:00:20.986001 +00:00,122,7.3739996,2.024
2025-09-03 06:58:25.251001 +00:00,122,1.867,1.816
2025-09-11 13:39:36.534001 +00:00,121,1.712,1.7
2025-09-03 11:41:46.039001 +00:00,121,5.6309996,5.493
2025-09-11 13:40:13.014001 +00:00,121,1.683,2.471
2025-09-10 10:57:38.530001 +00:00,121,1.834,1.931
2025-09-10 10:57:38.530001 +00:00,121,1.6880001,1.931
2025-09-04 07:17:16.111001 +00:00,121,8.448,1.846
2025-09-10 09:04:39.690001 +00:00,121,1.59,4.9430003
2025-09-04 07:16:56.095001 +00:00,121,4.979,4.393
2025-09-03 08:47:28.293001 +00:00,121,1.781,1.717
2025-09-05 12:50:05.642001 +00:00,121,4.701,2.8999999
2025-09-08 08:27:10.784001 +00:00,121,3.032,7.768
2025-09-10 06:49:38.184001 +00:00,121,1.527,1.725
2025-09-03 08:46:50.420001 +00:00,121,4.373,7.268
2025-09-03 08:46:50.420001 +00:00,121,1.694,7.268
2025-09-05 11:46:25.118001 +00:00,121,2.233,1.832
2025-10-03 09:43:24.156001 +00:00,121,1.5320001,1.5389999
2025-09-10 08:00:56.320001 +00:00,121,1.623,2.651
2025-09-10 08:00:56.320001 +00:00,121,2.204,2.651
2025-09-10 07:15:35.146001 +00:00,121,6.8919997,1.648
2025-09-03 08:12:47.333001 +00:00,121,1.6420001,1.7800001
2025-09-08 10:24:28.119001 +00:00,121,4.201,3.5649998
2025-09-03 11:00:20.985001 +00:00,121,7.788,2.024
2025-09-05 12:50:05.642001 +00:00,121,5.337,2.8999999
2025-09-08 10:22:51.058001 +00:00,121,3.296,2.596
2025-09-08 10:22:51.058001 +00:00,121,5.587,2.596
2025-09-08 08:27:28.182001 +00:00,121,8.456,1.787
2025-10-03 09:44:28.605001 +00:00,121,3.617,4.9760003
2025-09-10 09:03:37.254001 +00:00,121,3.8439999,1.875
2025-09-05 12:50:43.043001 +00:00,121,6.732,13.58
2025-09-10 06:49:28.422001 +00:00,121,1.742,7.127
2025-09-08 10:25:22.987001 +00:00,121,2.763,4.9319997
2025-09-08 10:25:22.987001 +00:00,121,28.068,4.9319997
2025-09-08 10:24:12.933001 +00:00,121,5.145,1.531
2025-09-04 08:13:44.000001 +00:00,121,1.6270001,8.603
2025-09-04 08:13:44.000001 +00:00,121,1.559,8.603
2025-09-05 12:50:43.043001 +00:00,121,5.6099997,13.58
2025-09-03 06:58:15.767001 +00:00,121,1.867,2.48
2025-09-03 08:12:11.995001 +00:00,121,1.641,1.8100001
2025-09-03 10:15:23.741001 +00:00,121,1.7800001,3.943
2025-09-10 09:03:57.233001 +00:00,120,7.623,7.0270004
2025-09-03 10:14:44.469001 +00:00,120,2.479,2.0049999
2025-09-11 13:39:36.533001 +00:00,120,1.571,1.7
2025-09-11 13:39:46.368001 +00:00,120,1.7,2.608
2025-09-11 13:32:44.844001 +00:00,120,,
2025-09-10 09:03:37.253001 +00:00,120,1.565,1.875
2025-09-10 08:28:49.069001 +00:00,120,1.662,1.886
2025-09-03 08:47:28.292001 +00:00,120,7.747,1.717
2025-09-05 12:50:43.042001 +00:00,120,2.15,13.58
2025-09-11 13:32:56.493001 +00:00,120,1.584,
2025-09-05 12:50:05.641001 +00:00,120,11.736,2.8999999
2025-09-03 10:15:23.740001 +00:00,120,7.7089996,3.943
2025-09-05 12:49:46.192001 +00:00,120,2.161,11.649
2025-09-05 12:49:46.192001 +00:00,120,11.804999,11.649
2025-09-04 08:13:20.336001 +00:00,120,2.892,2.091
2025-09-04 08:13:20.336001 +00:00,120,1.899,2.091
2025-09-03 06:58:25.249001 +00:00,120,1.9039999,1.816
2025-10-10 12:50:55.288001 +00:00,120,1.5,3.762
2025-09-10 09:03:57.233001 +00:00,120,1.5350001,7.0270004
2025-09-03 08:13:47.539001 +00:00,120,2.902,4.363
2025-09-10 10:12:08.463001 +00:00,120,1.5630001,1.648
2025-09-10 06:49:28.421001 +00:00,120,1.706,7.127
2025-09-10 09:03:57.233001 +00:00,120,1.875,7.0270004
2025-09-10 07:15:35.145001 +00:00,120,1.5569999,1.648
2025-09-05 11:47:29.975001 +00:00,120,8.685,5.509
2025-09-03 08:12:47.332001 +00:00,120,1.897,1.7800001
2025-09-10 08:00:56.319001 +00:00,120,1.8100001,2.651
2025-09-04 07:18:03.204001 +00:00,120,3.856,1.571
2025-09-10 06:49:38.183001 +00:00,120,1.718,1.725
2025-09-03 08:46:50.419001 +00:00,120,1.639,7.268
2025-09-03 10:15:23.740001 +00:00,120,1.874,3.943
2025-09-10 06:49:38.183001 +00:00,120,2.665,1.725
2025-09-08 10:24:28.118001 +00:00,120,2.016,3.5649998
2025-09-04 07:17:16.110001 +00:00,120,8.217999,1.846
2025-09-10 06:49:38.183001 +00:00,120,1.779,1.725
2025-09-08 08:27:10.783001 +00:00,120,1.8110001,7.768
2025-09-08 10:25:22.985001 +00:00,119,4.106,4.9319997
2025-09-08 10:25:22.985001 +00:00,119,2.273,4.9319997
2025-09-03 08:13:47.538001 +00:00,119,1.595,4.363
2025-09-10 06:49:28.420001 +00:00,119,4.493,7.127
2025-09-08 10:24:28.117001 +00:00,119,2.715,3.5649998
2025-09-08 10:24:28.117001 +00:00,119,5.342,3.5649998
2026-03-03 06:07:25.288001 +00:00,119,1.473,1.376
2025-09-05 11:46:46.453001 +00:00,119,1.8100001,7.724
2025-09-10 06:49:38.182001 +00:00,119,1.822,1.725
2025-09-03 08:46:23.501001 +00:00,119,2.34,1.6700001
2025-09-08 10:24:12.931001 +00:00,119,7.771,1.531
2025-09-08 10:24:12.931001 +00:00,119,7.2139997,1.531
2025-09-04 08:13:43.998001 +00:00,119,2.096,8.603
2025-09-04 08:13:43.998001 +00:00,119,2.0600002,8.603
2025-09-10 10:57:22.235001 +00:00,119,7.5889997,1.76
2025-09-05 11:47:29.974001 +00:00,119,6.7739997,5.509
2025-09-10 10:57:22.235001 +00:00,119,1.605,1.76
2025-10-03 09:43:04.963001 +00:00,119,4.626,1.7409999
2025-09-10 07:15:35.144001 +00:00,119,8.247,1.648
2025-09-10 08:00:06.330001 +00:00,119,1.586,1.628
2025-09-10 08:00:06.330001 +00:00,119,1.5979999,1.628
2025-09-03 10:15:23.739001 +00:00,119,2.842,3.943
2025-09-03 08:47:28.291001 +00:00,119,1.5780001,1.717
2025-09-03 06:58:25.248001 +00:00,119,1.597,1.816
2025-09-04 07:17:16.109001 +00:00,119,1.58,1.846
2025-10-03 09:44:28.603001 +00:00,119,2.2350001,4.9760003
2025-09-04 07:17:16.109001 +00:00,119,7.2380004,1.846
2025-09-08 08:27:28.180001 +00:00,119,1.774,1.787
2025-09-03 10:14:20.389001 +00:00,119,7.7269998,1.6899999
2025-09-04 07:16:56.093001 +00:00,119,1.7409999,4.393
2025-09-10 09:04:39.688001 +00:00,119,2.421,4.9430003
2025-09-10 08:28:49.068001 +00:00,119,1.546,1.886
2025-09-10 08:28:49.068001 +00:00,119,1.65,1.886
2025-09-03 06:58:15.765001 +00:00,119,1.9039999,2.48
2025-09-08 08:27:10.782001 +00:00,119,1.708,7.768
2026-05-06 08:42:41.370001 +00:00,119,1.501,1.756
2025-09-10 09:03:37.252001 +00:00,119,1.696,1.875
2026-05-06 08:41:42.810001 +00:00,119,1.501,1.494
2025-09-11 13:32:44.843001 +00:00,119,1.584,
2025-09-10 07:15:35.143001 +00:00,118,1.6730001,1.648
2025-09-10 09:04:39.687001 +00:00,118,5.363,4.9430003
2025-09-03 10:15:23.738001 +00:00,118,7.788,3.943
2025-09-05 11:47:29.973001 +00:00,118,8.233,5.509
2025-09-10 07:14:42.471001 +00:00,118,1.599,1.643
2025-09-10 10:57:22.234001 +00:00,118,1.684,1.76
2025-09-10 10:57:22.234001 +00:00,118,1.713,1.76
2025-09-05 12:50:05.639001 +00:00,118,1.71,2.8999999
2025-09-10 06:49:28.419001 +00:00,118,1.655,7.127
2025-09-04 08:14:46.565001 +00:00,118,2.4929998,7.1809998
2025-09-10 10:12:31.213001 +00:00,118,1.6589999,1.689
2025-09-10 10:12:31.213001 +00:00,118,1.855,1.689
2026-03-02 13:34:53.971001 +00:00,118,1.713,1.623
2025-09-03 06:58:25.247001 +00:00,118,1.9769999,1.816
2026-01-22 15:48:20.138001 +00:00,118,3.905,5.147
2026-01-22 15:48:20.138001 +00:00,118,6.798,5.147
2025-09-03 06:58:25.247001 +00:00,118,11.592,1.816
2025-09-08 08:28:03.276001 +00:00,118,6.935,4.9589996
2026-01-22 15:48:20.138001 +00:00,118,7.5420003,5.147
2025-10-03 11:13:02.862001 +00:00,118,,
2025-09-05 11:46:25.115001 +00:00,118,1.606,1.832
2025-09-10 10:12:31.213001 +00:00,118,3.7459998,1.689
2025-09-10 10:57:38.527001 +00:00,118,1.725,1.931
2025-09-10 08:00:24.949001 +00:00,118,3.974,1.523
2025-10-03 09:43:24.153001 +00:00,118,2.326,1.5389999
2025-09-10 10:12:08.461001 +00:00,118,1.529,1.648
2025-09-10 10:12:08.461001 +00:00,118,1.798,1.648
2025-09-11 13:39:36.531001 +00:00,118,5.892,1.7
2025-09-10 08:29:11.988001 +00:00,118,1.71,1.774
2025-09-11 13:32:44.842001 +00:00,118,,
2025-09-03 08:46:23.500001 +00:00,118,1.8,1.6700001
2026-03-03 06:07:25.287001 +00:00,118,1.403,1.376
2025-09-08 10:24:12.930001 +00:00,118,5.1330004,1.531
2025-09-10 09:03:37.251001 +00:00,118,1.822,1.875
2025-09-08 10:24:12.930001 +00:00,118,1.909,1.531
2025-09-03 08:12:11.992001 +00:00,118,1.647,1.8100001
2025-09-03 10:14:44.467001 +00:00,118,1.9739999,2.0049999
2025-09-08 10:22:51.055001 +00:00,118,2.763,2.596
2025-09-03 10:14:44.467001 +00:00,118,1.75,2.0049999
2025-09-08 08:27:28.179001 +00:00,118,1.712,1.787
2025-09-03 10:14:44.467001 +00:00,118,1.833,2.0049999
2025-09-04 08:13:43.997001 +00:00,118,1.748,8.603
2025-09-11 13:32:44.842001 +00:00,118,,
2025-09-10 08:28:49.067001 +00:00,118,7.9269996,1.886
2025-09-10 08:00:56.317001 +00:00,118,3.2510002,2.651
2025-09-10 10:12:31.213001 +00:00,118,1.914,1.689
2025-09-10 07:15:35.143001 +00:00,118,1.64,1.648
2025-09-10 07:15:35.142001 +00:00,117,1.591,1.648
2025-09-10 08:29:41.798001 +00:00,117,1.728,1.707
2025-09-08 08:28:03.275001 +00:00,117,1.7190001,4.9589996
2025-09-04 07:18:03.201001 +00:00,117,1.7229999,1.571
2025-10-03 09:43:24.152001 +00:00,117,3.617,1.5389999
2026-03-03 06:07:25.286001 +00:00,117,1.667,1.376
2025-09-10 07:15:35.142001 +00:00,117,4.178,1.648
2025-09-05 12:49:46.189001 +00:00,117,5.434,11.649
2025-09-04 08:13:20.333001 +00:00,117,1.763,2.091
2026-03-03 06:07:25.286001 +00:00,117,5.276,1.376
2025-09-03 08:46:50.416001 +00:00,117,7.8849998,7.268
2025-09-05 11:47:29.972001 +00:00,117,1.864,5.509
2025-09-10 09:04:39.686001 +00:00,117,1.66,4.9430003
2025-09-10 08:28:49.066001 +00:00,117,1.651,1.886
2025-09-08 10:25:22.983001 +00:00,117,3.9869998,4.9319997
2025-09-03 10:14:44.466001 +00:00,117,1.863,2.0049999
2025-09-03 08:12:11.991001 +00:00,117,1.628,1.8100001
2025-09-03 06:58:15.763001 +00:00,117,1.63,2.48
2025-09-10 08:29:11.987001 +00:00,117,1.6309999,1.774
2025-09-03 08:46:23.499001 +00:00,117,7.7050004,1.6700001
2025-09-10 10:57:38.526001 +00:00,117,1.601,1.931
2025-09-11 13:32:56.490001 +00:00,117,,
2025-09-03 06:58:15.763001 +00:00,117,11.592,2.48
2025-09-10 06:49:38.180001 +00:00,117,4.86,1.725
2026-01-22 15:58:30.219001 +00:00,117,6.5959997,5.147
2025-09-03 11:00:20.981001 +00:00,117,5.128,2.024
2025-09-03 11:00:20.981001 +00:00,117,2.479,2.024
2025-09-04 08:14:46.564001 +00:00,117,1.748,7.1809998
2025-09-05 12:50:05.638001 +00:00,117,1.6700001,2.8999999
2025-09-05 12:50:05.638001 +00:00,117,2.7719998,2.8999999
2025-09-10 08:00:24.948001 +00:00,117,2.088,1.523
2025-09-03 08:47:28.289001 +00:00,117,1.8560001,1.717
2025-09-03 08:47:28.289001 +00:00,117,1.647,1.717
2025-09-10 08:29:41.798001 +00:00,117,1.682,1.707
2025-09-10 08:00:56.315001 +00:00,116,2.0330002,2.651
2025-09-10 07:14:42.469001 +00:00,116,1.583,1.643
2025-09-04 08:13:43.995001 +00:00,116,1.729,8.603
2026-03-03 06:07:25.285001 +00:00,116,1.718,1.376
2025-09-03 10:15:23.736001 +00:00,116,2.032,3.943
2025-09-08 08:27:28.177001 +00:00,116,11.563001,1.787
2025-09-03 06:58:25.245001 +00:00,116,14.294001,1.816
2025-09-03 08:46:23.498001 +00:00,116,1.676,1.6700001
2025-09-03 08:46:23.498001 +00:00,116,1.871,1.6700001
2025-09-10 10:57:38.525001 +00:00,116,8.651999,1.931
2025-09-10 10:57:38.525001 +00:00,116,1.548,1.931
2025-09-04 07:18:03.200001 +00:00,116,1.607,1.571
2025-09-08 08:27:10.779001 +00:00,116,1.575,7.768
2025-09-08 08:27:10.779001 +00:00,116,1.711,7.768
2025-10-03 11:13:02.860001 +00:00,116,,
2025-09-04 07:17:16.106001 +00:00,116,7.803,1.846
2026-01-22 15:58:30.218001 +00:00,116,1.944,5.147
2026-01-22 15:58:30.218001 +00:00,116,10.316999,5.147
2026-03-02 13:34:53.969001 +00:00,116,14.844999,1.623
2025-09-08 08:28:03.274001 +00:00,116,1.498,4.9589996
2025-09-10 09:03:57.229001 +00:00,116,1.728,7.0270004
2025-09-03 08:12:47.328001 +00:00,116,7.053,1.7800001
2025-09-03 08:12:47.328001 +00:00,116,1.883,1.7800001
2025-09-08 10:24:28.114001 +00:00,116,3.296,3.5649998
2025-09-10 10:58:12.692001 +00:00,116,1.73,3.878
2025-09-03 08:47:28.288001 +00:00,116,2.224,1.717
2025-09-03 11:00:20.980001 +00:00,116,4.485,2.024
2025-09-05 12:50:05.637001 +00:00,116,5.0610003,2.8999999
2025-09-03 08:47:28.288001 +00:00,116,1.6730001,1.717
2025-09-03 08:47:28.288001 +00:00,116,2.161,1.717
2025-09-03 10:15:23.736001 +00:00,116,2.105,3.943
2025-09-10 06:49:28.417001 +00:00,116,1.5600001,7.127
2025-09-03 08:13:47.535001 +00:00,116,1.883,4.363
2025-09-03 08:13:47.535001 +00:00,116,1.726,4.363
2025-09-03 08:13:47.535001 +00:00,116,7.053,4.363
2025-09-04 08:13:20.332001 +00:00,116,7.9659996,2.091
2025-09-08 10:25:22.982001 +00:00,116,3.876,4.9319997
2025-09-10 10:12:31.211001 +00:00,116,1.687,1.689
2025-09-10 09:03:37.249001 +00:00,116,7.0270004,1.875
2025-09-03 08:46:50.415001 +00:00,116,1.806,7.268
2025-09-10 10:57:22.232001 +00:00,116,2.1299999,1.76
2025-09-05 11:46:25.113001 +00:00,116,7.744,1.832
2025-09-03 10:14:20.386001 +00:00,116,1.748,1.6899999
2025-09-03 10:15:23.736001 +00:00,116,5.263,3.943
2025-09-05 11:46:25.113001 +00:00,116,1.595,1.832
2025-09-05 11:47:29.971001 +00:00,116,1.916,5.509
2025-09-05 11:46:25.113001 +00:00,116,1.634,1.832
2025-09-08 10:25:22.982001 +00:00,116,4.052,4.9319997
2025-09-03 10:15:23.736001 +00:00,116,8.181,3.943
2025-09-05 12:49:46.187001 +00:00,115,4.302,11.649
2025-09-03 10:14:44.464001 +00:00,115,14.051,2.0049999
2025-09-10 06:49:38.178001 +00:00,115,1.755,1.725
2025-10-03 09:44:28.599001 +00:00,115,1.466,4.9760003
2025-09-05 11:46:25.112001 +00:00,115,1.9749999,1.832
2025-09-05 11:46:46.449001 +00:00,115,5.9290004,7.724
2025-09-04 07:16:56.089001 +00:00,115,1.666,4.393
2025-09-10 08:29:11.985001 +00:00,115,1.604,1.774
2025-09-10 08:00:24.946001 +00:00,115,1.5419999,1.523
2025-09-10 10:57:22.231001 +00:00,115,3.878,1.76
2025-09-03 06:58:25.244001 +00:00,115,1.9769999,1.816
2025-09-10 06:49:28.416001 +00:00,115,1.779,7.127
2025-09-03 08:12:47.327001 +00:00,115,1.743,1.7800001
2025-09-03 08:12:47.327001 +00:00,115,3.9220002,1.7800001
2025-09-04 07:17:16.105001 +00:00,115,1.8570001,1.846
2025-09-10 08:00:56.314001 +00:00,115,1.49,2.651
2025-09-10 08:00:56.314001 +00:00,115,6.711,2.651
2025-09-08 08:27:10.778001 +00:00,115,1.8100001,7.768
2025-09-10 08:00:56.314001 +00:00,115,2.442,2.651
2025-09-03 06:58:15.761001 +00:00,115,14.294001,2.48
2025-09-08 10:25:22.981001 +00:00,115,3.8739998,4.9319997
2025-09-03 08:13:47.534001 +00:00,115,2.122,4.363
2025-09-10 08:29:41.796001 +00:00,115,1.617,1.707
2025-10-03 11:13:02.859001 +00:00,115,,
2025-09-10 07:15:35.140001 +00:00,115,1.7620001,1.648
2025-09-10 06:49:38.178001 +00:00,115,11.684,1.725
2026-03-03 06:07:25.284001 +00:00,115,1.732,1.376
2025-09-10 08:00:24.945001 +00:00,114,7.312,1.523
2025-09-11 13:32:56.487001 +00:00,114,,
2025-09-05 12:50:05.635001 +00:00,114,4.734,2.8999999
2026-05-06 08:42:41.365001 +00:00,114,1.941,1.756
2025-09-10 10:12:31.209001 +00:00,114,6.163,1.689
2025-10-03 11:13:02.858001 +00:00,114,,
2025-10-03 11:13:02.858001 +00:00,114,,
2025-09-10 09:03:37.247001 +00:00,114,2.007,1.875
2026-05-06 08:41:42.805001 +00:00,114,7.899,1.494
2025-09-10 06:49:28.415001 +00:00,114,1.822,7.127
2025-09-10 09:03:37.247001 +00:00,114,1.917,1.875
2025-09-04 08:13:20.330001 +00:00,114,1.932,2.091
2025-09-04 08:13:20.330001 +00:00,114,1.7950001,2.091
2025-09-10 10:13:08.376001 +00:00,114,3.185,1.64
2025-09-05 12:49:46.186001 +00:00,114,1.758,11.649
2025-09-10 10:58:12.690001 +00:00,114,1.525,3.878
2025-09-11 13:40:13.007001 +00:00,114,1.534,2.471
2025-09-03 06:58:25.243001 +00:00,114,2.6859999,1.816
2025-09-10 08:28:49.063001 +00:00,114,1.597,1.886
2025-09-08 10:22:51.051001 +00:00,114,3.9869998,2.596
2025-09-03 08:12:11.988001 +00:00,114,1.656,1.8100001
2025-09-10 08:29:41.795001 +00:00,114,2.126,1.707
2025-10-03 09:43:24.149001 +00:00,114,1.643,1.5389999
2025-10-03 09:43:24.149001 +00:00,114,1.5239999,1.5389999
2025-09-10 08:00:56.313001 +00:00,114,1.813,2.651
2025-09-03 08:47:28.286001 +00:00,114,2.1520002,1.717
2025-09-10 08:00:56.313001 +00:00,114,3.996,2.651
2025-09-10 08:28:49.063001 +00:00,114,2.1899998,1.886
2026-05-06 08:41:42.805001 +00:00,114,5.8459997,1.494
2025-09-03 08:13:47.533001 +00:00,114,1.8050001,4.363
2025-09-10 08:00:56.313001 +00:00,114,1.664,2.651
2025-09-10 07:14:23.082001 +00:00,114,3.925,2.8109999
2025-09-03 06:58:25.243001 +00:00,114,2.9529998,1.816
2025-09-05 12:02:20.426001 +00:00,114,2.0029998,4.9100003
2026-03-03 06:07:25.283001 +00:00,114,1.568,1.376
2026-01-22 15:46:19.533001 +00:00,113,1.944,5.147
2025-09-03 06:58:15.759001 +00:00,113,2.9529998,2.48
2025-09-03 06:58:25.242001 +00:00,113,1.8299999,1.816
2025-09-03 10:15:23.733001 +00:00,113,1.6899999,3.943
2025-09-03 11:00:20.977001 +00:00,113,1.555,2.024
2025-09-03 11:00:20.977001 +00:00,113,1.9480001,2.024
2025-09-04 07:17:16.103001 +00:00,113,5.346,1.846
2025-09-05 11:46:46.447001 +00:00,113,5.0189996,7.724
2025-09-08 08:28:03.271001 +00:00,113,1.806,4.9589996
2025-09-08 08:28:03.271001 +00:00,113,8.605,4.9589996
2025-09-08 08:28:03.271001 +00:00,113,11.563001,4.9589996
2025-09-08 10:22:51.050001 +00:00,113,3.876,2.596
2025-09-08 10:22:51.050001 +00:00,113,2.265,2.596
2025-09-08 10:24:12.925001 +00:00,113,3.8330002,1.531
2025-09-08 10:24:12.925001 +00:00,113,2.016,1.531
2025-09-08 10:24:28.111001 +00:00,113,8.342,3.5649998
2025-09-08 10:25:22.979001 +00:00,113,3.071,4.9319997
2025-09-10 06:49:38.176001 +00:00,113,7.762,1.725
2025-09-10 07:14:42.466001 +00:00,113,1.824,1.643
2025-09-10 08:00:06.324001 +00:00,113,1.623,1.628
2025-09-10 08:00:24.944001 +00:00,113,1.628,1.523
2025-09-10 08:28:49.062001 +00:00,113,1.739,1.886
2025-09-10 09:04:39.682001 +00:00,113,1.818,4.9430003
2025-09-10 10:12:08.456001 +00:00,113,6.739,1.648
2025-09-10 10:12:31.208001 +00:00,113,1.507,1.689
2025-09-10 10:13:08.375001 +00:00,113,1.63,1.64
2025-09-10 10:57:22.229001 +00:00,113,1.8019999,1.76
2025-09-10 10:57:22.229001 +00:00,113,1.674,1.76
2025-09-10 10:57:22.229001 +00:00,113,1.801,1.76
2025-09-10 10:58:12.689001 +00:00,113,1.725,3.878
2025-09-11 13:32:56.486001 +00:00,113,,
2026-01-22 15:46:19.533001 +00:00,113,15.924999,5.147
2026-01-22 15:48:20.133001 +00:00,113,10.316999,5.147
2026-03-02 13:34:53.966001 +00:00,113,1.505,1.623
2026-05-06 08:42:19.105001 +00:00,113,1.941,1.6159999
2026-01-22 15:46:19.532001 +00:00,112,10.316999,5.147
2025-09-10 07:15:35.137001 +00:00,112,6.582,1.648
2025-09-10 10:13:08.374001 +00:00,112,1.553,1.64
2025-09-10 09:03:37.245001 +00:00,112,1.559,1.875
2025-09-10 07:14:42.465001 +00:00,112,6.842,1.643
2025-09-11 14:16:19.348001 +00:00,112,,
2025-09-10 09:03:37.245001 +00:00,112,1.656,1.875
2025-09-11 13:32:56.485001 +00:00,112,,
2025-09-10 08:29:11.982001 +00:00,112,1.632,1.774
2025-09-03 11:41:46.030001 +00:00,112,2.7250001,5.493
2025-09-08 10:24:28.110001 +00:00,112,4.106,3.5649998
2025-09-04 08:14:46.559001 +00:00,112,1.8939999,7.1809998
2025-09-08 08:28:03.270001 +00:00,112,4.132,4.9589996
2025-09-03 08:12:11.986001 +00:00,112,1.7989999,1.8100001
2025-09-03 08:12:11.986001 +00:00,112,3.9220002,1.8100001
2025-10-03 09:44:28.596001 +00:00,112,1.593,4.9760003
2025-10-03 09:44:28.596001 +00:00,112,4.756,4.9760003
2025-09-05 12:50:43.034001 +00:00,112,4.549,13.58
2025-09-03 10:14:44.461001 +00:00,112,8.55,2.0049999
2025-09-08 10:24:12.924001 +00:00,112,2.715,1.531
2026-05-06 08:42:41.363001 +00:00,112,1.49,1.756
2025-09-11 13:32:44.836001 +00:00,112,,
2025-09-04 08:13:43.991001 +00:00,112,1.791,8.603
2025-09-05 12:49:46.184001 +00:00,112,8.441,11.649
2025-09-03 08:46:23.494001 +00:00,112,1.77,1.6700001
2025-09-10 09:03:57.225001 +00:00,112,1.667,7.0270004
2025-09-10 07:14:23.080001 +00:00,112,2.438,2.8109999
2025-09-08 08:27:10.775001 +00:00,112,1.783,7.768
2025-09-03 08:46:50.411001 +00:00,112,1.965,7.268
2025-09-10 10:12:08.455001 +00:00,112,4.677,1.648
2025-09-05 12:49:46.184001 +00:00,112,6.699,11.649
2025-09-05 11:47:29.967001 +00:00,112,2.24,5.509
2025-09-05 11:47:29.967001 +00:00,112,1.86,5.509
2025-09-10 07:14:42.465001 +00:00,112,2.265,1.643
2025-09-10 06:49:38.175001 +00:00,112,1.7310001,1.725
2025-09-11 13:32:44.835001 +00:00,111,,
2025-09-03 08:12:47.323001 +00:00,111,1.553,1.7800001
2025-09-08 08:27:10.774001 +00:00,111,9.343,7.768
2025-09-04 08:13:43.990001 +00:00,111,1.84,8.603
2025-09-03 06:58:25.240001 +00:00,111,1.881,1.816
2025-09-10 08:29:41.792001 +00:00,111,1.5500001,1.707
2025-09-03 08:46:23.493001 +00:00,111,1.863,1.6700001
2025-09-10 07:14:23.079001 +00:00,111,1.6919999,2.8109999
2025-09-04 07:17:16.101001 +00:00,111,4.979,1.846
2025-09-04 07:17:16.101001 +00:00,111,1.779,1.846
2025-09-04 07:17:16.101001 +00:00,111,1.645,1.846
2025-09-04 07:17:16.101001 +00:00,111,1.739,1.846
2025-09-10 08:28:49.060001 +00:00,111,1.8100001,1.886
2025-09-10 08:28:49.060001 +00:00,111,2.229,1.886
2025-09-04 08:14:46.558001 +00:00,111,7.2860003,7.1809998
2025-09-10 08:00:56.310001 +00:00,111,1.606,2.651
2025-09-03 11:41:46.029001 +00:00,111,1.783,5.493
2025-09-03 11:41:46.029001 +00:00,111,1.757,5.493
2025-09-03 08:13:47.530001 +00:00,111,1.844,4.363
2025-09-05 12:02:20.423001 +00:00,111,5.085,4.9100003
2025-09-10 08:29:11.981001 +00:00,111,6.6280003,1.774
2026-05-06 08:41:42.802001 +00:00,111,1.7049999,1.494
2025-09-10 08:29:11.981001 +00:00,111,1.874,1.774
2025-09-10 10:57:38.520001 +00:00,111,1.5999999,1.931
2025-09-10 10:57:22.227001 +00:00,111,1.587,1.76
2025-09-08 08:27:28.172001 +00:00,111,1.8410001,1.787
2025-09-03 08:47:28.283001 +00:00,111,1.8,1.717
2025-09-10 10:12:31.206001 +00:00,111,1.6270001,1.689
2025-09-10 10:12:31.206001 +00:00,111,11.611,1.689
2025-09-05 12:50:43.033001 +00:00,111,2.724,13.58
2025-09-10 10:57:22.227001 +00:00,111,2.576,1.76
2025-09-10 09:03:57.224001 +00:00,111,1.663,7.0270004
2025-09-05 11:46:46.445001 +00:00,111,1.675,7.724
2025-09-10 08:00:06.322001 +00:00,111,1.6589999,1.628
2025-09-04 07:18:03.195001 +00:00,111,1.686,1.571
2025-09-04 07:18:03.195001 +00:00,111,1.8570001,1.571
2025-09-03 06:58:25.239001 +00:00,110,2.689,1.816
2026-05-06 08:42:41.361001 +00:00,110,2.3179998,1.756
2025-09-03 06:58:15.756001 +00:00,110,1.676,2.48
2025-09-04 08:14:46.557001 +00:00,110,1.791,7.1809998
2026-03-03 06:07:25.279001 +00:00,110,7.224,1.376
2025-09-03 08:12:47.322001 +00:00,110,1.776,1.7800001
2025-09-05 12:49:46.182001 +00:00,110,1.963,11.649
2025-09-05 12:49:46.182001 +00:00,110,8.681,11.649
2025-09-03 06:58:25.239001 +00:00,110,3.612,1.816
2025-09-04 07:17:16.100001 +00:00,110,1.874,1.846
2025-09-11 13:32:44.834001 +00:00,110,1.5879999,
2025-09-08 08:27:10.773001 +00:00,110,1.583,7.768
2025-09-04 08:14:46.557001 +00:00,110,1.989,7.1809998
2025-09-03 06:58:25.239001 +00:00,110,3.017,1.816
2025-09-10 10:57:22.226001 +00:00,110,1.712,1.76
2025-09-10 09:04:39.679001 +00:00,110,1.879,4.9430003
2025-09-11 13:39:46.358001 +00:00,110,7.777,2.608
2025-09-03 08:46:23.492001 +00:00,110,2.7050002,1.6700001
2025-09-10 10:58:12.686001 +00:00,110,8.651999,3.878
2025-09-05 11:46:25.107001 +00:00,110,1.583,1.832
2026-05-06 08:42:19.102001 +00:00,110,1.7049999,1.6159999
2025-09-08 10:24:28.108001 +00:00,110,3.9869998,3.5649998
2025-09-04 07:16:56.084001 +00:00,110,2.278,4.393
2025-09-10 09:03:37.243001 +00:00,110,1.807,1.875
2025-09-11 13:32:56.483001 +00:00,110,,
2025-09-10 07:14:23.078001 +00:00,110,1.519,2.8109999
2025-09-05 12:02:20.422001 +00:00,110,1.548,4.9100003
2025-09-08 10:24:12.922001 +00:00,110,5.587,1.531
2025-09-03 11:00:20.974001 +00:00,110,11.708,2.024
2025-09-10 07:15:35.135001 +00:00,110,3.0509999,1.648
2025-09-11 13:32:56.483001 +00:00,110,,
2025-09-11 13:32:56.483001 +00:00,110,,
2025-09-10 07:14:23.078001 +00:00,110,3.342,2.8109999
2025-09-10 06:49:28.410001 +00:00,109,2.4290001,7.127
2025-10-03 09:43:24.144001 +00:00,109,1.593,1.5389999
2025-09-08 10:24:12.921001 +00:00,109,4.6780005,1.531
2025-09-04 07:17:16.099001 +00:00,109,1.7409999,1.846
2025-09-10 09:04:39.678001 +00:00,109,3.8439999,4.9430003
2025-09-10 09:04:39.678001 +00:00,109,4.837,4.9430003
2026-05-06 08:42:19.101001 +00:00,109,1.5569999,1.6159999
2025-09-10 10:12:08.452001 +00:00,109,1.909,1.648
2025-09-10 09:03:57.222001 +00:00,109,2.421,7.0270004
2025-09-04 07:18:03.193001 +00:00,109,1.817,1.571
2025-09-10 08:00:06.320001 +00:00,109,2.108,1.628
2025-09-04 08:14:46.556001 +00:00,109,3.9160001,7.1809998
2025-09-04 08:14:46.556001 +00:00,109,1.84,7.1809998
2026-05-06 08:42:19.101001 +00:00,109,2.3179998,1.6159999
2025-09-10 10:12:08.452001 +00:00,109,3.178,1.648
2025-09-10 06:49:38.172001 +00:00,109,1.859,1.725
2025-09-10 10:12:31.204001 +00:00,109,1.684,1.689
2025-09-03 08:47:28.281001 +00:00,109,1.871,1.717
2025-09-03 08:47:28.281001 +00:00,109,1.683,1.717
2025-09-08 10:25:22.975001 +00:00,109,1.853,4.9319997
2025-09-08 10:25:22.975001 +00:00,109,3.759,4.9319997
2025-09-08 10:25:22.975001 +00:00,109,6.9459996,4.9319997
2025-09-11 13:32:56.482001 +00:00,109,,
2025-09-11 13:32:56.482001 +00:00,109,,
2025-09-11 13:32:56.482001 +00:00,109,,
2025-09-10 08:00:56.308001 +00:00,109,1.776,2.651
2025-09-03 08:12:11.983001 +00:00,109,1.553,1.8100001
2025-09-10 08:00:56.308001 +00:00,109,1.562,2.651
2025-09-03 08:46:23.491001 +00:00,109,6.9769998,1.6700001
2025-09-10 08:28:49.058001 +00:00,109,3.454,1.886
2025-09-05 12:02:20.421001 +00:00,109,1.737,4.9100003
2025-09-08 10:24:28.107001 +00:00,109,2.265,3.5649998
2025-09-10 10:13:08.371001 +00:00,109,5.041,1.64
2025-10-03 11:13:02.853001 +00:00,109,,
2025-09-04 08:13:43.988001 +00:00,109,1.834,8.603
2025-09-11 14:16:19.345001 +00:00,109,,
2025-09-08 10:22:51.046001 +00:00,109,2.246,2.596
2025-09-03 06:58:15.755001 +00:00,109,3.017,2.48
2025-10-03 09:44:28.593001 +00:00,109,1.549,4.9760003
2025-09-10 08:00:24.940001 +00:00,109,1.656,1.523
2025-09-05 11:46:46.443001 +00:00,109,8.28,7.724
2025-09-05 11:46:46.443001 +00:00,109,1.587,7.724
2025-09-05 11:47:29.964001 +00:00,109,1.847,5.509
2025-09-03 10:15:23.729001 +00:00,109,6.594,3.943
2025-10-03 09:43:04.953001 +00:00,109,1.747,1.7409999
2025-09-10 10:57:22.225001 +00:00,109,1.601,1.76
2025-09-10 10:57:22.225001 +00:00,109,1.931,1.76
2025-09-08 08:27:28.169001 +00:00,108,2.361,1.787
2025-09-10 08:00:24.939001 +00:00,108,2.836,1.523
2025-09-10 09:03:57.221001 +00:00,108,5.991,7.0270004
2025-09-10 10:57:38.517001 +00:00,108,1.622,1.931
2025-09-04 08:13:20.324001 +00:00,108,1.899,2.091
2025-09-04 07:17:16.098001 +00:00,108,1.867,1.846
2025-09-05 12:50:43.030001 +00:00,108,3.507,13.58
2025-09-03 08:46:50.407001 +00:00,108,1.529,7.268
2025-10-03 09:43:24.143001 +00:00,108,1.625,1.5389999
2025-09-05 12:02:20.420001 +00:00,108,1.939,4.9100003
2025-09-08 08:28:03.266001 +00:00,108,5.564,4.9589996
2025-10-03 09:44:28.592001 +00:00,108,7.725,4.9760003
2025-09-04 07:17:16.098001 +00:00,108,1.5849999,1.846
2025-09-04 07:16:56.082001 +00:00,108,1.748,4.393
2025-09-10 09:04:39.677001 +00:00,108,1.683,4.9430003
2025-10-03 09:44:28.592001 +00:00,108,1.793,4.9760003
2025-09-10 09:04:39.677001 +00:00,108,1.754,4.9430003
2025-09-10 10:13:08.370001 +00:00,108,1.758,1.64
2025-10-03 11:13:02.852001 +00:00,108,,
2025-09-10 10:12:31.203001 +00:00,108,1.529,1.689
2025-09-10 10:12:08.451001 +00:00,108,1.553,1.648
2025-12-17 13:32:16.631001 +00:00,108,,
2025-09-10 09:03:37.241001 +00:00,108,1.605,1.875
2025-09-05 11:47:29.963001 +00:00,108,3.611,5.509
2025-09-04 07:17:16.098001 +00:00,108,7.611,1.846
2025-09-08 08:27:28.169001 +00:00,108,1.881,1.787
2025-09-11 13:32:44.832001 +00:00,108,,
2025-09-08 10:25:22.973001 +00:00,107,4.915,4.9319997
2025-09-11 13:32:56.480001 +00:00,107,,
2025-09-05 11:47:29.962001 +00:00,107,1.711,5.509
2025-09-03 08:46:23.489001 +00:00,107,1.9300001,1.6700001
2025-09-05 12:49:46.179001 +00:00,107,4.737,11.649
2025-09-10 08:00:06.318001 +00:00,107,1.5389999,1.628
2025-09-11 13:32:44.831001 +00:00,107,,
2025-09-10 10:12:31.202001 +00:00,107,1.484,1.689
2025-09-10 10:57:22.223001 +00:00,107,1.637,1.76
2025-09-10 10:13:08.369001 +00:00,107,4.9709997,1.64
2025-09-10 10:57:22.223001 +00:00,107,1.861,1.76
2025-09-04 08:14:46.554001 +00:00,107,1.901,7.1809998
2025-09-11 13:39:46.355001 +00:00,107,1.683,2.608
2025-09-03 06:58:15.753001 +00:00,107,5.0730004,2.48
2025-09-10 08:29:41.788001 +00:00,107,1.696,1.707
2025-09-03 08:12:11.981001 +00:00,107,1.88,1.8100001
2025-09-10 09:03:57.220001 +00:00,107,2.445,7.0270004
2025-09-10 09:03:57.220001 +00:00,107,14.017,7.0270004
2025-09-08 08:27:28.168001 +00:00,107,7.784,1.787
2025-09-11 13:40:13.000001 +00:00,107,2.608,2.471
2025-09-04 08:13:43.986001 +00:00,107,1.76,8.603
2025-09-10 10:12:08.450001 +00:00,107,3.0340002,1.648
2025-10-03 09:43:24.142001 +00:00,107,1.6730001,1.5389999
2025-09-10 10:57:22.223001 +00:00,107,1.834,1.76
2025-09-03 08:46:23.489001 +00:00,107,1.693,1.6700001
2025-09-08 10:22:51.043001 +00:00,106,6.9459996,2.596
2025-09-03 08:46:50.405001 +00:00,106,1.651,7.268
2025-09-11 13:32:44.830001 +00:00,106,,
2025-09-03 08:46:50.405001 +00:00,106,1.778,7.268
2025-09-04 08:13:43.985001 +00:00,106,1.6919999,8.603
2025-09-10 10:12:31.201001 +00:00,106,1.991,1.689
2025-09-08 08:27:28.167001 +00:00,106,1.6949999,1.787
2026-05-06 08:41:42.797001 +00:00,106,7.5249996,1.494
2025-09-03 08:13:47.525001 +00:00,106,2.018,4.363
2026-03-02 13:34:53.959001 +00:00,106,1.591,1.623
2026-03-02 13:34:53.959001 +00:00,106,1.523,1.623
2025-09-11 13:32:56.479001 +00:00,106,,
2025-09-03 06:58:25.235001 +00:00,106,1.5419999,1.816
2025-09-03 06:58:25.235001 +00:00,106,1.9219999,1.816
2025-09-10 09:03:37.239001 +00:00,106,4.9430003,1.875
2025-09-10 07:14:42.459001 +00:00,106,5.716,1.643
2025-09-10 10:57:22.222001 +00:00,106,1.672,1.76
2025-09-03 08:13:47.525001 +00:00,106,1.9330001,4.363
2026-01-22 15:48:20.126001 +00:00,106,2.204,5.147
2026-01-22 15:48:20.126001 +00:00,106,14.375999,5.147
2026-05-06 08:42:41.357001 +00:00,106,7.5249996,1.756
2026-05-06 08:42:19.098001 +00:00,106,6.4969997,1.6159999
2025-09-03 10:14:20.376001 +00:00,106,8.483,1.6899999
2025-09-03 06:58:25.235001 +00:00,106,1.606,1.816
2025-09-03 06:58:25.235001 +00:00,106,1.6700001,1.816
2025-09-05 11:46:46.440001 +00:00,106,1.595,7.724
2025-09-03 10:14:20.376001 +00:00,106,8.497,1.6899999
2025-09-04 07:16:56.080001 +00:00,106,2.0349998,4.393
2025-09-10 09:04:39.675001 +00:00,106,1.8019999,4.9430003
2025-09-10 09:04:39.675001 +00:00,106,1.822,4.9430003
2025-09-10 09:03:57.219001 +00:00,106,1.529,7.0270004
2025-09-04 08:14:46.553001 +00:00,106,1.834,7.1809998
2025-09-05 12:50:43.028001 +00:00,106,1.776,13.58
2025-09-04 08:13:20.322001 +00:00,106,3.164,2.091
2025-09-03 06:58:25.235001 +00:00,106,1.674,1.816
2025-09-03 10:14:44.454001 +00:00,105,5.289,2.0049999
2025-09-03 06:58:15.751001 +00:00,105,8.461,2.48
2025-09-05 11:46:46.439001 +00:00,105,1.5979999,7.724
2026-05-06 08:42:19.097001 +00:00,105,7.5249996,1.6159999
2025-09-03 06:58:15.751001 +00:00,105,1.6700001,2.48
2025-09-05 11:46:46.439001 +00:00,105,1.728,7.724
2025-09-04 07:17:16.095001 +00:00,105,1.729,1.846
2025-09-10 09:03:57.218001 +00:00,105,1.809,7.0270004
2025-09-08 08:28:03.263001 +00:00,105,2.0149999,4.9589996
2025-09-10 10:57:22.221001 +00:00,105,1.831,1.76
2025-10-03 09:44:28.589001 +00:00,105,1.689,4.9760003
2025-09-10 08:00:24.936001 +00:00,105,6.711,1.523
2025-09-10 10:57:22.221001 +00:00,105,2.39,1.76
2025-09-10 10:12:08.448001 +00:00,105,1.615,1.648
2025-09-08 10:24:12.917001 +00:00,105,4.106,1.531
2025-09-05 12:49:46.177001 +00:00,105,4.369,11.649
2025-09-10 09:03:57.218001 +00:00,105,1.6769999,7.0270004
2025-09-10 06:49:28.406001 +00:00,105,1.746,7.127
2025-09-04 08:14:46.552001 +00:00,105,1.76,7.1809998
2025-09-04 07:16:56.079001 +00:00,105,3.9730003,4.393
2025-09-11 13:39:36.518001 +00:00,105,1.577,1.7
2026-05-06 08:42:19.097001 +00:00,105,1.71,1.6159999
2025-09-08 10:22:51.042001 +00:00,105,5.029,2.596
2025-09-04 07:18:03.189001 +00:00,105,1.927,1.571
2025-09-11 13:32:44.829001 +00:00,105,,
2025-09-10 09:03:57.218001 +00:00,105,2.459,7.0270004
2025-09-10 10:12:08.448001 +00:00,105,1.672,1.648
2025-09-03 06:58:15.751001 +00:00,105,1.606,2.48
2025-09-03 08:47:28.277001 +00:00,105,1.9120001,1.717
2025-09-03 08:12:11.979001 +00:00,105,6.673,1.8100001
2025-09-04 08:13:20.321001 +00:00,105,2.096,2.091
2025-09-03 06:58:15.751001 +00:00,105,1.9219999,2.48
2025-09-08 10:25:22.971001 +00:00,105,2.116,4.9319997
2025-09-05 12:50:05.626001 +00:00,105,2.15,2.8999999
2025-09-05 12:50:05.626001 +00:00,105,6.732,2.8999999
2025-09-05 12:50:05.626001 +00:00,105,5.6099997,2.8999999
2026-01-22 15:46:19.525001 +00:00,105,12.688,5.147
2025-09-03 06:58:15.751001 +00:00,105,1.5419999,2.48
2025-10-03 09:43:04.949001 +00:00,105,1.641,1.7409999
2025-09-10 08:00:24.936001 +00:00,105,7.739,1.523
2025-09-05 12:02:20.417001 +00:00,105,6.027,4.9100003
2025-09-10 07:15:35.129001 +00:00,104,2.438,1.648
2025-09-10 09:04:39.673001 +00:00,104,7.0270004,4.9430003
2025-09-04 07:17:16.094001 +00:00,104,2.332,1.846
2025-09-10 08:00:56.303001 +00:00,104,1.523,2.651
2025-09-10 08:00:56.303001 +00:00,104,1.4959999,2.651
2025-09-04 07:16:56.078001 +00:00,104,1.643,4.393
2025-09-03 10:14:20.374001 +00:00,104,1.7800001,1.6899999
2025-09-05 12:49:46.176001 +00:00,104,5.032,11.649
2025-09-10 08:29:41.785001 +00:00,104,1.605,1.707
2025-10-03 09:43:24.139001 +00:00,104,1.793,1.5389999
2025-09-05 12:50:05.625001 +00:00,104,2.659,2.8999999
2025-09-10 07:14:42.457001 +00:00,104,6.445,1.643
2025-10-03 09:43:24.139001 +00:00,104,1.549,1.5389999
2025-09-10 08:28:49.053001 +00:00,104,6.012,1.886
2025-09-10 08:28:49.053001 +00:00,104,1.667,1.886
2025-09-05 12:49:46.176001 +00:00,104,2.8999999,11.649
2025-09-10 10:12:08.447001 +00:00,104,1.739,1.648
2025-09-10 10:57:22.220001 +00:00,104,1.551,1.76
2025-09-08 10:24:12.916001 +00:00,104,3.2259998,1.531
2025-09-10 10:57:22.220001 +00:00,104,1.66,1.76
2025-09-08 08:28:03.262001 +00:00,104,8.534,4.9589996
2025-09-05 11:46:25.101001 +00:00,104,7.724,1.832
2025-09-08 10:22:51.041001 +00:00,104,4.085,2.596
2025-09-03 06:58:15.750001 +00:00,104,5.229,2.48
2025-09-05 12:02:20.416001 +00:00,104,8.186001,4.9100003
2025-09-10 10:57:38.513001 +00:00,104,1.713,1.931
2025-09-10 10:57:38.513001 +00:00,104,1.671,1.931
2025-09-10 08:29:11.974001 +00:00,104,1.678,1.774
2025-09-10 08:29:41.785001 +00:00,104,1.871,1.707
2025-09-05 12:50:43.026001 +00:00,104,3.6269999,13.58
2025-09-04 08:13:43.983001 +00:00,104,2.158,8.603
2025-09-03 08:12:47.316001 +00:00,104,3.9789999,1.7800001
2025-09-08 08:27:28.165001 +00:00,104,4.132,1.787
2025-10-03 09:43:04.948001 +00:00,104,1.947,1.7409999
2025-09-03 11:00:20.968001 +00:00,104,5.289,2.024
2025-09-08 08:27:28.165001 +00:00,104,10.1640005,1.787
2025-09-05 12:02:20.415001 +00:00,103,2.2470002,4.9100003
2025-09-10 10:12:08.446001 +00:00,103,4.9709997,1.648
2025-09-08 10:24:12.915001 +00:00,103,3.9869998,1.531
2025-09-05 12:49:46.175001 +00:00,103,1.618,11.649
2025-09-10 06:49:28.404001 +00:00,103,1.859,7.127
2025-09-08 10:24:28.101001 +00:00,103,1.853,3.5649998
2025-09-08 08:27:28.164001 +00:00,103,1.803,1.787
2025-09-10 10:57:38.512001 +00:00,103,1.475,1.931
2025-09-10 07:14:23.071001 +00:00,103,1.576,2.8109999
2025-09-08 08:27:28.164001 +00:00,103,1.5569999,1.787
2025-09-10 07:15:35.128001 +00:00,103,1.599,1.648
2025-09-05 11:47:29.958001 +00:00,103,1.597,5.509
2025-09-10 07:14:42.456001 +00:00,103,1.694,1.643
2025-09-03 06:58:15.749001 +00:00,103,1.675,2.48
2025-09-04 07:18:03.187001 +00:00,103,7.611,1.571
2025-09-03 08:46:50.402001 +00:00,103,4.348,7.268
2025-09-10 06:49:38.166001 +00:00,103,5.523,1.725
2025-09-04 08:13:20.319001 +00:00,103,1.8449999,2.091
2025-09-10 09:04:39.672001 +00:00,103,1.6459999,4.9430003
2025-09-10 10:58:12.679001 +00:00,103,1.667,3.878
2025-09-10 08:28:49.052001 +00:00,103,1.824,1.886
2025-09-10 07:14:42.456001 +00:00,103,3.7879999,1.643
2025-09-03 06:58:25.232001 +00:00,103,7.6219997,1.816
2025-09-10 08:00:56.302001 +00:00,103,1.9799999,2.651
2025-09-10 09:04:39.672001 +00:00,103,3.3509998,4.9430003
2025-09-05 12:50:05.624001 +00:00,103,5.526,2.8999999
2025-09-03 08:12:47.315001 +00:00,103,1.694,1.7800001
2026-05-06 08:42:41.354001 +00:00,103,1.572,1.756
2025-09-11 13:32:44.827001 +00:00,103,,
2025-09-10 07:15:35.128001 +00:00,103,1.726,1.648
2025-09-05 12:50:43.025001 +00:00,103,2.875,13.58
2025-09-11 14:16:19.339001 +00:00,103,,
2025-09-08 10:22:51.039001 +00:00,102,2.957,2.596
2025-09-03 11:00:20.966001 +00:00,102,1.724,2.024
2025-09-05 11:46:25.099001 +00:00,102,7.595,1.832
2025-09-10 06:49:38.165001 +00:00,102,2.004,1.725
2025-09-10 10:12:08.445001 +00:00,102,1.819,1.648
2025-09-10 07:14:42.455001 +00:00,102,1.724,1.643
2025-09-10 07:14:42.455001 +00:00,102,2.8109999,1.643
2025-09-03 08:47:28.274001 +00:00,102,1.728,1.717
2025-09-10 10:57:38.511001 +00:00,102,1.571,1.931
2026-05-06 08:42:19.094001 +00:00,102,1.998,1.6159999
2026-05-06 08:42:19.094001 +00:00,102,1.572,1.6159999
2026-05-06 08:42:19.094001 +00:00,102,1.647,1.6159999
2025-09-03 10:15:23.722001 +00:00,102,8.705,3.943
2025-09-03 10:14:20.372001 +00:00,102,1.7199999,1.6899999
2025-09-03 11:41:46.020001 +00:00,102,1.7659999,5.493
2025-09-11 13:39:46.350001 +00:00,102,1.534,2.608
2025-09-10 08:28:49.051001 +00:00,102,2.6430001,1.886
2025-10-03 09:43:04.946001 +00:00,102,1.643,1.7409999
2025-09-04 08:13:20.318001 +00:00,102,1.6270001,2.091
2025-09-08 10:24:28.100001 +00:00,102,1.7770001,3.5649998
2025-09-08 10:24:28.100001 +00:00,102,4.607,3.5649998
2025-09-08 10:24:12.914001 +00:00,102,2.265,1.531
2025-09-03 06:58:15.748001 +00:00,102,10.095,2.48
2025-09-03 06:58:15.748001 +00:00,102,2.7970002,2.48
2025-09-08 10:24:12.914001 +00:00,102,3.876,1.531
2025-09-10 09:04:39.671001 +00:00,102,1.707,4.9430003
2025-09-08 08:27:10.765001 +00:00,102,1.584,7.768
2025-09-05 11:47:29.957001 +00:00,102,1.584,5.509
2026-01-22 15:58:30.204001 +00:00,102,2.766,5.147
2025-09-03 08:12:47.314001 +00:00,102,4.512,1.7800001
2025-09-10 09:03:37.235001 +00:00,102,4.861,1.875
2025-09-05 12:49:46.174001 +00:00,102,3.507,11.649
2026-05-06 08:42:41.353001 +00:00,102,1.373,1.756
2025-09-10 09:03:57.214001 +00:00,101,1.9,7.0270004
2025-09-04 08:13:20.317001 +00:00,101,1.883,2.091
2025-09-05 12:50:05.622001 +00:00,101,8.681,2.8999999
2025-09-08 08:28:03.259001 +00:00,101,1.745,4.9589996
2025-09-10 09:04:39.670001 +00:00,101,1.529,4.9430003
2025-09-03 06:58:25.230001 +00:00,101,1.846,1.816
2025-10-03 09:43:04.945001 +00:00,101,1.712,1.7409999
2025-09-03 11:00:20.965001 +00:00,101,3.082,2.024
2025-10-03 09:43:04.945001 +00:00,101,4.0950003,1.7409999
2025-09-10 10:13:08.363001 +00:00,101,1.683,1.64
2025-09-03 08:46:23.483001 +00:00,101,1.591,1.6700001
2025-09-03 08:46:23.483001 +00:00,101,1.861,1.6700001
2025-09-03 10:15:23.721001 +00:00,101,2.836,3.943
2025-09-10 07:15:35.126001 +00:00,101,1.583,1.648
2025-10-03 09:43:04.945001 +00:00,101,1.829,1.7409999
2025-09-11 13:32:56.474001 +00:00,101,,
2025-09-08 08:27:10.764001 +00:00,101,3.819,7.768
2025-09-08 08:27:10.764001 +00:00,101,3.378,7.768
2025-09-11 13:32:56.474001 +00:00,101,1.66,
2025-09-03 10:14:44.450001 +00:00,101,3.912,2.0049999
2025-09-03 10:14:44.450001 +00:00,101,3.187,2.0049999
2025-09-04 07:18:03.185001 +00:00,101,1.666,1.571
2025-09-03 08:13:47.520001 +00:00,101,17.245,4.363
2025-09-10 08:29:11.971001 +00:00,101,1.9829999,1.774
2025-09-11 13:32:44.825001 +00:00,101,,
2025-09-03 10:15:23.721001 +00:00,101,2.259,3.943
2025-09-05 12:49:46.173001 +00:00,101,2.946,11.649
2025-09-03 08:12:47.313001 +00:00,101,1.655,1.7800001
2025-09-03 11:00:20.965001 +00:00,101,7.659,2.024
2025-10-03 09:43:24.136001 +00:00,101,6.823,1.5389999
2025-09-03 08:46:50.400001 +00:00,101,7.598,7.268
2025-09-03 08:46:50.400001 +00:00,101,1.623,7.268
2025-09-03 10:14:44.449001 +00:00,100,1.748,2.0049999
2025-09-03 06:58:15.746001 +00:00,100,1.846,2.48
2025-09-03 08:12:47.312001 +00:00,100,1.575,1.7800001
2025-09-10 06:49:38.163001 +00:00,100,7.127,1.725
2025-10-03 09:43:24.135001 +00:00,100,1.51,1.5389999
2025-09-10 08:00:24.931001 +00:00,100,1.562,1.523
2025-09-10 06:49:28.401001 +00:00,100,3.423,7.127
2025-09-05 11:46:25.097001 +00:00,100,1.8939999,1.832
2026-01-22 15:48:20.120001 +00:00,100,10.117,5.147
2025-09-10 06:49:28.401001 +00:00,100,1.913,7.127
2025-09-10 10:57:38.509001 +00:00,100,1.6240001,1.931
2025-09-04 08:13:20.316001 +00:00,100,1.632,2.091
2025-09-03 10:14:44.449001 +00:00,100,8.4800005,2.0049999
2025-09-05 12:02:20.412001 +00:00,100,1.626,4.9100003
2025-09-05 12:02:20.412001 +00:00,100,1.6570001,4.9100003
2025-09-05 12:50:05.621001 +00:00,100,3.089,2.8999999
2025-09-08 10:22:51.037001 +00:00,100,3.772,2.596
2025-09-10 06:49:38.163001 +00:00,100,1.645,1.725
2025-09-10 06:49:38.163001 +00:00,100,1.8939999,1.725
2025-09-11 13:32:44.824001 +00:00,100,,
2025-09-10 10:57:22.216001 +00:00,100,1.641,1.76
2025-09-10 09:04:39.669001 +00:00,100,1.656,4.9430003
2025-09-05 11:46:46.434001 +00:00,100,3.5240002,7.724
2025-09-10 08:00:06.311001 +00:00,100,7.312,1.628
2025-09-08 08:27:28.161001 +00:00,100,1.6420001,1.787
2025-09-10 10:57:22.216001 +00:00,100,1.65,1.76
2025-09-10 09:03:57.213001 +00:00,100,7.656,7.0270004
2025-09-10 07:14:23.068001 +00:00,100,1.546,2.8109999
2025-09-03 08:46:50.399001 +00:00,100,5.599,7.268
2025-09-05 11:46:46.434001 +00:00,100,1.583,7.724
2025-09-05 12:50:43.022001 +00:00,100,11.649,13.58
2025-09-03 08:13:47.519001 +00:00,100,1.5810001,4.363
2026-03-03 06:07:25.269001 +00:00,100,2.064,1.376
2025-09-11 13:39:46.348001 +00:00,100,1.712,2.608
2026-01-22 15:58:30.202001 +00:00,100,3.082,5.147
2025-09-10 10:12:31.195001 +00:00,100,5.134,1.689
2025-09-10 10:57:38.509001 +00:00,100,1.718,1.931
2026-05-06 08:42:19.092001 +00:00,100,2.386,1.6159999
2025-09-03 06:58:15.746001 +00:00,100,1.721,2.48
2025-09-04 08:14:46.547001 +00:00,100,1.668,7.1809998
2025-09-03 10:14:44.449001 +00:00,100,1.678,2.0049999
2025-09-10 09:04:39.668001 +00:00,99,1.601,4.9430003
2025-09-10 10:58:12.675001 +00:00,99,1.814,3.878
2025-09-04 07:17:16.089001 +00:00,99,1.571,1.846
2025-09-10 08:29:11.969001 +00:00,99,1.6949999,1.774
2025-09-10 08:29:11.969001 +00:00,99,1.605,1.774
2025-09-10 08:29:11.969001 +00:00,99,1.694,1.774
2025-09-08 08:27:10.762001 +00:00,99,1.86,7.768
2025-09-08 08:27:10.762001 +00:00,99,7.6720004,7.768
2026-03-03 06:07:25.268001 +00:00,99,2.441,1.376
2025-09-04 07:18:03.183001 +00:00,99,1.814,1.571
2025-09-05 12:49:46.171001 +00:00,99,3.8769999,11.649
2025-09-05 12:49:46.171001 +00:00,99,1.776,11.649
2025-09-10 08:00:06.310001 +00:00,99,4.266,1.628
2025-09-08 08:27:28.160001 +00:00,99,1.793,1.787
2025-09-03 11:00:20.963001 +00:00,99,7.7269998,2.024
2025-09-03 11:00:20.963001 +00:00,99,7.404,2.024
2025-09-10 07:15:35.124001 +00:00,99,1.5960001,1.648
2025-09-10 07:15:35.124001 +00:00,99,1.7,1.648
2025-09-10 10:13:08.361001 +00:00,99,1.648,1.64
2025-09-08 08:28:03.257001 +00:00,99,1.6029999,4.9589996
2025-09-08 08:28:03.257001 +00:00,99,1.7379999,4.9589996
2025-09-05 12:02:20.411001 +00:00,99,1.7310001,4.9100003
2025-09-10 08:29:41.780001 +00:00,99,1.698,1.707
2025-10-03 09:44:28.583001 +00:00,99,1.8100001,4.9760003
2025-09-10 07:14:42.452001 +00:00,99,1.544,1.643
2025-09-10 09:03:57.212001 +00:00,99,4.837,7.0270004
2025-09-03 06:58:25.228001 +00:00,99,1.531,1.816
2025-09-05 12:50:43.021001 +00:00,99,4.015,13.58
2025-09-03 08:12:11.973001 +00:00,99,1.655,1.8100001
2025-09-10 10:57:38.508001 +00:00,99,1.768,1.931
2025-09-10 10:57:38.508001 +00:00,99,7.749,1.931
2025-09-11 13:32:56.472001 +00:00,99,,
2025-09-11 13:32:56.472001 +00:00,99,,
2025-09-08 10:25:22.965001 +00:00,99,12.148999,4.9319997
2025-09-05 11:46:25.096001 +00:00,99,2.0029998,1.832
2025-09-10 06:49:38.162001 +00:00,99,1.713,1.725
2025-09-10 06:49:38.162001 +00:00,99,2.4520001,1.725
2025-09-03 10:15:23.719001 +00:00,99,2.253,3.943
2025-09-05 12:49:46.170001 +00:00,98,4.415,11.649
2025-09-10 08:29:11.968001 +00:00,98,1.798,1.774
2025-09-03 08:46:23.480001 +00:00,98,2.043,1.6700001
2025-09-03 08:47:28.270001 +00:00,98,1.547,1.717
2025-09-10 08:29:11.968001 +00:00,98,1.696,1.774
2025-09-10 08:29:11.968001 +00:00,98,1.736,1.774
2025-09-03 08:47:28.270001 +00:00,98,2.0049999,1.717
2025-09-10 09:03:57.211001 +00:00,98,1.7190001,7.0270004
2025-09-03 11:41:46.016001 +00:00,98,2.29,5.493
2025-09-04 08:13:43.977001 +00:00,98,1.768,8.603
2025-09-10 09:03:57.211001 +00:00,98,1.565,7.0270004
2025-09-10 07:15:35.123001 +00:00,98,1.82,1.648
2025-09-11 14:16:19.334001 +00:00,98,,
2025-09-10 08:00:56.297001 +00:00,98,7.23,2.651
2025-09-10 10:58:12.674001 +00:00,98,1.713,3.878
2025-09-10 10:57:38.507001 +00:00,98,1.605,1.931
2025-09-10 10:13:08.360001 +00:00,98,1.6589999,1.64
2025-09-10 10:13:08.360001 +00:00,98,2.958,1.64
2025-09-10 10:13:08.360001 +00:00,98,2.835,1.64
2025-09-10 09:04:39.667001 +00:00,98,1.807,4.9430003
2025-09-10 06:49:28.399001 +00:00,98,5.523,7.127
2025-09-04 07:17:16.088001 +00:00,98,1.748,1.846
2025-09-11 13:32:56.471001 +00:00,98,,
2025-09-08 08:27:28.159001 +00:00,98,1.534,1.787
2025-09-08 08:28:03.256001 +00:00,98,1.8149999,4.9589996
2025-09-03 11:41:46.016001 +00:00,98,1.708,5.493
2025-09-10 10:12:31.193001 +00:00,98,1.553,1.689
2025-09-05 12:50:05.619001 +00:00,98,3.474,2.8999999
2025-09-05 11:46:25.095001 +00:00,98,8.233,1.832
2025-09-04 08:14:46.545001 +00:00,98,1.895,7.1809998
2025-09-10 10:58:12.674001 +00:00,98,1.663,3.878
2025-09-03 08:12:11.972001 +00:00,98,7.823,1.8100001
2025-09-03 08:12:11.972001 +00:00,98,1.819,1.8100001
2025-09-10 08:00:06.309001 +00:00,98,1.747,1.628
2025-09-10 07:14:23.066001 +00:00,98,7.7,2.8109999
2025-09-10 10:58:12.674001 +00:00,98,2.2770002,3.878
2025-09-10 08:00:24.929001 +00:00,98,1.573,1.523
2025-09-03 06:58:25.226001 +00:00,97,1.62,1.816
2025-09-03 08:46:23.479001 +00:00,97,1.694,1.6700001
2025-09-10 09:03:57.210001 +00:00,97,1.8019999,7.0270004
2025-09-03 06:58:25.226001 +00:00,97,1.7529999,1.816
2025-09-05 11:47:29.952001 +00:00,97,1.85,5.509
2025-09-03 11:41:46.015001 +00:00,97,1.7529999,5.493
2025-09-05 11:47:29.952001 +00:00,97,6.332,5.509
2025-09-04 08:14:46.544001 +00:00,97,1.9690001,7.1809998
2025-09-11 13:32:44.821001 +00:00,97,,
2025-09-10 10:12:08.440001 +00:00,97,1.564,1.648
2025-09-05 12:50:43.019001 +00:00,97,3.001,13.58
2025-09-04 08:13:43.976001 +00:00,97,2.892,8.603
2025-09-08 10:22:51.034001 +00:00,97,4.989,2.596
2026-01-22 15:58:30.199001 +00:00,97,11.346001,5.147
2025-09-03 08:12:47.309001 +00:00,97,1.742,1.7800001
2025-09-10 10:57:22.213001 +00:00,97,1.65,1.76
2025-09-10 08:29:41.778001 +00:00,97,1.6899999,1.707
2025-09-05 12:50:05.618001 +00:00,97,2.952,2.8999999
2025-09-10 07:14:23.065001 +00:00,97,6.445,2.8109999
2025-09-10 06:49:38.160001 +00:00,97,1.655,1.725
2025-09-10 06:49:28.398001 +00:00,97,1.5979999,7.127
2025-09-10 08:29:41.778001 +00:00,97,1.653,1.707
2025-09-08 08:28:03.255001 +00:00,97,1.6459999,4.9589996
2025-09-10 09:03:57.210001 +00:00,97,1.822,7.0270004
2025-09-03 08:47:28.269001 +00:00,97,1.629,1.717
2025-09-10 10:13:08.359001 +00:00,97,1.617,1.64
2025-09-03 11:00:20.961001 +00:00,97,8.497,2.024
2025-10-03 09:43:04.940001 +00:00,96,4.756,1.7409999
2025-09-05 11:46:25.093001 +00:00,96,1.615,1.832
2025-10-03 11:13:02.840001 +00:00,96,,
2025-09-08 10:25:22.962001 +00:00,96,20.479,4.9319997
2025-09-11 13:32:56.469001 +00:00,96,,
2025-09-10 10:58:12.672001 +00:00,96,1.736,3.878
2025-09-05 12:50:05.617001 +00:00,96,4.549,2.8999999
2025-09-10 09:04:39.665001 +00:00,96,1.605,4.9430003
2025-09-05 12:50:05.617001 +00:00,96,3.666,2.8999999
2025-09-10 08:28:49.045001 +00:00,96,1.543,1.886
2025-09-10 09:04:39.665001 +00:00,96,1.669,4.9430003
2026-05-06 08:42:19.088001 +00:00,96,2.04,1.6159999
2025-09-10 10:12:31.191001 +00:00,96,5.041,1.689
2025-09-08 10:22:51.033001 +00:00,96,12.148999,2.596
2025-09-03 11:41:46.014001 +00:00,96,1.713,5.493
2025-09-08 08:27:10.759001 +00:00,96,1.498,7.768
2025-10-03 11:13:02.840001 +00:00,96,,
2025-09-10 10:13:08.358001 +00:00,96,1.641,1.64
2026-03-02 13:34:53.949001 +00:00,96,1.671,1.623
2025-09-03 08:46:23.478001 +00:00,96,4.373,1.6700001
2025-09-10 08:00:56.295001 +00:00,96,1.575,2.651
2025-09-03 08:46:23.478001 +00:00,96,1.763,1.6700001
2025-09-03 06:58:15.742001 +00:00,96,1.7529999,2.48
2025-09-10 07:14:23.064001 +00:00,96,3.7879999,2.8109999
2025-09-04 08:14:46.543001 +00:00,96,1.768,7.1809998
2025-09-03 08:46:50.395001 +00:00,96,1.639,7.268
2025-09-03 08:46:50.395001 +00:00,96,2.34,7.268
2025-09-08 08:28:03.254001 +00:00,96,2.9780002,4.9589996
2025-10-03 09:43:24.131001 +00:00,96,7.387,1.5389999
2025-09-04 07:17:16.086001 +00:00,96,1.838,1.846
2025-09-05 12:49:46.168001 +00:00,96,2.875,11.649
2025-09-05 12:50:05.616001 +00:00,95,5.032,2.8999999
2025-10-03 09:43:24.130001 +00:00,95,1.8100001,1.5389999
2025-09-03 06:58:25.224001 +00:00,95,1.779,1.816
2026-05-06 08:42:19.087001 +00:00,95,11.898,1.6159999
2025-10-03 09:43:04.939001 +00:00,95,2.151,1.7409999
2025-09-10 10:12:31.190001 +00:00,95,1.615,1.689
2025-09-10 10:12:31.190001 +00:00,95,4.031,1.689
2025-09-04 07:17:16.085001 +00:00,95,2.57,1.846
2026-05-06 08:42:41.346001 +00:00,95,1.537,1.756
2025-10-03 09:43:04.939001 +00:00,95,1.625,1.7409999
2025-09-04 07:16:56.069001 +00:00,95,7.8059998,4.393
2025-09-08 08:27:28.156001 +00:00,95,1.633,1.787
2025-09-05 12:49:46.167001 +00:00,95,7.371,11.649
2025-09-10 08:00:24.926001 +00:00,95,5.1150002,1.523
2025-09-08 10:24:12.907001 +00:00,95,1.7770001,1.531
2025-09-08 10:25:22.961001 +00:00,95,2.086,4.9319997
2025-09-05 12:50:05.616001 +00:00,95,2.724,2.8999999
2025-09-08 10:24:12.907001 +00:00,95,5.092,1.531
2025-09-03 08:13:47.514001 +00:00,95,1.832,4.363
2025-09-03 08:46:23.477001 +00:00,95,1.639,1.6700001
2025-09-10 08:28:49.044001 +00:00,95,1.617,1.886
2025-09-11 14:16:19.331001 +00:00,95,,
2026-03-03 06:07:25.264001 +00:00,95,1.559,1.376
2025-09-08 08:27:10.758001 +00:00,95,1.881,7.768
2025-09-04 08:14:46.542001 +00:00,95,1.899,7.1809998
2025-09-03 08:12:11.969001 +00:00,95,1.9120001,1.8100001
2025-09-10 09:03:37.228001 +00:00,95,1.628,1.875
2025-09-03 08:46:50.393001 +00:00,94,1.676,7.268
2025-09-10 09:03:57.207001 +00:00,94,1.601,7.0270004
2025-09-10 07:14:42.447001 +00:00,94,1.639,1.643
2025-10-03 09:43:04.938001 +00:00,94,6.644,1.7409999
2025-09-05 11:47:29.949001 +00:00,94,1.675,5.509
2025-09-04 08:13:43.973001 +00:00,94,1.763,8.603
2025-09-10 10:57:22.210001 +00:00,94,1.9369999,1.76
2025-09-03 11:42:22.710001 +00:00,94,1.665,1.717
2025-09-10 09:03:37.227001 +00:00,94,1.849,1.875
2025-09-10 09:03:37.227001 +00:00,94,7.623,1.875
2025-09-11 14:16:19.330001 +00:00,94,,
2025-09-03 06:58:15.740001 +00:00,94,1.8260001,2.48
2025-09-05 11:46:46.428001 +00:00,94,13.061,7.724
2025-09-08 08:28:03.252001 +00:00,94,1.8299999,4.9589996
2025-09-10 10:13:08.356001 +00:00,94,1.503,1.64
2025-09-10 10:13:08.356001 +00:00,94,3,1.64
2025-09-03 11:41:46.012001 +00:00,94,12.425,5.493
2025-09-10 08:28:49.043001 +00:00,94,1.619,1.886
2025-09-10 07:15:35.119001 +00:00,94,1.567,1.648
2025-09-10 08:00:24.925001 +00:00,94,1.4959999,1.523
2025-09-10 10:58:12.670001 +00:00,94,11.652,3.878
2025-09-11 13:32:56.467001 +00:00,94,6.544,
2025-09-03 11:00:20.958001 +00:00,94,1.838,2.024
2025-09-03 08:47:28.266001 +00:00,94,1.594,1.717
2025-09-03 10:14:44.443001 +00:00,94,1.7160001,2.0049999
2025-09-08 10:25:22.960001 +00:00,94,2.69,4.9319997
2025-09-08 10:25:22.960001 +00:00,94,13.031,4.9319997
2025-09-10 10:12:31.189001 +00:00,94,2.3930001,1.689
2025-09-10 06:49:28.395001 +00:00,94,1.713,7.127
2025-09-10 09:03:37.227001 +00:00,94,1.8080001,1.875
2025-09-10 10:58:12.670001 +00:00,94,1.744,3.878
2025-09-04 08:14:46.541001 +00:00,94,3.7150002,7.1809998
2025-09-03 08:12:47.306001 +00:00,94,1.621,1.7800001
2025-09-03 08:12:47.306001 +00:00,94,4.363,1.7800001
2025-09-03 08:12:47.306001 +00:00,94,1.9499999,1.7800001
2026-01-22 15:58:30.196001 +00:00,94,12.015,5.147
2026-01-22 15:58:30.196001 +00:00,94,7.315,5.147
2026-05-06 08:41:42.785001 +00:00,94,1.6309999,1.494
2025-09-11 13:32:44.818001 +00:00,94,,
2025-09-11 13:32:44.818001 +00:00,94,,
2025-09-03 10:14:44.443001 +00:00,94,1.851,2.0049999
2025-09-04 07:17:16.084001 +00:00,94,1.643,1.846
2025-09-05 12:50:43.016001 +00:00,94,1.911,13.58
2025-09-11 13:32:44.817001 +00:00,93,,
2025-09-04 08:13:20.309001 +00:00,93,1.901,2.091
2025-09-10 08:00:24.924001 +00:00,93,1.671,1.523
2025-09-08 08:28:03.251001 +00:00,93,1.708,4.9589996
2025-09-03 08:46:23.475001 +00:00,93,2.226,1.6700001
2025-09-05 11:46:46.427001 +00:00,93,1.633,7.724
2025-09-04 08:14:46.540001 +00:00,93,2.059,7.1809998
2025-09-05 12:02:20.405001 +00:00,93,1.957,4.9100003
2025-09-05 12:02:20.405001 +00:00,93,7.579,4.9100003
2025-09-08 10:24:28.091001 +00:00,93,4.989,3.5649998
2025-09-10 08:00:06.304001 +00:00,93,1.8100001,1.628
2025-09-03 06:58:25.222001 +00:00,93,7.595,1.816
2025-09-10 10:58:12.669001 +00:00,93,3.907,3.878
2025-09-10 06:49:38.156001 +00:00,93,1.691,1.725
2025-09-10 08:00:24.924001 +00:00,93,1.515,1.523
2025-09-03 06:58:15.739001 +00:00,93,1.735,2.48
2025-09-10 08:00:24.924001 +00:00,93,1.9799999,1.523
2025-09-04 08:14:46.540001 +00:00,93,8.603,7.1809998
2025-09-04 08:14:46.540001 +00:00,93,1.735,7.1809998
2025-09-08 10:24:12.905001 +00:00,93,4.085,1.531
2025-09-10 08:00:24.924001 +00:00,93,1.7659999,1.523
2025-09-05 12:50:05.614001 +00:00,93,1.929,2.8999999
2025-09-08 10:22:51.030001 +00:00,93,4.9319997,2.596
2025-09-10 09:03:37.226001 +00:00,93,6.179,1.875
2025-09-10 09:03:37.226001 +00:00,93,1.717,1.875
2025-09-10 10:12:08.436001 +00:00,93,3.431,1.648
2025-09-10 07:14:42.446001 +00:00,93,7.355,1.643
2025-09-03 11:00:20.957001 +00:00,93,1.985,2.024
2025-09-10 08:00:56.292001 +00:00,93,1.623,2.651
2025-09-10 08:00:56.292001 +00:00,93,2.946,2.651
2025-09-10 08:00:56.292001 +00:00,93,1.885,2.651
2026-01-22 15:46:19.513001 +00:00,93,3.082,5.147
2025-09-10 10:13:08.355001 +00:00,93,1.7839999,1.64
2025-09-03 08:46:50.392001 +00:00,93,1.871,7.268
2025-09-03 08:12:11.967001 +00:00,93,1.832,1.8100001
2025-09-11 13:32:44.816001 +00:00,92,,
2025-09-08 10:24:28.090001 +00:00,92,12.148999,3.5649998
2025-09-10 10:57:38.501001 +00:00,92,1.834,1.931
2025-09-03 10:14:44.441001 +00:00,92,1.878,2.0049999
2025-09-10 06:49:38.155001 +00:00,92,2.958,1.725
2025-09-03 06:58:15.738001 +00:00,92,1.917,2.48
2025-09-10 08:28:49.041001 +00:00,92,1.605,1.886
2025-09-10 09:03:57.205001 +00:00,92,2.007,7.0270004
2025-09-03 11:00:20.956001 +00:00,92,1.851,2.024
2025-09-03 08:47:28.264001 +00:00,92,2.223,1.717
2025-09-10 09:04:39.661001 +00:00,92,1.669,4.9430003
2025-09-05 11:47:29.947001 +00:00,92,1.665,5.509
2025-10-03 09:43:04.936001 +00:00,92,1.549,1.7409999
2025-09-03 11:00:20.956001 +00:00,92,8.499001,2.024
2025-09-10 08:00:56.291001 +00:00,92,1.6949999,2.651
2025-09-08 10:22:51.029001 +00:00,92,20.479,2.596
2025-10-03 09:44:28.576001 +00:00,92,1.508,4.9760003
2025-09-04 07:18:03.176001 +00:00,92,8.111,1.571
2025-09-03 08:12:11.966001 +00:00,92,1.9499999,1.8100001
2025-09-03 08:12:11.966001 +00:00,92,1.943,1.8100001
2025-09-04 08:13:20.308001 +00:00,92,1.663,2.091
2025-09-08 10:25:22.958001 +00:00,92,4.137,4.9319997
2025-09-08 10:25:22.958001 +00:00,92,3.862,4.9319997
2025-09-03 06:58:25.221001 +00:00,92,1.661,1.816
2025-09-04 08:13:20.308001 +00:00,92,2.022,2.091
2025-09-05 12:50:05.613001 +00:00,92,2.946,2.8999999
2025-09-08 08:28:03.250001 +00:00,92,1.871,4.9589996
2025-09-08 08:28:03.250001 +00:00,92,13.761,4.9589996
2025-09-05 11:46:46.426001 +00:00,92,1.8449999,7.724
2025-09-11 13:32:56.465001 +00:00,92,,
2025-10-03 09:44:28.576001 +00:00,92,1.785,4.9760003
2025-09-04 07:16:56.066001 +00:00,92,7.746,4.393
2025-09-04 08:14:46.539001 +00:00,92,1.763,7.1809998
2025-09-10 10:13:08.354001 +00:00,92,1.821,1.64
2025-09-08 08:27:28.153001 +00:00,92,3.814,1.787
2025-09-03 08:12:11.966001 +00:00,92,1.736,1.8100001
2025-09-08 10:24:28.090001 +00:00,92,2.034,3.5649998
2025-09-10 08:00:06.302001 +00:00,91,7.739,1.628
2025-09-10 08:00:06.302001 +00:00,91,3.2510002,1.628
2025-09-10 10:13:08.353001 +00:00,91,1.618,1.64
2025-09-10 10:57:38.500001 +00:00,91,1.666,1.931
2025-09-03 11:42:22.707001 +00:00,91,3.9479997,1.717
2025-09-05 12:50:43.013001 +00:00,91,3.2210002,13.58
2025-09-10 10:12:08.434001 +00:00,91,1.783,1.648
2025-09-10 08:00:56.290001 +00:00,91,1.589,2.651
2025-09-10 07:14:23.059001 +00:00,91,1.735,2.8109999
2025-09-03 08:12:11.965001 +00:00,91,1.621,1.8100001
2025-09-08 10:24:12.903001 +00:00,91,1.8729999,1.531
2025-09-03 10:14:20.361001 +00:00,91,6.594,1.6899999
2025-10-03 09:43:24.126001 +00:00,91,1.564,1.5389999
2025-09-11 13:32:56.464001 +00:00,91,,
2026-05-06 08:42:41.342001 +00:00,91,1.492,1.756
2025-09-03 08:46:23.473001 +00:00,91,1.806,1.6700001
2025-09-04 08:13:43.970001 +00:00,91,12.101,8.603
2025-09-04 08:13:43.970001 +00:00,91,1.724,8.603
2025-09-03 08:12:47.303001 +00:00,91,1.878,1.7800001
2025-09-05 11:47:29.946001 +00:00,91,8.28,5.509
2026-01-22 15:48:20.111001 +00:00,91,7.838,5.147
2025-09-03 08:46:50.390001 +00:00,91,7.297,7.268
2025-09-10 09:03:37.224001 +00:00,91,1.5519999,1.875
2025-09-05 12:50:43.013001 +00:00,91,4.634,13.58
2025-09-08 10:24:12.903001 +00:00,91,2.116,1.531
2025-09-05 12:50:05.612001 +00:00,91,4.568,2.8999999
2025-09-08 10:22:51.028001 +00:00,91,2.69,2.596
2025-09-08 10:22:51.028001 +00:00,91,8.317,2.596
2025-09-08 10:22:51.028001 +00:00,91,13.031,2.596
2025-09-10 08:29:41.772001 +00:00,91,7.9269996,1.707
2025-09-03 10:14:44.440001 +00:00,91,2.139,2.0049999
2025-09-10 08:29:41.772001 +00:00,91,1.546,1.707
2025-09-03 08:47:28.263001 +00:00,91,1.804,1.717
2025-09-08 08:27:10.754001 +00:00,91,1.6880001,7.768
2025-09-10 09:03:57.204001 +00:00,91,1.529,7.0270004
2026-01-22 15:48:20.110001 +00:00,90,11.784,5.147
2025-09-10 08:00:24.921001 +00:00,90,7.23,1.523
2025-09-04 07:17:16.080001 +00:00,90,1.835,1.846
2026-05-06 08:42:19.082001 +00:00,90,1.492,1.6159999
2026-01-22 15:58:30.192001 +00:00,90,15.965,5.147
2026-01-22 15:58:30.192001 +00:00,90,12.63,5.147
2026-01-22 15:58:30.192001 +00:00,90,4.924,5.147
2025-09-05 12:49:46.162001 +00:00,90,2.448,11.649
2026-01-22 15:46:19.510001 +00:00,90,2.1820002,5.147
2025-09-08 08:28:03.248001 +00:00,90,1.575,4.9589996
2025-10-03 11:13:02.834001 +00:00,90,,
2025-10-03 11:13:02.834001 +00:00,90,,
2025-09-03 11:00:20.954001 +00:00,90,8.488,2.024
2025-09-08 10:24:12.902001 +00:00,90,14.276,1.531
2025-10-03 09:43:04.934001 +00:00,90,1.824,1.7409999
2025-09-10 09:03:37.223001 +00:00,90,1.728,1.875
2025-09-05 12:50:43.012001 +00:00,90,5.337,13.58
2025-09-05 12:50:05.611001 +00:00,90,7.703,2.8999999
2025-09-08 10:25:22.956001 +00:00,90,5.043,4.9319997
2025-09-08 10:25:22.956001 +00:00,90,3.145,4.9319997
2025-09-08 10:25:22.956001 +00:00,90,4.744,4.9319997
2025-09-11 13:32:44.814001 +00:00,90,,
2025-09-11 13:32:44.814001 +00:00,90,,
2025-09-10 06:49:28.391001 +00:00,90,1.791,7.127
2025-09-10 10:58:12.666001 +00:00,90,12.943,3.878
2025-09-10 06:49:38.153001 +00:00,90,1.583,1.725
2025-09-10 06:49:38.153001 +00:00,90,7.2260003,1.725
2025-09-04 08:14:46.537001 +00:00,90,12.101,7.1809998
2025-09-05 12:50:43.012001 +00:00,90,8.524,13.58
2025-09-10 10:57:38.499001 +00:00,90,1.831,1.931
2025-09-10 07:14:23.058001 +00:00,90,1.583,2.8109999
2025-09-04 08:13:43.969001 +00:00,90,1.7950001,8.603
2025-09-04 08:13:43.969001 +00:00,90,2.117,8.603
2025-09-10 09:03:57.203001 +00:00,90,1.6589999,7.0270004
2025-09-10 10:57:22.206001 +00:00,90,7.731,1.76
2025-09-10 07:14:42.443001 +00:00,90,3.1920002,1.643
2025-09-03 08:46:50.389001 +00:00,90,1.9120001,7.268
2026-05-06 08:42:41.341001 +00:00,90,1.589,1.756
2025-09-04 08:13:20.306001 +00:00,90,7.2860003,2.091
2025-09-10 10:13:08.352001 +00:00,90,1.641,1.64
2025-09-03 08:47:28.262001 +00:00,90,1.6899999,1.717
2025-09-10 08:00:56.289001 +00:00,90,4.459,2.651
2025-09-10 08:00:56.289001 +00:00,90,1.728,2.651
2025-09-10 08:00:06.301001 +00:00,90,1.756,1.628
2025-09-10 09:04:39.659001 +00:00,90,7.1740003,4.9430003
2025-09-10 08:28:49.038001 +00:00,89,1.819,1.886
2025-09-05 11:46:25.086001 +00:00,89,1.704,1.832
2025-09-10 10:58:12.665001 +00:00,89,1.851,3.878
2025-09-10 06:49:28.390001 +00:00,89,1.568,7.127
2025-09-03 10:14:20.359001 +00:00,89,1.66,1.6899999
2026-05-06 08:41:42.780001 +00:00,89,1.589,1.494
2025-09-08 08:27:10.752001 +00:00,89,3.327,7.768
2025-09-10 08:29:11.959001 +00:00,89,1.698,1.774
2025-09-10 08:00:24.920001 +00:00,89,1.736,1.523
2025-09-10 09:04:39.658001 +00:00,89,1.746,4.9430003
2025-09-08 08:27:28.150001 +00:00,89,1.6459999,1.787
2025-09-05 12:49:46.161001 +00:00,89,2.286,11.649
2025-09-03 08:47:28.261001 +00:00,89,1.853,1.717
2025-09-10 07:15:35.114001 +00:00,89,1.615,1.648
2025-09-03 10:15:23.709001 +00:00,89,7.7269998,3.943
2025-09-03 08:12:47.301001 +00:00,89,7.722,1.7800001
2025-09-10 07:15:35.114001 +00:00,89,6.445,1.648
2025-09-10 10:13:08.351001 +00:00,89,1.604,1.64
2025-09-10 09:04:39.658001 +00:00,89,9.434999,4.9430003
2025-09-08 08:28:03.247001 +00:00,89,1.8100001,4.9589996
2025-09-05 12:02:20.401001 +00:00,89,3.392,4.9100003
2025-09-08 10:22:51.026001 +00:00,89,3.862,2.596
2025-09-05 11:47:29.944001 +00:00,89,1.595,5.509
2025-09-05 11:47:29.944001 +00:00,89,7.744,5.509
2025-09-03 10:14:44.438001 +00:00,89,5.626,2.0049999
2025-09-10 07:14:42.442001 +00:00,89,6.8919997,1.643
2025-09-05 12:50:43.011001 +00:00,89,11.736,13.58
2025-09-03 06:58:25.218001 +00:00,89,1.901,1.816
2025-09-03 10:14:44.438001 +00:00,89,11.508,2.0049999
2025-09-10 09:03:37.222001 +00:00,89,1.8050001,1.875
2025-10-03 09:43:04.933001 +00:00,89,2.064,1.7409999
2025-09-10 09:03:57.202001 +00:00,89,1.807,7.0270004
2025-09-04 08:13:43.968001 +00:00,89,1.849,8.603
2025-09-10 07:14:23.057001 +00:00,89,1.655,2.8109999
2025-09-05 12:50:43.011001 +00:00,89,4.701,13.58
2025-09-10 08:28:49.038001 +00:00,89,1.54,1.886
2025-09-03 08:12:47.300001 +00:00,88,12.254,1.7800001
2025-09-03 10:15:23.708001 +00:00,88,5.128,3.943
2025-09-10 06:49:38.151001 +00:00,88,1.7620001,1.725
2025-09-04 07:17:16.078001 +00:00,88,8.488,1.846
2025-09-04 08:14:46.535001 +00:00,88,2.515,7.1809998
2025-09-04 08:14:46.535001 +00:00,88,1.654,7.1809998
2025-09-04 08:14:46.535001 +00:00,88,1.835,7.1809998
2025-09-04 07:17:16.078001 +00:00,88,7.383,1.846
2025-09-03 08:46:23.470001 +00:00,88,6.757,1.6700001
2025-09-11 13:32:56.461001 +00:00,88,,
2025-09-05 12:50:05.609001 +00:00,88,3.6269999,2.8999999
2025-09-10 08:28:49.037001 +00:00,88,1.736,1.886
2025-09-10 08:28:49.037001 +00:00,88,1.6949999,1.886
2025-09-10 10:57:38.497001 +00:00,88,4.483,1.931
2025-09-08 10:24:28.086001 +00:00,88,1.878,3.5649998
2025-09-10 07:14:23.056001 +00:00,88,3.316,2.8109999
2025-09-10 07:14:23.056001 +00:00,88,1.9480001,2.8109999
2025-09-03 10:14:44.437001 +00:00,88,7.3739996,2.0049999
2025-09-04 08:13:43.967001 +00:00,88,1.835,8.603
2025-09-03 10:14:44.437001 +00:00,88,1.7800001,2.0049999
2025-10-03 09:43:04.932001 +00:00,88,7.278,1.7409999
2025-10-03 09:43:04.932001 +00:00,88,6.823,1.7409999
2025-10-03 09:43:04.932001 +00:00,88,1.51,1.7409999
2025-10-03 09:43:24.123001 +00:00,88,1.7969999,1.5389999
2025-09-08 10:24:12.900001 +00:00,88,3.704,1.531
2025-09-10 10:57:22.204001 +00:00,88,1.834,1.76
2025-09-03 06:58:25.217001 +00:00,88,1.943,1.816
2025-09-05 11:47:29.943001 +00:00,88,1.634,5.509
2025-09-03 11:00:20.952001 +00:00,88,3.912,2.024
2025-10-03 09:44:28.572001 +00:00,88,6.561,4.9760003
2025-09-08 10:22:51.025001 +00:00,88,3.807,2.596
2025-09-03 06:58:15.734001 +00:00,88,1.669,2.48
2025-09-08 08:28:03.246001 +00:00,88,1.863,4.9589996
2025-09-08 08:28:03.246001 +00:00,88,5.9329996,4.9589996
2025-09-04 08:13:20.304001 +00:00,88,1.84,2.091
2025-09-05 12:50:43.010001 +00:00,88,9.674,13.58
2025-09-10 10:13:08.350001 +00:00,88,3.3430002,1.64
2025-09-10 07:15:35.113001 +00:00,88,3.7879999,1.648
2026-01-22 15:46:19.508001 +00:00,88,2.595,5.147
2025-09-03 08:47:28.260001 +00:00,88,1.65,1.717
2025-09-05 12:49:46.160001 +00:00,88,13.58,11.649
2025-09-05 12:49:46.160001 +00:00,88,3.8600001,11.649
2026-05-06 08:42:41.339001 +00:00,88,1.47,1.756
2025-09-10 10:12:31.183001 +00:00,88,1.683,1.689
2025-09-10 08:00:56.287001 +00:00,88,1.722,2.651
2025-09-10 08:00:06.299001 +00:00,88,2.442,1.628
2025-09-10 08:29:11.958001 +00:00,88,1.653,1.774
2026-03-03 06:07:25.257001 +00:00,88,11.394,1.376
2025-09-08 08:27:10.751001 +00:00,88,5.163,7.768
2026-05-06 08:41:42.779001 +00:00,88,1.47,1.494
2025-09-10 10:12:08.431001 +00:00,88,1.821,1.648
2025-09-03 10:14:20.358001 +00:00,88,4.485,1.6899999
2025-09-10 06:49:38.150001 +00:00,87,3.191,1.725
2026-01-22 15:58:30.189001 +00:00,87,2.382,5.147
2025-09-10 08:29:11.957001 +00:00,87,1.6899999,1.774
2025-09-10 08:29:41.768001 +00:00,87,1.662,1.707
2025-09-03 08:46:50.386001 +00:00,87,6.9769998,7.268
2025-09-04 07:18:03.171001 +00:00,87,2.479,1.571
2025-09-10 07:14:23.055001 +00:00,87,1.643,2.8109999
2025-09-10 07:14:23.055001 +00:00,87,1.639,2.8109999
2025-10-03 09:43:04.931001 +00:00,87,1.683,1.7409999
2025-09-11 13:39:46.335001 +00:00,87,1.696,2.608
2025-09-08 08:27:10.750001 +00:00,87,5.564,7.768
2025-09-05 12:50:05.608001 +00:00,87,2.875,2.8999999
2025-09-03 08:12:11.961001 +00:00,87,1.8690001,1.8100001
2025-09-03 11:00:20.951001 +00:00,87,2.0349998,2.024
2026-05-06 08:41:42.778001 +00:00,87,2.133,1.494
2025-09-11 13:40:12.980001 +00:00,87,1.7,2.471
2026-05-06 08:42:19.079001 +00:00,87,11.643,1.6159999
2025-09-05 11:46:46.421001 +00:00,87,1.864,7.724
2025-09-10 10:58:12.663001 +00:00,87,1.861,3.878
2025-09-10 10:58:12.663001 +00:00,87,1.637,3.878
2025-09-10 08:28:49.036001 +00:00,87,3.605,1.886
2026-05-06 08:42:19.079001 +00:00,87,1.47,1.6159999
2025-09-03 10:15:23.707001 +00:00,87,1.985,3.943
2025-09-10 07:15:35.112001 +00:00,87,1.724,1.648
2025-09-04 08:14:46.534001 +00:00,87,1.707,7.1809998
2025-09-10 06:49:38.150001 +00:00,87,4.011,1.725
2025-09-10 07:14:42.440001 +00:00,87,1.5810001,1.643
2025-09-10 07:14:42.440001 +00:00,87,1.513,1.643
2025-09-04 08:14:46.534001 +00:00,87,1.709,7.1809998
2025-09-10 07:15:35.112001 +00:00,87,2.8109999,1.648
2025-09-10 08:00:06.298001 +00:00,87,1.813,1.628
2025-09-03 08:46:23.469001 +00:00,87,1.965,1.6700001
2025-09-10 10:57:22.203001 +00:00,87,3.832,1.76
2025-09-10 08:00:06.298001 +00:00,87,1.667,1.628
2025-09-11 13:32:44.810001 +00:00,86,,
2025-09-10 10:12:08.429001 +00:00,86,1.618,1.648
2025-09-08 10:24:12.898001 +00:00,86,4.989,1.531
2025-09-05 11:46:25.083001 +00:00,86,1.733,1.832
2025-09-03 10:15:23.706001 +00:00,86,8.4800005,3.943
2025-09-11 13:32:56.459001 +00:00,86,,
2025-09-03 10:15:23.706001 +00:00,86,1.748,3.943
2025-09-03 06:58:25.215001 +00:00,86,1.756,1.816
2025-09-05 12:50:43.008001 +00:00,86,2.7719998,13.58
2025-09-10 08:29:41.767001 +00:00,86,1.597,1.707
2025-09-10 08:29:41.767001 +00:00,86,1.555,1.707
2025-09-10 08:29:41.767001 +00:00,86,2.173,1.707
2025-09-08 08:27:10.749001 +00:00,86,1.793,7.768
2025-09-10 10:58:12.662001 +00:00,86,1.672,3.878
2025-09-10 10:57:38.495001 +00:00,86,1.641,1.931
2026-05-06 08:42:41.337001 +00:00,86,1.514,1.756
2025-09-03 08:12:11.960001 +00:00,86,1.9640001,1.8100001
2025-09-03 08:12:11.960001 +00:00,86,12.254,1.8100001
2025-09-04 07:18:03.170001 +00:00,86,2.1460001,1.571
2025-09-10 10:58:12.662001 +00:00,86,1.834,3.878
2026-03-02 13:34:53.939001 +00:00,86,3.273,1.623
2026-01-22 15:58:30.188001 +00:00,86,6.8310003,5.147
2025-09-10 08:00:06.297001 +00:00,86,12.276,1.628
2026-01-22 15:48:20.106001 +00:00,86,10.427,5.147
2025-09-10 10:57:38.495001 +00:00,86,1.65,1.931
2025-09-10 10:57:38.495001 +00:00,86,1.694,1.931
2026-05-06 08:42:41.337001 +00:00,86,1.521,1.756
2025-09-11 13:32:56.459001 +00:00,86,,
2025-09-03 10:14:44.435001 +00:00,86,1.7199999,2.0049999
2025-09-08 08:28:03.244001 +00:00,86,1.5780001,4.9589996
2025-09-04 08:14:46.533001 +00:00,86,1.71,7.1809998
2025-09-04 08:14:46.533001 +00:00,86,2.108,7.1809998
2025-09-04 08:13:43.965001 +00:00,86,7.9659996,8.603
2025-09-04 08:14:46.533001 +00:00,86,1.713,7.1809998
2025-09-08 08:27:28.147001 +00:00,86,3.032,1.787
2025-10-03 09:43:04.930001 +00:00,86,1.721,1.7409999
2025-09-08 08:27:28.147001 +00:00,86,4.9589996,1.787
2025-09-08 08:27:28.147001 +00:00,86,1.8110001,1.787
2025-10-03 09:43:04.930001 +00:00,86,1.5630001,1.7409999
2025-09-05 12:50:43.008001 +00:00,86,4.138,13.58
2025-09-10 09:03:37.219001 +00:00,86,1.59,1.875
2026-01-22 15:46:19.506001 +00:00,86,10.427,5.147
2025-09-03 08:47:28.257001 +00:00,85,7.8849998,1.717
2025-09-08 10:25:22.951001 +00:00,85,5.1330004,4.9319997
2025-09-05 12:49:46.157001 +00:00,85,4.634,11.649
2025-10-03 09:43:24.120001 +00:00,85,1.5600001,1.5389999
2025-09-11 13:40:12.978001 +00:00,85,1.949,2.471
2025-09-11 13:32:56.458001 +00:00,85,,
2025-09-10 10:57:22.201001 +00:00,85,1.549,1.76
2026-01-05 14:32:56.730001 +00:00,85,11.613,9.23
2026-05-06 08:42:41.336001 +00:00,85,1.689,1.756
2025-09-08 10:25:22.951001 +00:00,85,7.2139997,4.9319997
2025-09-11 13:40:12.978001 +00:00,85,1.577,2.471
2025-09-04 07:18:03.169001 +00:00,85,1.835,1.571
2025-09-08 08:28:03.243001 +00:00,85,1.783,4.9589996
2025-09-10 08:29:41.766001 +00:00,85,1.5600001,1.707
2025-09-05 12:50:43.007001 +00:00,85,5.0610003,13.58
2025-09-03 08:46:50.384001 +00:00,85,1.693,7.268
2025-09-08 08:27:10.748001 +00:00,85,1.534,7.768
2025-09-08 08:27:28.146001 +00:00,85,1.809,1.787
2025-09-08 08:27:28.146001 +00:00,85,1.708,1.787
2025-09-10 10:58:12.661001 +00:00,85,4.39,3.878
2025-09-03 10:15:23.705001 +00:00,85,7.404,3.943
2025-09-10 06:49:38.148001 +00:00,85,1.714,1.725
2025-09-08 10:22:51.022001 +00:00,85,5.145,2.596
2025-09-08 08:28:03.243001 +00:00,85,3.6869998,4.9589996
2025-09-10 09:03:57.198001 +00:00,85,4.9430003,7.0270004
2025-09-03 10:14:44.434001 +00:00,85,7.788,2.0049999
2025-09-10 06:49:28.386001 +00:00,85,7.2260003,7.127
2025-09-03 06:58:25.214001 +00:00,85,1.651,1.816
2025-09-11 13:32:56.458001 +00:00,85,,
2025-09-10 08:00:06.296001 +00:00,85,1.5810001,1.628
2025-09-10 10:13:08.347001 +00:00,85,1.693,1.64
2025-09-04 07:17:16.075001 +00:00,85,7.8059998,1.846
2025-09-10 10:12:08.428001 +00:00,85,7.269,1.648
2025-09-11 13:32:56.458001 +00:00,85,,
2025-09-03 10:14:44.433001 +00:00,84,5.1219997,2.0049999
2025-09-05 12:02:20.396001 +00:00,84,1.782,4.9100003
2025-09-04 07:16:56.058001 +00:00,84,8.448,4.393
2025-09-11 13:39:36.497001 +00:00,84,7.777,1.7
2025-09-04 07:17:16.074001 +00:00,84,4.393,1.846
2025-09-10 06:49:38.147001 +00:00,84,1.747,1.725
2025-09-08 08:27:10.747001 +00:00,84,2.0149999,7.768
2025-09-04 07:18:03.168001 +00:00,84,5.66,1.571
2025-09-08 10:24:28.082001 +00:00,84,3.145,3.5649998
2025-09-08 10:24:28.082001 +00:00,84,5.043,3.5649998
2025-09-04 07:18:03.168001 +00:00,84,11.308001,1.571
2025-09-05 12:50:05.605001 +00:00,84,2.136,2.8999999
2025-09-10 08:29:11.954001 +00:00,84,3.402,1.774
2025-09-05 12:50:05.605001 +00:00,84,16.038,2.8999999
2026-01-22 15:48:20.104001 +00:00,84,3.9280002,5.147
2026-01-22 15:48:20.104001 +00:00,84,2.382,5.147
2025-09-03 10:14:20.354001 +00:00,84,8.705,1.6899999
2025-09-10 10:58:12.660001 +00:00,84,1.551,3.878
2025-09-10 10:58:12.660001 +00:00,84,1.66,3.878
2025-09-10 10:12:31.179001 +00:00,84,2.835,1.689
2025-09-04 08:13:43.963001 +00:00,84,1.664,8.603
2025-09-04 08:13:43.963001 +00:00,84,7.89,8.603
2025-09-10 08:28:49.033001 +00:00,84,1.605,1.886
2026-05-06 08:42:19.076001 +00:00,84,1.602,1.6159999
2025-10-03 09:43:04.928001 +00:00,84,2.269,1.7409999
2025-09-05 12:49:46.156001 +00:00,84,12.393,11.649
2025-09-05 12:49:46.156001 +00:00,84,3.2210002,11.649
2025-09-10 10:12:08.427001 +00:00,84,1.604,1.648
2025-09-10 10:12:08.427001 +00:00,84,3.918,1.648
2026-01-22 15:46:19.504001 +00:00,84,6.8310003,5.147
2025-09-10 07:15:35.109001 +00:00,84,1.607,1.648
2025-09-03 11:42:22.700001 +00:00,84,3.572,1.717
2025-09-10 10:13:08.346001 +00:00,84,3.2889998,1.64
2025-09-10 10:13:08.346001 +00:00,84,1.7190001,1.64
2025-09-10 08:29:41.765001 +00:00,84,1.8100001,1.707
2025-09-08 08:28:03.242001 +00:00,84,1.583,4.9589996
2025-09-08 10:25:22.949001 +00:00,83,1.796,4.9319997
2025-09-04 07:16:56.057001 +00:00,83,1.567,4.393
2025-10-03 09:43:04.927001 +00:00,83,7.387,1.7409999
2025-09-04 08:13:43.962001 +00:00,83,1.899,8.603
2025-09-04 08:13:43.962001 +00:00,83,1.905,8.603
2025-09-03 08:12:47.295001 +00:00,83,1.6880001,1.7800001
2025-09-10 09:03:37.216001 +00:00,83,1.651,1.875
2025-10-03 09:43:24.118001 +00:00,83,1.779,1.5389999
2025-09-10 09:03:37.216001 +00:00,83,2.421,1.875
2025-09-03 10:14:44.432001 +00:00,83,2.032,2.0049999
2025-09-03 10:14:44.432001 +00:00,83,5.263,2.0049999
2025-09-10 10:57:22.199001 +00:00,83,1.536,1.76
2025-09-03 10:14:44.432001 +00:00,83,2.105,2.0049999
2025-09-10 09:04:39.652001 +00:00,83,1.5350001,4.9430003
2025-09-03 10:15:23.703001 +00:00,83,2.016,3.943
2025-09-03 08:13:47.502001 +00:00,83,1.8729999,4.363
2025-09-10 09:04:39.652001 +00:00,83,2.085,4.9430003
2025-09-03 06:58:15.729001 +00:00,83,2.492,2.48
2025-09-03 10:15:23.703001 +00:00,83,1.855,3.943
2025-09-04 08:13:20.299001 +00:00,83,1.704,2.091
2025-09-03 11:42:22.699001 +00:00,83,8.448,1.717
2026-05-06 08:42:41.334001 +00:00,83,1.4909999,1.756
2025-09-10 10:13:08.345001 +00:00,83,1.668,1.64
2025-09-10 10:13:08.345001 +00:00,83,1.5350001,1.64
2025-09-10 06:49:28.384001 +00:00,83,1.7620001,7.127
2026-01-22 15:46:19.503001 +00:00,83,2.382,5.147
2025-09-10 06:49:28.384001 +00:00,83,1.7160001,7.127
2025-09-05 12:49:46.155001 +00:00,83,8.524,11.649
2025-09-05 12:49:46.155001 +00:00,83,4.593,11.649
2025-09-10 08:00:56.282001 +00:00,83,1.647,2.651
2025-09-10 08:00:24.914001 +00:00,83,1.885,1.523
2026-03-02 13:34:53.936001 +00:00,83,1.567,1.623
2026-03-02 13:34:53.936001 +00:00,83,1.6120001,1.623
2026-03-02 13:34:53.936001 +00:00,83,1.5979999,1.623
2025-09-08 08:27:10.746001 +00:00,83,1.84,7.768
2025-09-05 11:46:25.079001 +00:00,82,1.793,1.832
2025-09-03 08:13:47.501001 +00:00,82,6.534,4.363
2025-09-11 13:32:56.455001 +00:00,82,,
2026-01-22 15:46:19.502001 +00:00,82,13.971,5.147
2025-09-03 11:00:20.946001 +00:00,82,1.718,2.024
2025-09-03 08:46:23.464001 +00:00,82,1.733,1.6700001
2025-09-05 12:49:46.154001 +00:00,82,11.736,11.649
2025-09-03 08:46:50.381001 +00:00,82,1.64,7.268
2025-09-05 11:46:25.079001 +00:00,82,2.213,1.832
2025-09-03 08:46:50.381001 +00:00,82,2.0049999,7.268
2025-09-10 08:28:49.031001 +00:00,82,1.498,1.886
2025-09-05 11:46:46.416001 +00:00,82,1.86,7.724
2025-09-03 08:46:23.464001 +00:00,82,1.8909999,1.6700001
2025-09-05 12:50:43.004001 +00:00,82,4.56,13.58
2025-09-10 08:29:11.952001 +00:00,82,7.9269996,1.774
2025-09-03 06:58:15.728001 +00:00,82,1.722,2.48
2025-09-04 07:17:16.072001 +00:00,82,5.659,1.846
2026-01-22 15:58:30.184001 +00:00,82,13.971,5.147
2025-09-10 10:57:38.491001 +00:00,82,2.4280002,1.931
2025-09-04 08:14:46.529001 +00:00,82,1.905,7.1809998
2025-09-03 06:58:15.728001 +00:00,82,5.219,2.48
2025-09-04 08:14:46.529001 +00:00,82,1.899,7.1809998
2025-09-08 08:27:28.143001 +00:00,82,1.7199999,1.787
2025-09-10 08:00:06.293001 +00:00,82,2.3600001,1.628
2025-10-03 09:43:04.926001 +00:00,82,1.8100001,1.7409999
2025-09-10 07:15:35.107001 +00:00,82,2.913,1.648
2025-09-03 08:12:47.294001 +00:00,82,1.7950001,1.7800001
2025-09-11 13:39:46.330001 +00:00,82,11.074,2.608
2026-05-06 08:41:42.773001 +00:00,82,1.4909999,1.494
2025-09-10 08:28:49.031001 +00:00,82,6.753,1.886
2025-09-10 08:29:11.951001 +00:00,81,1.65,1.774
2025-09-03 08:46:23.463001 +00:00,81,1.781,1.6700001
2025-09-04 07:18:03.165001 +00:00,81,7.8059998,1.571
2025-09-05 11:47:29.936001 +00:00,81,8.29,5.509
2025-09-10 07:15:35.106001 +00:00,81,1.748,1.648
2025-09-10 07:14:23.049001 +00:00,81,1.5569999,2.8109999
2025-09-10 10:13:08.343001 +00:00,81,1.6589999,1.64
2026-05-06 08:42:41.332001 +00:00,81,1.698,1.756
2025-09-11 13:39:36.494001 +00:00,81,1.534,1.7
2025-09-08 08:27:28.142001 +00:00,81,1.8100001,1.787
2025-09-03 08:46:23.463001 +00:00,81,1.651,1.6700001
2025-09-08 08:27:28.142001 +00:00,81,2.158,1.787
2025-09-10 06:49:38.144001 +00:00,81,7.276,1.725
2026-01-22 15:46:19.501001 +00:00,81,8.366,5.147
2025-09-03 08:12:47.293001 +00:00,81,1.798,1.7800001
2025-09-03 08:46:50.380001 +00:00,81,1.702,7.268
2025-09-11 14:16:19.317001 +00:00,81,,
2025-09-08 08:28:03.239001 +00:00,81,1.774,4.9589996
2025-09-10 09:03:57.194001 +00:00,81,4.861,7.0270004
2025-10-03 09:44:28.565001 +00:00,81,1.735,4.9760003
2025-09-10 08:29:41.762001 +00:00,81,3.454,1.707
2025-09-10 07:14:23.049001 +00:00,81,6.8919997,2.8109999
2025-10-03 09:44:28.565001 +00:00,81,1.863,4.9760003
2025-09-08 10:24:12.893001 +00:00,81,20.479,1.531
2025-09-03 08:47:28.253001 +00:00,81,6.757,1.717
2025-09-08 10:24:12.893001 +00:00,81,2.086,1.531
2025-09-11 13:39:36.494001 +00:00,81,1.683,1.7
2025-09-05 12:50:05.602001 +00:00,81,4.567,2.8999999
2025-09-03 08:13:47.500001 +00:00,81,1.7620001,4.363
2025-09-10 10:58:12.657001 +00:00,81,1.694,3.878
2025-09-10 08:29:41.762001 +00:00,81,16.705,1.707
2025-09-10 08:00:24.912001 +00:00,81,1.6589999,1.523
2025-09-10 10:12:31.176001 +00:00,81,1.865,1.689
2025-09-03 10:15:23.701001 +00:00,81,1.7839999,3.943
2026-05-06 08:42:19.073001 +00:00,81,1.4909999,1.6159999
2025-09-03 08:46:50.380001 +00:00,81,1.89,7.268
2025-09-03 08:12:11.955001 +00:00,81,1.8729999,1.8100001
2025-09-04 07:16:56.055001 +00:00,81,7.35,4.393
2025-09-04 08:13:20.297001 +00:00,81,3.7150002,2.091
2026-01-22 15:48:20.100001 +00:00,80,4.266,5.147
2025-09-10 10:12:08.423001 +00:00,80,1.855,1.648
2025-09-04 08:14:46.527001 +00:00,80,3.164,7.1809998
2025-09-03 08:12:11.954001 +00:00,80,1.6880001,1.8100001
2025-09-05 12:50:05.601001 +00:00,80,2.286,2.8999999
2025-09-03 06:58:15.726001 +00:00,80,1.8100001,2.48
2025-09-05 12:50:05.601001 +00:00,80,2.448,2.8999999
2025-09-10 10:57:38.489001 +00:00,80,1.832,1.931
2025-09-10 10:13:08.342001 +00:00,80,6.163,1.64
2025-09-04 08:13:20.296001 +00:00,80,1.6459999,2.091
2025-09-04 07:17:16.070001 +00:00,80,1.544,1.846
2025-09-03 06:58:25.209001 +00:00,80,12.2,1.816
2025-09-10 07:15:35.105001 +00:00,80,3.316,1.648
2025-09-10 07:15:35.105001 +00:00,80,1.9480001,1.648
2025-09-11 13:32:44.804001 +00:00,80,,
2025-09-10 10:12:08.423001 +00:00,80,1.6589999,1.648
2026-05-06 08:41:42.771001 +00:00,80,8.673,1.494
2025-09-10 09:03:37.213001 +00:00,80,1.63,1.875
2025-09-10 06:49:38.143001 +00:00,80,6.501,1.725
2025-09-05 12:49:46.152001 +00:00,80,2.7719998,11.649
2025-09-05 12:49:46.152001 +00:00,80,4.138,11.649
2025-09-10 10:58:12.656001 +00:00,80,1.65,3.878
2025-09-03 08:46:50.379001 +00:00,80,1.7049999,7.268
2025-09-08 08:27:28.141001 +00:00,80,1.636,1.787
2025-09-08 08:27:28.141001 +00:00,80,1.6730001,1.787
2025-09-04 07:18:03.164001 +00:00,80,2.527,1.571
2025-09-03 08:13:47.499001 +00:00,80,2.263,4.363
2025-09-10 10:12:31.175001 +00:00,80,1.548,1.689
2025-09-10 10:12:31.175001 +00:00,80,1.64,1.689
2025-09-10 10:12:31.175001 +00:00,80,3,1.689
2025-09-10 08:00:56.279001 +00:00,80,3.974,2.651
2025-09-10 08:00:56.279001 +00:00,80,2.088,2.651
2025-09-10 09:03:57.193001 +00:00,80,9.434999,7.0270004
2026-01-22 15:48:20.100001 +00:00,80,9.707,5.147
2025-09-04 08:13:43.958001 +00:00,79,1.8449999,8.603
2025-09-10 10:57:38.488001 +00:00,79,1.76,1.931
2025-09-03 11:42:22.695001 +00:00,79,1.594,1.717
2025-09-04 08:13:20.295001 +00:00,79,1.702,2.091
2025-09-08 08:28:03.237001 +00:00,79,1.583,4.9589996
2025-09-03 08:13:47.498001 +00:00,79,1.783,4.363
2025-09-10 09:03:37.212001 +00:00,79,1.798,1.875
2025-09-05 11:47:29.934001 +00:00,79,8.204,5.509
2025-09-10 09:03:37.212001 +00:00,79,2.459,1.875
2025-09-03 11:41:45.997001 +00:00,79,2.183,5.493
2026-01-22 15:58:30.181001 +00:00,79,8.476999,5.147
2025-09-05 12:50:05.600001 +00:00,79,3.8600001,2.8999999
2025-09-05 12:50:43.001001 +00:00,79,3.658,13.58
2026-01-22 15:48:20.099001 +00:00,79,1.9499999,5.147
2025-09-10 08:00:56.278001 +00:00,79,1.678,2.651
2026-01-22 15:58:30.181001 +00:00,79,7.275,5.147
2025-09-10 09:03:37.212001 +00:00,79,1.809,1.875
2025-09-03 08:12:11.953001 +00:00,79,1.7950001,1.8100001
2025-09-10 10:12:08.422001 +00:00,79,1.5350001,1.648
2025-09-10 06:49:28.380001 +00:00,79,1.747,7.127
2025-09-05 11:46:46.413001 +00:00,79,1.625,7.724
2025-09-03 10:14:44.428001 +00:00,79,2.02,2.0049999
2025-09-11 13:32:56.452001 +00:00,79,,
2025-09-05 11:46:46.413001 +00:00,79,1.569,7.724
2025-09-03 08:12:11.953001 +00:00,79,2.013,1.8100001
2025-09-05 11:46:46.413001 +00:00,79,2.049,7.724
2025-09-10 07:15:35.104001 +00:00,79,1.639,1.648
2025-09-10 09:03:57.192001 +00:00,79,1.732,7.0270004
2025-09-04 08:13:20.295001 +00:00,79,1.668,2.091
2025-10-03 11:13:02.823001 +00:00,79,,
2025-10-03 11:13:02.823001 +00:00,79,,
2025-09-08 10:24:12.890001 +00:00,78,3.862,1.531
2025-09-05 11:47:29.933001 +00:00,78,1.6240001,5.509
2025-09-03 08:46:23.460001 +00:00,78,4.348,1.6700001
2025-09-10 10:13:08.340001 +00:00,78,1.6270001,1.64
2025-09-10 10:13:08.340001 +00:00,78,11.611,1.64
2025-09-10 07:15:35.103001 +00:00,78,7.355,1.648
2025-09-10 07:15:35.103001 +00:00,78,1.7689999,1.648
2025-09-10 07:15:35.103001 +00:00,78,1.6439999,1.648
2025-09-10 07:15:35.103001 +00:00,78,7.333,1.648
2025-09-10 08:29:41.759001 +00:00,78,6.012,1.707
2025-09-08 08:27:28.139001 +00:00,78,11.494,1.787
2025-09-10 06:49:38.141001 +00:00,78,1.706,1.725
2025-09-10 08:00:56.277001 +00:00,78,1.5419999,2.651
2025-09-10 08:00:06.289001 +00:00,78,6.769,1.628
2025-09-10 08:00:06.289001 +00:00,78,6.65,1.628
2025-09-04 07:16:56.052001 +00:00,78,3.567,4.393
2026-01-22 15:58:30.180001 +00:00,78,8.541,5.147
2025-09-03 08:46:50.377001 +00:00,78,1.638,7.268
2025-09-10 09:03:57.191001 +00:00,78,6.35,7.0270004
2025-09-08 10:24:28.076001 +00:00,78,1.909,3.5649998
2025-09-08 10:24:28.076001 +00:00,78,5.1330004,3.5649998
2025-09-04 07:18:03.162001 +00:00,78,2.18,1.571
2025-09-04 07:18:03.162001 +00:00,78,7.746,1.571
2025-09-11 13:32:44.802001 +00:00,78,,
2025-09-08 10:25:22.944001 +00:00,78,5.342,4.9319997
2025-09-08 08:27:10.741001 +00:00,78,1.668,7.768
2025-09-10 07:14:23.046001 +00:00,78,1.619,2.8109999
2025-09-10 07:14:23.046001 +00:00,78,4.178,2.8109999
2026-05-06 08:41:42.769001 +00:00,78,7.176,1.494
2025-09-11 13:39:36.491001 +00:00,78,3.46,1.7
2026-05-06 08:42:41.329001 +00:00,78,2.0570002,1.756
2025-09-10 08:29:41.758001 +00:00,77,1.604,1.707
2026-05-06 08:41:42.768001 +00:00,77,2.11,1.494
2026-05-06 08:42:41.328001 +00:00,77,3.358,1.756
2025-09-10 06:49:28.378001 +00:00,77,1.697,7.127
2025-09-05 11:46:46.411001 +00:00,77,2.0649998,7.724
2025-09-03 11:42:22.693001 +00:00,77,1.782,1.717
2025-09-10 10:12:08.420001 +00:00,77,1.6589999,1.648
2025-09-10 07:14:23.045001 +00:00,77,1.591,2.8109999
2025-09-10 06:49:38.140001 +00:00,77,1.564,1.725
2025-09-10 10:57:22.193001 +00:00,77,1.666,1.76
2025-09-03 10:15:23.697001 +00:00,77,8.497,3.943
2025-09-04 08:13:20.293001 +00:00,77,1.877,2.091
2025-09-10 08:00:24.908001 +00:00,77,3.5270002,1.523
2025-09-08 08:27:28.138001 +00:00,77,1.571,1.787
2025-09-08 10:22:51.014001 +00:00,77,2.016,2.596
2025-09-10 08:28:49.026001 +00:00,77,1.653,1.886
2025-09-08 08:27:28.138001 +00:00,77,1.608,1.787
2025-09-10 08:29:11.947001 +00:00,77,2.819,1.774
2025-09-05 11:46:25.074001 +00:00,77,6.332,1.832
2025-09-04 07:16:56.051001 +00:00,77,1.817,4.393
2025-09-04 07:16:56.051001 +00:00,77,1.746,4.393
2025-09-11 13:32:56.450001 +00:00,77,,
2025-09-10 07:14:42.430001 +00:00,77,3.102,1.643
2025-09-03 08:46:50.376001 +00:00,77,1.893,7.268
2025-09-08 08:27:10.740001 +00:00,77,4.9589996,7.768
2025-09-11 13:32:44.801001 +00:00,77,,
2025-09-10 08:00:56.276001 +00:00,77,7.312,2.651
2026-05-06 08:42:19.069001 +00:00,77,2.0570002,1.6159999
2025-09-11 13:32:56.450001 +00:00,77,,
2025-09-10 09:03:57.190001 +00:00,77,6.655,7.0270004
2025-09-10 08:29:11.947001 +00:00,77,2.173,1.774
2025-09-10 10:12:31.172001 +00:00,77,1.775,1.689
2025-12-05 16:38:36.775001 +00:00,76,3.1959999,1.796
2025-09-11 13:39:36.489001 +00:00,76,1.591,1.7
2025-12-05 16:38:36.775001 +00:00,76,9.358,1.796
2026-01-22 15:58:30.178001 +00:00,76,2.508,5.147
2025-12-05 16:38:36.775001 +00:00,76,6.685,1.796
2025-10-03 09:43:04.920001 +00:00,76,1.785,1.7409999
2025-09-08 10:25:22.942001 +00:00,76,4.6780005,4.9319997
2025-09-03 08:46:50.375001 +00:00,76,2.223,7.268
2025-09-03 08:46:50.375001 +00:00,76,2.043,7.268
2025-09-03 10:15:23.696001 +00:00,76,7.242,3.943
2026-03-02 13:34:53.929001 +00:00,76,5.684,1.623
2025-12-05 16:38:36.775001 +00:00,76,4.468,1.796
2025-09-10 09:03:57.189001 +00:00,76,1.621,7.0270004
2025-09-08 10:24:12.888001 +00:00,76,3.807,1.531
2025-09-04 08:14:46.523001 +00:00,76,1.742,7.1809998
2025-09-03 10:14:44.425001 +00:00,76,6.594,2.0049999
2025-09-04 08:14:46.523001 +00:00,76,8.656,7.1809998
2025-09-04 07:18:03.160001 +00:00,76,1.6730001,1.571
2025-09-05 12:02:20.388001 +00:00,76,3.706,4.9100003
2025-09-03 10:15:23.696001 +00:00,76,5.064,3.943
2025-09-10 08:28:49.025001 +00:00,76,1.651,1.886
2025-09-10 06:49:28.377001 +00:00,76,7.276,7.127
2025-09-05 12:02:20.388001 +00:00,76,1.864,4.9100003
2025-09-03 08:46:23.458001 +00:00,76,7.598,1.6700001
2025-09-08 08:27:10.739001 +00:00,76,1.6459999,7.768
2026-05-06 08:41:42.767001 +00:00,76,1.521,1.494
2025-09-08 08:28:03.234001 +00:00,76,1.584,4.9589996
2025-09-03 11:00:20.940001 +00:00,76,2.253,2.024
2025-09-10 06:49:38.139001 +00:00,76,1.59,1.725
2025-09-10 10:58:12.652001 +00:00,76,1.509,3.878
2025-09-05 11:46:25.073001 +00:00,76,2.323,1.832
2025-09-03 08:47:28.248001 +00:00,76,1.953,1.717
2025-09-03 08:47:28.248001 +00:00,76,1.75,1.717
2025-10-03 09:43:24.111001 +00:00,76,4.096,1.5389999
2025-09-10 08:29:41.757001 +00:00,76,2.085,1.707
2025-12-05 16:38:36.775001 +00:00,76,12.37,1.796
2025-12-05 16:38:36.775001 +00:00,76,1.748,1.796
2025-12-05 16:38:36.775001 +00:00,76,3.849,1.796
2025-12-05 16:38:36.775001 +00:00,76,2.487,1.796
2025-12-05 16:38:36.775001 +00:00,76,4.299,1.796
2025-09-03 06:58:25.205001 +00:00,76,19.244,1.816
2025-09-10 07:15:35.101001 +00:00,76,20.33,1.648
2025-12-05 16:38:36.775001 +00:00,76,4.5759997,1.796
2025-09-03 11:42:22.691001 +00:00,75,1.757,1.717
2025-09-05 12:50:05.596001 +00:00,75,3.2210002,2.8999999
2026-01-22 15:48:20.095001 +00:00,75,8.476999,5.147
2026-01-22 15:48:20.095001 +00:00,75,2.0630002,5.147
2026-01-22 15:46:19.495001 +00:00,75,2.0900002,5.147
2025-12-17 13:32:16.598001 +00:00,75,,
2025-12-05 16:38:36.774001 +00:00,75,1.623,1.796
2025-12-05 16:38:36.774001 +00:00,75,1.572,1.796
2025-12-05 16:38:36.774001 +00:00,75,1.573,1.796
2025-12-05 16:38:36.774001 +00:00,75,1.645,1.796
2025-12-05 16:38:36.774001 +00:00,75,1.587,1.796
2025-12-05 16:38:36.774001 +00:00,75,4.771,1.796
2025-12-05 16:38:36.774001 +00:00,75,7.614,1.796
2025-12-05 16:38:36.774001 +00:00,75,15.908999,1.796
2025-12-05 16:38:36.774001 +00:00,75,2.3360002,1.796
2025-12-05 16:38:36.774001 +00:00,75,1.661,1.796
2025-12-05 16:37:16.734001 +00:00,75,1.914,1.796
2025-12-05 16:37:16.734001 +00:00,75,3.849,1.796
2025-12-05 16:37:16.734001 +00:00,75,3.35,1.796
2025-12-05 16:37:16.734001 +00:00,75,1.58,1.796
2025-12-05 16:37:16.734001 +00:00,75,2.177,1.796
2025-12-05 16:37:16.734001 +00:00,75,4.771,1.796
2025-12-05 16:37:16.734001 +00:00,75,12.604,1.796
2025-12-05 16:37:16.734001 +00:00,75,7.528,1.796
2025-12-05 16:37:16.734001 +00:00,75,1.537,1.796
2025-12-05 16:37:16.734001 +00:00,75,1.986,1.796
2025-12-05 16:37:16.734001 +00:00,75,9.102,1.796
2025-12-05 16:37:16.734001 +00:00,75,6.567,1.796
2025-12-05 16:37:16.734001 +00:00,75,1.77,1.796
2025-12-05 16:37:16.734001 +00:00,75,10.273999,1.796
2025-09-05 12:02:20.387001 +00:00,75,1.809,4.9100003
2025-12-05 16:37:16.734001 +00:00,75,7.7419996,1.796
2025-12-05 16:37:16.734001 +00:00,75,4.383,1.796
2025-12-05 16:37:16.734001 +00:00,75,5.572,1.796
2025-10-03 11:13:02.819001 +00:00,75,,
2025-09-05 11:47:29.930001 +00:00,75,3.91,5.509
2025-09-05 11:47:29.930001 +00:00,75,1.9219999,5.509
2025-10-03 09:43:04.919001 +00:00,75,1.7969999,1.7409999
2025-09-05 11:46:46.409001 +00:00,75,1.9690001,7.724
2025-09-03 08:12:47.287001 +00:00,75,1.79,1.7800001
2025-09-03 08:12:47.287001 +00:00,75,1.782,1.7800001
2026-05-06 08:42:41.326001 +00:00,75,3.7159998,1.756
2025-09-03 08:13:47.494001 +00:00,75,1.774,4.363
2025-09-03 08:13:47.494001 +00:00,75,1.782,4.363
2025-09-10 06:49:28.376001 +00:00,75,2.727,7.127
2025-09-03 08:46:23.457001 +00:00,75,5.599,1.6700001
2025-09-10 07:14:42.428001 +00:00,75,1.771,1.643
2025-09-10 07:14:42.428001 +00:00,75,1.786,1.643
2025-09-04 08:13:20.291001 +00:00,75,11.382999,2.091
2025-09-10 10:13:08.337001 +00:00,75,1.529,1.64
2025-09-10 07:15:35.100001 +00:00,75,1.704,1.648
2025-09-10 07:15:35.100001 +00:00,75,3.8999999,1.648
2025-09-03 08:47:28.247001 +00:00,75,1.8909999,1.717
2025-09-03 08:47:28.247001 +00:00,75,1.672,1.717
2025-09-03 08:47:28.247001 +00:00,75,1.651,1.717
2025-09-10 10:12:31.170001 +00:00,75,1.604,1.689
2025-09-10 08:00:06.286001 +00:00,75,1.9799999,1.628
2025-09-10 10:12:08.418001 +00:00,75,1.507,1.648
2025-09-10 09:03:57.188001 +00:00,75,6.386,7.0270004
2025-09-03 10:15:23.695001 +00:00,75,3.082,3.943
2025-09-03 10:15:23.695001 +00:00,75,5.626,3.943
2025-09-10 09:03:37.208001 +00:00,75,1.9,1.875
2025-09-10 09:03:37.208001 +00:00,75,1.879,1.875
2025-09-10 08:29:41.756001 +00:00,75,14.482,1.707
2025-09-10 10:57:22.190001 +00:00,74,1.6420001,1.76
2025-09-10 10:13:08.336001 +00:00,74,1.484,1.64
2026-03-02 13:34:53.927001 +00:00,74,1.791,1.623
2025-09-03 08:47:28.246001 +00:00,74,1.8690001,1.717
2025-09-10 10:12:31.169001 +00:00,74,3.918,1.689
2026-01-22 15:58:30.176001 +00:00,74,7.568,5.147
2025-09-10 08:29:11.944001 +00:00,74,7.507,1.774
2025-09-10 09:04:39.643001 +00:00,74,1.667,4.9430003
2026-01-22 15:46:19.494001 +00:00,74,9.12,5.147
2025-09-08 08:28:03.232001 +00:00,74,3.378,4.9589996
2025-10-03 11:13:02.818001 +00:00,74,,
2025-09-03 10:14:44.423001 +00:00,74,1.66,2.0049999
2025-09-04 07:17:16.064001 +00:00,74,1.7659999,1.846
2025-09-10 10:12:08.417001 +00:00,74,1.54,1.648
2025-09-05 11:47:29.929001 +00:00,74,1.8449999,5.509
2025-10-03 09:43:04.918001 +00:00,74,1.706,1.7409999
2025-09-04 07:16:56.048001 +00:00,74,1.739,4.393
2025-09-04 07:16:56.048001 +00:00,74,1.645,4.393
2025-09-03 08:12:11.948001 +00:00,74,5.249,1.8100001
2025-09-05 11:46:25.071001 +00:00,74,1.675,1.832
2025-09-10 08:28:49.023001 +00:00,74,7.448,1.886
2025-09-10 10:58:12.650001 +00:00,74,1.61,3.878
2025-09-03 10:14:20.344001 +00:00,74,7.659,1.6899999
2025-09-04 07:17:16.064001 +00:00,74,1.7229999,1.846
2025-09-03 08:46:23.456001 +00:00,74,1.8729999,1.6700001
2025-09-03 08:46:23.456001 +00:00,74,1.7049999,1.6700001
2025-09-03 10:15:23.694001 +00:00,74,8.499001,3.943
2025-09-10 10:57:38.483001 +00:00,74,1.73,1.931
2025-09-10 09:03:57.187001 +00:00,74,1.628,7.0270004
2025-09-03 08:46:50.373001 +00:00,74,1.906,7.268
2025-10-03 09:44:28.557001 +00:00,73,1.947,4.9760003
2025-09-03 10:14:44.422001 +00:00,73,1.837,2.0049999
2025-09-10 10:12:08.416001 +00:00,73,11.611,1.648
2025-09-03 10:14:20.343001 +00:00,73,5.289,1.6899999
2025-09-10 08:00:56.272001 +00:00,73,3.404,2.651
2025-09-10 10:12:31.168001 +00:00,73,1.684,1.689
2025-09-10 10:12:31.168001 +00:00,73,1.625,1.689
2025-09-03 08:47:28.245001 +00:00,73,1.725,1.717
2025-09-10 07:15:35.098001 +00:00,73,2.5210001,1.648
2025-09-04 08:13:20.289001 +00:00,73,1.654,2.091
2025-09-04 08:13:20.289001 +00:00,73,2.515,2.091
2025-09-10 10:57:22.189001 +00:00,73,1.663,1.76
2025-09-04 08:13:43.952001 +00:00,73,2.4929998,8.603
2025-09-03 08:46:50.372001 +00:00,73,1.853,7.268
2025-09-10 07:14:23.041001 +00:00,73,1.527,2.8109999
2025-09-10 07:14:23.041001 +00:00,73,1.6899999,2.8109999
2025-09-10 06:49:38.136001 +00:00,73,1.5600001,1.725
2025-09-10 10:58:12.649001 +00:00,73,1.76,3.878
2025-09-10 10:58:12.649001 +00:00,73,1.59,3.878
2025-09-03 08:13:47.492001 +00:00,73,1.6420001,4.363
2025-09-11 13:32:56.446001 +00:00,73,,
2025-09-10 08:28:49.022001 +00:00,73,3.402,1.886
2025-09-08 10:25:22.939001 +00:00,73,8.342,4.9319997
2025-09-03 08:12:47.285001 +00:00,73,2.902,1.7800001
2025-09-05 11:46:46.407001 +00:00,73,1.584,7.724
2025-09-08 10:24:28.071001 +00:00,73,3.8330002,3.5649998
2025-09-08 10:24:28.071001 +00:00,73,4.085,3.5649998
2025-09-03 08:12:11.947001 +00:00,73,1.782,1.8100001
2025-10-03 09:44:28.557001 +00:00,73,1.684,4.9760003
2025-09-08 10:22:51.010001 +00:00,73,1.832,2.596
2025-09-05 12:02:20.385001 +00:00,73,1.75,4.9100003
2025-09-08 08:28:03.231001 +00:00,73,1.86,4.9589996
2026-01-22 15:46:19.493001 +00:00,73,7.275,5.147
2026-03-02 13:34:53.926001 +00:00,73,2.391,1.623
2026-03-02 13:34:53.926001 +00:00,73,1.4430001,1.623
2025-09-04 07:17:16.063001 +00:00,73,1.7409999,1.846
2025-09-04 07:17:16.063001 +00:00,73,1.567,1.846
2025-09-08 08:28:03.230001 +00:00,72,7.233,4.9589996
2025-09-04 07:18:03.156001 +00:00,72,1.798,1.571
2025-09-05 11:47:29.927001 +00:00,72,1.9120001,5.509
2025-10-03 09:43:04.916001 +00:00,72,6.561,1.7409999
2025-09-10 09:03:37.205001 +00:00,72,1.7190001,1.875
2025-09-10 07:14:23.040001 +00:00,72,6.582,2.8109999
2025-09-10 10:57:38.481001 +00:00,72,1.525,1.931
2025-09-04 08:14:46.519001 +00:00,72,2.213,7.1809998
2025-09-04 08:14:46.519001 +00:00,72,2.0600002,7.1809998
2025-09-03 10:15:23.692001 +00:00,72,1.7199999,3.943
2025-09-10 07:14:42.425001 +00:00,72,1.6919999,1.643
2025-09-05 12:50:05.593001 +00:00,72,9.674,2.8999999
2025-09-10 07:15:35.097001 +00:00,72,1.5810001,1.648
2025-09-03 08:46:50.371001 +00:00,72,1.75,7.268
2025-09-10 10:58:12.648001 +00:00,72,1.5350001,3.878
2025-09-10 06:49:28.373001 +00:00,72,1.713,7.127
2025-09-10 06:49:28.373001 +00:00,72,2.0089998,7.127
2025-09-03 10:14:44.421001 +00:00,72,1.928,2.0049999
2025-09-03 08:46:50.371001 +00:00,72,1.6700001,7.268
2025-09-10 08:00:24.903001 +00:00,72,1.648,1.523
2025-09-11 13:32:56.445001 +00:00,72,,
2025-09-04 07:17:16.062001 +00:00,72,6.4480004,1.846
2025-09-03 08:46:50.371001 +00:00,72,1.65,7.268
2025-09-10 08:28:49.021001 +00:00,72,2.202,1.886
2025-09-10 08:28:49.021001 +00:00,72,1.63,1.886
2026-03-03 06:07:25.241001 +00:00,72,1.536,1.376
2025-09-05 11:46:25.069001 +00:00,72,8.28,1.832
2025-09-08 10:25:22.938001 +00:00,72,1.927,4.9319997
2025-09-03 08:12:47.284001 +00:00,72,1.628,1.7800001
2025-09-10 10:57:22.188001 +00:00,72,1.671,1.76
2025-09-08 08:28:03.230001 +00:00,72,3.819,4.9589996
2025-09-10 09:03:57.185001 +00:00,72,1.8080001,7.0270004
2025-09-03 06:58:15.718001 +00:00,72,1.938,2.48
2025-09-05 11:46:46.406001 +00:00,72,1.793,7.724
2025-09-05 11:46:46.406001 +00:00,72,2.213,7.724
2026-05-06 08:41:42.763001 +00:00,72,1.727,1.494
2026-05-06 08:42:19.064001 +00:00,72,1.632,1.6159999
2025-09-08 10:24:28.070001 +00:00,72,3.905,3.5649998
2025-09-03 08:12:11.946001 +00:00,72,2.641,1.8100001
2025-09-03 11:00:20.936001 +00:00,72,1.9739999,2.024
2025-09-05 11:47:29.927001 +00:00,72,2.0029998,5.509
2025-09-04 08:13:43.951001 +00:00,72,2.213,8.603
2025-09-03 10:15:23.692001 +00:00,72,1.718,3.943
2025-10-03 09:44:28.555001 +00:00,71,1.5239999,4.9760003
2025-09-03 06:58:25.200001 +00:00,71,1.638,1.816
2026-01-22 15:48:20.091001 +00:00,71,3.6230001,5.147
2025-09-10 08:00:06.282001 +00:00,71,1.842,1.628
2025-09-03 11:00:20.935001 +00:00,71,1.75,2.024
2025-09-10 08:00:06.282001 +00:00,71,1.736,1.628
2025-09-05 11:46:25.068001 +00:00,71,2.97,1.832
2025-09-10 06:49:28.372001 +00:00,71,1.59,7.127
2025-09-10 10:12:31.166001 +00:00,71,8.120001,1.689
2025-10-03 09:43:04.915001 +00:00,71,1.614,1.7409999
2025-10-03 11:13:02.815001 +00:00,71,,
2025-09-10 09:03:37.204001 +00:00,71,1.8019999,1.875
2025-09-10 08:00:06.282001 +00:00,71,1.575,1.628
2025-09-10 10:57:22.187001 +00:00,71,1.768,1.76
2025-09-08 08:27:28.132001 +00:00,71,1.583,1.787
2025-09-10 10:12:08.414001 +00:00,71,1.684,1.648
2025-09-04 07:17:16.061001 +00:00,71,7.35,1.846
2025-09-10 08:00:56.270001 +00:00,71,9.7890005,2.651
2025-09-04 08:14:46.518001 +00:00,71,1.9799999,7.1809998
2025-09-08 10:25:22.937001 +00:00,71,3.2259998,4.9319997
2025-09-10 08:29:41.752001 +00:00,71,1.521,1.707
2025-09-10 08:29:41.752001 +00:00,71,7.389,1.707
2026-05-06 08:41:42.762001 +00:00,71,1.662,1.494
2025-09-10 08:28:49.020001 +00:00,71,2.173,1.886
2025-09-05 12:50:42.993001 +00:00,71,6.699,13.58
2025-09-10 08:29:11.941001 +00:00,71,1.9690001,1.774
2025-09-04 08:13:20.287001 +00:00,71,1.689,2.091
2025-09-10 08:00:56.270001 +00:00,71,1.656,2.651
2025-09-03 06:58:15.717001 +00:00,71,2.974,2.48
2025-09-10 08:00:56.270001 +00:00,71,2.539,2.651
2025-09-05 12:49:46.143001 +00:00,71,5.3719997,11.649
2025-09-03 08:47:28.243001 +00:00,71,1.86,1.717
2025-09-05 12:50:05.592001 +00:00,71,4.138,2.8999999
2025-09-10 10:58:12.647001 +00:00,71,1.801,3.878
2025-09-08 10:22:51.008001 +00:00,71,28.068,2.596
2026-03-02 13:34:53.924001 +00:00,71,1.959,1.623
2025-09-08 08:28:03.228001 +00:00,70,3.493,4.9589996
2025-09-08 08:27:28.131001 +00:00,70,1.544,1.787
2025-09-10 08:00:56.269001 +00:00,70,1.59,2.651
2025-09-03 10:15:23.690001 +00:00,70,1.819,3.943
2025-09-10 09:04:39.639001 +00:00,70,5.991,4.9430003
2025-09-10 08:00:56.269001 +00:00,70,2.836,2.651
2025-09-03 08:46:23.452001 +00:00,70,7.268,1.6700001
2025-09-10 10:58:12.646001 +00:00,70,7.757,3.878
2025-09-03 08:13:47.489001 +00:00,70,1.939,4.363
2025-09-10 08:28:49.019001 +00:00,70,1.503,1.886
2025-09-03 08:12:47.282001 +00:00,70,1.656,1.7800001
2025-09-03 08:12:47.282001 +00:00,70,1.939,1.7800001
2025-09-11 13:40:12.963001 +00:00,70,3.46,2.471
2025-09-03 08:12:11.944001 +00:00,70,1.897,1.8100001
2025-09-03 08:12:11.944001 +00:00,70,1.595,1.8100001
2025-10-03 09:43:24.105001 +00:00,70,1.641,1.5389999
2025-09-08 10:24:12.882001 +00:00,70,3.513,1.531
2025-09-08 10:24:12.882001 +00:00,70,1.861,1.531
2025-09-03 11:41:45.988001 +00:00,70,7.199,5.493
2025-09-10 09:03:37.203001 +00:00,70,1.54,1.875
2025-09-03 06:58:25.199001 +00:00,70,1.732,1.816
2025-09-08 10:22:51.007001 +00:00,70,8.342,2.596
2025-09-05 12:02:20.382001 +00:00,70,5.093,4.9100003
2025-09-05 12:02:20.382001 +00:00,70,4.255,4.9100003
2025-09-10 08:00:24.901001 +00:00,70,4.266,1.523
2026-01-22 15:46:19.490001 +00:00,70,22.649,5.147
2025-09-10 10:12:31.165001 +00:00,70,3.2889998,1.689
2026-01-22 15:48:20.090001 +00:00,70,4.042,5.147
2026-01-22 15:48:20.090001 +00:00,70,22.649,5.147
2025-09-10 10:13:08.332001 +00:00,70,6.739,1.64
2025-09-04 08:13:20.286001 +00:00,70,2.059,2.091
2025-09-10 09:04:39.639001 +00:00,70,14.017,4.9430003
2025-10-03 09:43:24.104001 +00:00,69,1.947,1.5389999
2025-09-11 14:16:19.305001 +00:00,69,,
2025-09-05 12:50:42.991001 +00:00,69,8.681,13.58
2025-09-04 08:13:43.948001 +00:00,69,2.022,8.603
2026-05-06 08:42:41.320001 +00:00,69,1.647,1.756
2025-09-10 10:12:08.412001 +00:00,69,1.991,1.648
2025-09-05 11:46:46.403001 +00:00,69,1.767,7.724
2025-09-03 08:12:47.281001 +00:00,69,1.726,1.7800001
2026-05-06 08:41:42.760001 +00:00,69,1.645,1.494
2026-01-22 15:46:19.489001 +00:00,69,3.021,5.147
2026-01-22 15:46:19.489001 +00:00,69,29.977999,5.147
2025-09-10 08:28:49.018001 +00:00,69,14.058001,1.886
2025-09-10 09:04:39.638001 +00:00,69,2.135,4.9430003
2025-09-11 13:32:56.442001 +00:00,69,,
2025-09-10 10:12:31.164001 +00:00,69,3.47,1.689
2025-09-10 10:12:31.164001 +00:00,69,1.5350001,1.689
2025-09-10 10:57:22.185001 +00:00,69,3.907,1.76
2025-09-10 06:49:28.370001 +00:00,69,1.527,7.127
2025-09-04 08:13:43.948001 +00:00,69,1.4929999,8.603
2025-09-03 10:14:20.339001 +00:00,69,3.912,1.6899999
2025-09-03 10:14:44.418001 +00:00,69,1.555,2.0049999
2025-09-10 10:58:12.645001 +00:00,69,7.731,3.878
2025-09-10 10:13:08.331001 +00:00,69,1.963,1.64
2025-09-10 10:58:12.645001 +00:00,69,7.545,3.878
2025-09-03 10:14:20.339001 +00:00,69,8.4800005,1.6899999
2025-09-10 07:15:35.094001 +00:00,69,1.531,1.648
2025-09-04 08:13:20.285001 +00:00,69,1.927,2.091
2025-09-03 08:12:11.943001 +00:00,69,1.608,1.8100001
2025-09-04 07:18:03.153001 +00:00,69,1.7659999,1.571
2025-09-04 07:18:03.153001 +00:00,69,1.7409999,1.571
2025-09-10 08:29:41.749001 +00:00,68,1.543,1.707
2025-09-10 08:29:41.749001 +00:00,68,1.886,1.707
2025-09-04 07:16:56.042001 +00:00,68,1.729,4.393
2025-09-05 12:50:42.990001 +00:00,68,3.089,13.58
2025-09-10 10:12:31.163001 +00:00,68,1.6589999,1.689
2025-09-04 07:18:03.152001 +00:00,68,7.2380004,1.571
2025-09-05 11:47:29.923001 +00:00,68,1.747,5.509
2025-09-04 07:17:16.058001 +00:00,68,1.686,1.846
2025-09-03 06:58:25.197001 +00:00,68,1.722,1.816
2026-05-06 08:42:41.319001 +00:00,68,1.575,1.756
2025-09-05 12:50:42.990001 +00:00,68,1.935,13.58
2025-09-08 10:24:28.066001 +00:00,68,1.832,3.5649998
2025-09-04 08:13:43.947001 +00:00,68,1.714,8.603
2026-05-06 08:42:19.060001 +00:00,68,1.645,1.6159999
2025-09-08 08:27:28.129001 +00:00,68,1.584,1.787
2025-09-10 08:00:56.267001 +00:00,68,3.633,2.651
2025-09-03 10:14:20.338001 +00:00,68,1.678,1.6899999
2025-09-05 11:47:29.923001 +00:00,68,1.615,5.509
2025-09-03 08:12:47.280001 +00:00,68,1.717,1.7800001
2025-09-05 12:02:20.380001 +00:00,68,5.406,4.9100003
2025-09-10 06:49:38.131001 +00:00,68,1.575,1.725
2025-09-10 08:29:11.938001 +00:00,68,14.058001,1.774
2025-09-05 12:50:05.589001 +00:00,68,2.391,2.8999999
2026-03-02 13:34:53.921001 +00:00,68,8.743,1.623
2025-09-03 08:12:47.280001 +00:00,68,1.6420001,1.7800001
2025-09-04 08:13:20.284001 +00:00,68,7.89,2.091
2025-09-03 11:41:45.986001 +00:00,68,1.594,5.493
2025-09-04 08:13:43.947001 +00:00,68,3.9160001,8.603
2025-09-08 08:28:03.226001 +00:00,68,1.881,4.9589996
2025-09-08 08:28:03.226001 +00:00,68,1.546,4.9589996
2025-09-10 10:13:08.330001 +00:00,68,7.3529997,1.64
2025-10-03 09:43:24.103001 +00:00,68,2.2350001,1.5389999
2025-09-10 08:00:56.267001 +00:00,68,7.739,2.651
2025-09-03 11:42:22.684001 +00:00,68,1.7659999,1.717
2025-09-04 07:18:03.152001 +00:00,68,1.567,1.571
2025-09-05 11:46:25.065001 +00:00,68,1.5979999,1.832
2025-09-03 08:12:47.279001 +00:00,67,8.588,1.7800001
2025-09-08 08:28:03.225001 +00:00,67,1.6949999,4.9589996
2025-09-05 12:02:20.379001 +00:00,67,6.98,4.9100003
2025-09-05 11:47:29.922001 +00:00,67,2.032,5.509
2025-09-05 11:47:29.922001 +00:00,67,4.94,5.509
2025-09-08 10:24:28.065001 +00:00,67,28.068,3.5649998
2025-09-08 10:24:28.065001 +00:00,67,2.763,3.5649998
2025-09-05 11:46:46.401001 +00:00,67,1.85,7.724
2025-09-08 10:25:22.933001 +00:00,67,4.902,4.9319997
2025-09-10 06:49:28.368001 +00:00,67,1.758,7.127
2025-09-10 06:49:38.130001 +00:00,67,1.683,1.725
2025-09-10 06:49:38.130001 +00:00,67,3.546,1.725
2025-09-10 06:49:38.130001 +00:00,67,2.4290001,1.725
2025-09-04 08:14:46.514001 +00:00,67,2.022,7.1809998
2025-09-10 07:14:23.035001 +00:00,67,1.786,2.8109999
2025-09-10 07:14:42.420001 +00:00,67,1.5960001,1.643
2025-09-04 07:17:16.057001 +00:00,67,1.666,1.846
2025-09-10 08:28:49.016001 +00:00,67,3.0839999,1.886
2025-09-10 08:29:41.748001 +00:00,67,7.433,1.707
2025-09-03 10:15:23.687001 +00:00,67,1.737,3.943
2025-09-10 09:04:39.636001 +00:00,67,1.809,4.9430003
2025-09-10 09:04:39.636001 +00:00,67,2.459,4.9430003
2025-09-03 10:14:20.337001 +00:00,67,7.404,1.6899999
2025-09-10 10:13:08.329001 +00:00,67,1.625,1.64
2025-09-10 10:57:22.183001 +00:00,67,1.909,1.76
2025-09-03 08:46:23.449001 +00:00,67,7.297,1.6700001
2025-09-03 08:46:23.449001 +00:00,67,12.254,1.6700001
2025-09-10 10:58:12.643001 +00:00,67,3.832,3.878
2025-09-03 08:13:47.486001 +00:00,67,2.25,4.363
2025-09-03 08:13:47.486001 +00:00,67,1.743,4.363
2025-09-11 13:32:44.791001 +00:00,67,,
2025-09-11 13:32:56.440001 +00:00,67,,
2025-09-03 08:12:47.279001 +00:00,67,1.8050001,1.7800001
2025-09-03 08:12:47.279001 +00:00,67,2.25,1.7800001
2025-09-03 08:12:11.941001 +00:00,67,7.053,1.8100001
2025-10-03 09:43:24.102001 +00:00,67,1.829,1.5389999
2025-10-03 09:43:24.102001 +00:00,67,9.271,1.5389999
2025-09-03 06:58:15.713001 +00:00,67,1.722,2.48
2026-03-03 06:07:25.236001 +00:00,67,2.6420002,1.376
2026-05-06 08:41:42.758001 +00:00,67,1.5699999,1.494
2025-09-05 12:50:05.587001 +00:00,66,4.56,2.8999999
2026-03-02 13:34:53.919001 +00:00,66,12.41,1.623
2025-10-03 09:43:04.910001 +00:00,66,1.715,1.7409999
2025-10-03 09:43:04.910001 +00:00,66,1.521,1.7409999
2025-09-10 08:00:24.897001 +00:00,66,2.902,1.523
2025-09-10 07:14:42.419001 +00:00,66,1.7,1.643
2025-09-08 10:24:28.064001 +00:00,66,2.204,3.5649998
2025-09-04 08:14:46.513001 +00:00,66,1.663,7.1809998
2025-09-04 07:17:16.056001 +00:00,66,1.746,1.846
2025-09-10 08:00:56.265001 +00:00,66,1.667,2.651
2026-05-06 08:42:19.058001 +00:00,66,1.575,1.6159999
2025-09-05 12:49:46.138001 +00:00,66,2.659,11.649
2025-09-08 08:27:28.127001 +00:00,66,3.378,1.787
2025-09-10 10:58:12.642001 +00:00,66,1.8,3.878
2025-09-03 10:14:44.415001 +00:00,66,2.253,2.0049999
2025-09-05 11:46:46.400001 +00:00,66,2.323,7.724
2025-09-11 13:32:56.439001 +00:00,66,,
2026-05-06 08:42:19.058001 +00:00,66,1.916,1.6159999
2026-05-06 08:42:19.058001 +00:00,66,1.4009999,1.6159999
2025-09-10 08:00:56.265001 +00:00,66,1.526,2.651
2025-09-05 12:50:42.988001 +00:00,66,4.737,13.58
2025-09-04 07:17:16.056001 +00:00,66,5.252,1.846
2025-09-04 08:13:43.945001 +00:00,66,7.2860003,8.603
2025-09-10 10:57:22.182001 +00:00,66,1.934,1.76
2025-10-03 09:43:24.101001 +00:00,66,4.0950003,1.5389999
2025-09-08 10:22:51.003001 +00:00,66,4.052,2.596
2026-03-03 06:07:25.235001 +00:00,66,1.387,1.376
2025-09-08 08:27:10.729001 +00:00,66,2.9780002,7.768
2025-09-11 14:16:19.302001 +00:00,66,,
2026-01-22 15:58:30.167001 +00:00,65,2.014,5.147
2025-09-08 10:22:51.002001 +00:00,65,4.2460003,2.596
2025-09-04 07:17:16.055001 +00:00,65,1.5419999,1.846
2025-09-08 08:27:10.728001 +00:00,65,1.5780001,7.768
2025-09-10 08:00:06.276001 +00:00,65,1.885,1.628
2025-09-08 10:24:12.877001 +00:00,65,5.342,1.531
2025-09-10 08:00:24.896001 +00:00,65,2.204,1.523
2025-09-05 11:47:29.920001 +00:00,65,13.717999,5.509
2025-09-08 10:24:12.877001 +00:00,65,1.764,1.531
2025-10-03 09:43:04.909001 +00:00,65,1.708,1.7409999
2025-10-03 09:43:04.909001 +00:00,65,1.724,1.7409999
2025-09-03 08:12:11.939001 +00:00,65,8.588,1.8100001
2025-09-03 08:12:11.939001 +00:00,65,1.717,1.8100001
2025-09-08 10:24:28.063001 +00:00,65,1.927,3.5649998
2025-09-08 10:24:28.063001 +00:00,65,11.9470005,3.5649998
2026-01-22 15:46:19.485001 +00:00,65,8.500999,5.147
2025-09-10 08:29:11.935001 +00:00,65,1.831,1.774
2025-09-10 06:49:28.366001 +00:00,65,1.715,7.127
2025-09-05 12:50:05.586001 +00:00,65,12.009001,2.8999999
2025-09-08 08:28:03.223001 +00:00,65,10.1640005,4.9589996
2025-09-03 10:15:23.685001 +00:00,65,2.02,3.943
2025-09-04 08:13:43.944001 +00:00,65,1.742,8.603
2025-09-10 10:13:08.327001 +00:00,65,7.295,1.64
2025-09-10 10:13:08.327001 +00:00,65,7.667,1.64
2025-09-10 10:12:08.408001 +00:00,65,1.663,1.648
2025-09-10 08:00:06.276001 +00:00,65,1.589,1.628
2025-09-11 13:32:56.438001 +00:00,65,,
2025-09-10 08:00:56.264001 +00:00,65,8.513,2.651
2025-09-10 08:00:06.276001 +00:00,65,1.6949999,1.628
2025-09-03 08:47:28.237001 +00:00,65,2.34,1.717
2025-09-08 08:27:28.126001 +00:00,65,7.6720004,1.787
2025-09-10 08:00:56.264001 +00:00,65,1.5810001,2.651
2025-09-08 08:27:28.126001 +00:00,65,1.86,1.787
2025-09-03 10:14:20.334001 +00:00,64,2.0349998,1.6899999
2025-09-10 08:00:56.263001 +00:00,64,16.957,2.651
2025-09-04 08:13:20.280001 +00:00,64,2.108,2.091
2025-09-10 10:58:12.640001 +00:00,64,1.601,3.878
2025-09-03 08:47:28.236001 +00:00,64,1.639,1.717
2025-09-03 10:14:44.413001 +00:00,64,11.708,2.0049999
2025-09-10 08:28:49.013001 +00:00,64,3.633,1.886
2025-10-03 09:43:24.099001 +00:00,64,1.498,1.5389999
2025-09-05 12:50:42.986001 +00:00,64,4.369,13.58
2025-09-05 12:02:20.376001 +00:00,64,3.529,4.9100003
2025-09-11 13:32:56.437001 +00:00,64,,
2025-10-03 09:44:28.548001 +00:00,64,1.625,4.9760003
2025-10-03 09:44:28.548001 +00:00,64,2.151,4.9760003
2026-01-22 15:58:30.166001 +00:00,64,13.877,5.147
2025-09-10 08:00:06.275001 +00:00,64,1.728,1.628
2025-09-10 08:00:06.275001 +00:00,64,1.7409999,1.628
2025-09-04 07:18:03.148001 +00:00,64,7.803,1.571
2025-09-04 07:18:03.148001 +00:00,64,3.567,1.571
2025-09-08 08:28:03.222001 +00:00,64,1.803,4.9589996
2025-09-05 12:50:42.986001 +00:00,64,7.761,13.58
2025-09-08 10:24:28.062001 +00:00,64,3.2259998,3.5649998
2025-09-10 09:03:57.177001 +00:00,64,2.684,7.0270004
2025-09-03 08:12:11.938001 +00:00,64,1.626,1.8100001
2025-10-03 09:43:04.908001 +00:00,64,1.735,1.7409999
2025-09-04 07:17:16.053001 +00:00,63,7.735,1.846
2025-09-03 10:14:44.412001 +00:00,63,1.66,2.0049999
2025-09-10 10:12:31.158001 +00:00,63,1.864,1.689
2025-09-05 11:47:29.918001 +00:00,63,1.721,5.509
2025-09-04 08:13:20.279001 +00:00,63,1.739,2.091
2025-09-05 12:50:05.584001 +00:00,63,13.405,2.8999999
2025-09-05 12:50:42.985001 +00:00,63,2.8999999,13.58
2025-09-10 07:15:35.088001 +00:00,63,1.582,1.648
2025-09-10 08:29:41.744001 +00:00,63,1.665,1.707
2025-09-03 08:47:28.235001 +00:00,63,7.268,1.717
2025-09-10 08:00:24.894001 +00:00,63,1.8100001,1.523
2025-09-10 07:14:23.031001 +00:00,63,1.599,2.8109999
2025-09-03 08:13:47.482001 +00:00,63,1.553,4.363
2026-03-02 13:34:53.916001 +00:00,63,3.293,1.623
2025-09-05 12:50:42.985001 +00:00,63,4.5099998,13.58
2025-09-10 08:28:49.012001 +00:00,63,14.482,1.886
2025-10-03 11:13:02.807001 +00:00,63,,
2025-12-17 13:32:16.586001 +00:00,63,,
2025-09-10 10:58:12.639001 +00:00,63,1.536,3.878
2025-09-10 08:00:06.274001 +00:00,63,4.45,1.628
2025-09-10 10:12:08.406001 +00:00,63,7.3529997,1.648
2025-09-10 08:00:56.262001 +00:00,63,3.951,2.651
2025-09-03 11:00:20.927001 +00:00,63,8.55,2.024
2025-09-10 10:12:31.158001 +00:00,63,1.5630001,1.689
2025-10-03 11:13:02.807001 +00:00,63,,
2025-09-08 08:27:28.124001 +00:00,63,5.12,1.787
2025-09-11 13:40:12.956001 +00:00,63,13.949,2.471
2025-09-10 10:12:08.406001 +00:00,63,1.9720001,1.648
2025-09-10 07:14:42.416001 +00:00,63,1.576,1.643
2025-09-03 08:12:11.936001 +00:00,62,1.6880001,1.8100001
2026-03-02 13:34:53.915001 +00:00,62,5.236,1.623
2025-10-23 14:09:48.945001 +00:00,62,1.576,9.33
2025-09-10 09:04:39.631001 +00:00,62,7.656,4.9430003
2025-09-10 09:04:39.631001 +00:00,62,6.967,4.9430003
2025-09-05 12:50:42.984001 +00:00,62,1.618,13.58
2025-09-05 12:50:42.984001 +00:00,62,4.785,13.58
2025-09-04 07:18:03.146001 +00:00,62,1.666,1.571
2025-09-10 10:12:08.405001 +00:00,62,3.185,1.648
2025-09-11 13:32:44.786001 +00:00,62,,
2025-10-03 09:43:04.906001 +00:00,62,6.459,1.7409999
2025-09-10 10:13:08.324001 +00:00,62,7.183,1.64
2026-01-22 15:58:30.164001 +00:00,62,10.0199995,5.147
2025-09-10 06:49:28.363001 +00:00,62,1.683,7.127
2025-09-04 08:13:43.941001 +00:00,62,1.8269999,8.603
2025-09-03 08:12:11.936001 +00:00,62,1.844,1.8100001
2025-09-10 08:29:41.743001 +00:00,62,1.619,1.707
2025-09-10 06:49:38.125001 +00:00,62,2.765,1.725
2025-09-10 08:28:49.011001 +00:00,62,3.8240001,1.886
2025-09-08 08:28:03.220001 +00:00,62,5.163,4.9589996
2025-09-08 08:28:03.220001 +00:00,62,3.327,4.9589996
2025-09-05 11:47:29.917001 +00:00,62,1.704,5.509
2025-09-05 12:50:05.583001 +00:00,62,7.7860003,2.8999999
2025-09-05 11:46:25.059001 +00:00,62,1.886,1.832
2025-09-10 08:28:49.011001 +00:00,62,1.635,1.886
2025-09-04 07:16:56.036001 +00:00,62,1.571,4.393
2026-03-03 06:07:25.231001 +00:00,62,1.393,1.376
2026-01-22 15:48:20.082001 +00:00,62,7.518,5.147
2025-09-10 08:00:24.893001 +00:00,62,8.513,1.523
2025-09-03 08:13:47.481001 +00:00,62,1.88,4.363
2025-09-03 11:42:22.678001 +00:00,62,2.29,1.717
2025-09-03 08:13:47.481001 +00:00,62,1.776,4.363
2026-01-22 15:46:19.482001 +00:00,62,8.195,5.147
2026-01-22 15:46:19.482001 +00:00,62,7.518,5.147
2025-09-05 12:02:20.374001 +00:00,62,5.608,4.9100003
2026-01-22 15:46:19.482001 +00:00,62,2.014,5.147
2025-09-08 10:25:22.928001 +00:00,62,1.5999999,4.9319997
2025-09-10 09:03:57.175001 +00:00,62,5.403,7.0270004
2025-09-08 10:25:22.928001 +00:00,62,5.092,4.9319997
2025-09-10 09:04:39.630001 +00:00,61,1.565,4.9430003
2025-10-23 14:09:48.944001 +00:00,61,8.445999,9.33
2025-10-23 14:09:48.944001 +00:00,61,6.98,9.33
2025-10-23 14:09:48.944001 +00:00,61,1.572,9.33
2025-10-23 14:09:48.944001 +00:00,61,7.291,9.33
2025-10-23 14:09:48.944001 +00:00,61,6.582,9.33
2025-10-23 14:09:48.944001 +00:00,61,1.634,9.33
2026-05-06 08:42:41.312001 +00:00,61,1.521,1.756
2025-10-23 14:09:48.944001 +00:00,61,6.91,9.33
2025-09-10 08:00:24.892001 +00:00,61,1.575,1.523
2025-09-10 08:28:49.010001 +00:00,61,1.71,1.886
2025-09-03 06:58:25.190001 +00:00,61,8.559,1.816
2025-10-23 14:09:48.944001 +00:00,61,1.528,9.33
2025-10-23 14:09:48.944001 +00:00,61,1.694,9.33
2026-01-05 14:27:25.829001 +00:00,61,4.552,12.342
2026-01-22 15:46:19.481001 +00:00,61,8.011001,5.147
2025-10-03 09:44:28.545001 +00:00,61,1.5389999,4.9760003
2025-09-03 06:58:15.707001 +00:00,61,1.853,2.48
2026-05-06 08:42:41.312001 +00:00,61,1.494,1.756
2026-05-06 08:42:41.312001 +00:00,61,1.6159999,1.756
2025-09-05 11:47:29.916001 +00:00,61,1.625,5.509
2026-01-22 15:58:30.163001 +00:00,61,7.514,5.147
2025-09-10 08:29:41.742001 +00:00,61,1.605,1.707
2025-10-03 13:01:42.858001 +00:00,61,1.9799999,1.8050001
2025-10-03 13:01:42.858001 +00:00,61,6.806,1.8050001
2025-10-03 13:01:42.858001 +00:00,61,1.5960001,1.8050001
2025-10-03 13:01:42.858001 +00:00,61,3.358,1.8050001
2025-10-03 13:01:42.858001 +00:00,61,1.788,1.8050001
2025-10-03 13:01:42.858001 +00:00,61,2.388,1.8050001
2025-10-03 13:01:42.858001 +00:00,61,1.71,1.8050001
2025-10-03 13:01:42.858001 +00:00,61,8.031,1.8050001
2025-10-03 13:01:42.858001 +00:00,61,1.726,1.8050001
2025-10-03 13:01:42.858001 +00:00,61,1.6120001,1.8050001
2025-10-03 13:01:42.858001 +00:00,61,1.693,1.8050001
2025-10-03 13:01:42.858001 +00:00,61,1.6270001,1.8050001
2025-10-03 13:01:42.858001 +00:00,61,2.109,1.8050001
2025-10-03 13:01:42.858001 +00:00,61,2.667,1.8050001
2025-10-03 13:01:42.858001 +00:00,61,2.0029998,1.8050001
2025-10-03 13:01:42.858001 +00:00,61,4.005,1.8050001
2025-10-03 13:01:42.858001 +00:00,61,2.283,1.8050001
2025-10-03 13:01:42.858001 +00:00,61,1.528,1.8050001
2025-10-03 13:01:42.858001 +00:00,61,1.643,1.8050001
2025-09-05 12:50:05.582001 +00:00,61,5.3719997,2.8999999
2026-05-06 08:41:42.752001 +00:00,61,1.339,1.494
2025-09-03 10:14:20.331001 +00:00,61,1.778,1.6899999
2026-05-06 08:42:19.053001 +00:00,61,1.541,1.6159999
2025-09-10 08:00:06.272001 +00:00,61,1.722,1.628
2025-10-03 09:43:04.905001 +00:00,61,2.515,1.7409999
2025-10-03 09:43:04.905001 +00:00,61,1.678,1.7409999
2025-09-10 10:13:08.323001 +00:00,61,4.031,1.64
2025-09-04 07:18:03.145001 +00:00,61,2.334,1.571
2025-10-23 14:09:48.944001 +00:00,61,1.908,9.33
2025-09-05 11:46:46.395001 +00:00,61,2.97,7.724
2025-10-10 12:51:32.069001 +00:00,61,7.8800006,3.762
2025-09-04 08:13:43.940001 +00:00,61,1.901,8.603
2025-09-10 06:49:38.124001 +00:00,61,10.229,1.725
2025-10-23 14:09:48.944001 +00:00,61,1.587,9.33
2025-10-23 14:09:48.944001 +00:00,61,1.6570001,9.33
2025-09-04 08:13:43.940001 +00:00,61,1.5600001,8.603
2025-09-05 11:46:25.058001 +00:00,61,1.7160001,1.832
2025-10-23 14:09:48.944001 +00:00,61,4.048,9.33
2025-10-23 14:09:48.944001 +00:00,61,1.667,9.33
2025-10-23 14:09:48.944001 +00:00,61,1.641,9.33
2025-10-23 14:09:48.944001 +00:00,61,1.6129999,9.33
2025-10-23 14:09:48.944001 +00:00,61,1.538,9.33
2025-09-11 13:32:44.785001 +00:00,61,,
2025-09-10 07:14:23.029001 +00:00,61,1.583,2.8109999
2025-09-10 10:57:38.470001 +00:00,61,1.667,1.931
2025-09-03 11:42:22.677001 +00:00,61,1.7529999,1.717
2025-09-10 07:15:35.086001 +00:00,61,1.6949999,1.648
2025-09-08 10:24:28.059001 +00:00,61,4.2460003,3.5649998
2025-09-10 09:03:57.174001 +00:00,61,1.66,7.0270004
2025-10-23 14:09:48.944001 +00:00,61,1.9150001,9.33
2025-09-10 09:03:37.194001 +00:00,61,1.669,1.875
2025-10-23 14:09:48.944001 +00:00,61,1.567,9.33
2025-09-03 08:46:23.443001 +00:00,61,1.648,1.6700001
2025-12-17 14:23:08.495001 +00:00,60,7.005,4.8980002
2025-10-23 14:15:17.804001 +00:00,60,1.8759999,1.809
2025-10-23 14:15:17.804001 +00:00,60,1.635,1.809
2025-10-23 14:15:17.804001 +00:00,60,1.538,1.809
2025-10-23 14:15:17.804001 +00:00,60,1.9150001,1.809
2025-10-23 14:15:17.804001 +00:00,60,1.664,1.809
2025-10-23 14:15:17.804001 +00:00,60,1.6270001,1.809
2025-10-23 14:15:17.804001 +00:00,60,6.276,1.809
2025-10-23 14:15:17.804001 +00:00,60,8.854,1.809
2025-10-23 14:15:17.804001 +00:00,60,1.803,1.809
2025-10-23 14:19:22.185001 +00:00,60,6.276,1.809
2025-09-10 08:29:11.930001 +00:00,60,1.682,1.774
2025-09-10 08:29:11.930001 +00:00,60,1.728,1.774
2025-10-23 14:09:48.943001 +00:00,60,1.618,9.33
2025-10-23 14:09:48.943001 +00:00,60,1.721,9.33
2025-10-23 14:09:48.943001 +00:00,60,7.2460003,9.33
2025-10-23 14:19:22.185001 +00:00,60,1.567,1.809
2025-10-23 14:19:22.185001 +00:00,60,1.538,1.809
2025-10-23 14:19:22.185001 +00:00,60,2.099,1.809
2025-10-23 14:19:22.185001 +00:00,60,6.6109996,1.809
2025-10-23 14:19:22.185001 +00:00,60,1.8759999,1.809
2025-10-23 14:19:22.185001 +00:00,60,7.2460003,1.809
2025-10-23 14:19:22.185001 +00:00,60,4.5369997,1.809
2025-10-23 14:19:22.185001 +00:00,60,1.7770001,1.809
2025-10-23 14:19:22.185001 +00:00,60,1.667,1.809
2025-10-23 14:19:22.185001 +00:00,60,4.048,1.809
2025-10-23 14:19:22.185001 +00:00,60,1.663,1.809
2025-10-23 14:19:22.185001 +00:00,60,1.587,1.809
2025-10-23 14:19:22.185001 +00:00,60,7.6740003,1.809
2025-10-23 14:19:22.185001 +00:00,60,1.684,1.809
2025-10-23 14:19:22.185001 +00:00,60,1.618,1.809
2025-10-23 14:19:22.185001 +00:00,60,7.8710003,1.809
2025-10-23 14:19:22.185001 +00:00,60,6.98,1.809
2025-09-05 12:02:20.372001 +00:00,60,1.7229999,4.9100003
2025-10-23 14:19:22.185001 +00:00,60,8.854,1.809
2025-09-08 08:28:03.218001 +00:00,60,1.534,4.9589996
2025-09-08 08:28:03.218001 +00:00,60,1.6420001,4.9589996
2025-12-05 16:37:40.794001 +00:00,60,1.77,1.708
2025-12-05 16:37:40.794001 +00:00,60,2.3270001,1.708
2025-12-05 16:37:40.794001 +00:00,60,1.651,1.708
2025-12-05 16:37:40.794001 +00:00,60,6.685,1.708
2025-12-05 16:37:40.794001 +00:00,60,1.576,1.708
2025-12-05 16:37:40.794001 +00:00,60,9.102,1.708
2025-12-05 16:37:40.794001 +00:00,60,1.986,1.708
2025-12-05 16:37:40.794001 +00:00,60,1.607,1.708
2025-12-05 16:37:40.794001 +00:00,60,1.6899999,1.708
2025-12-05 16:37:40.794001 +00:00,60,4.299,1.708
2025-12-05 16:37:40.794001 +00:00,60,2.487,1.708
2025-12-05 16:37:40.794001 +00:00,60,7.528,1.708
2025-12-05 16:37:40.794001 +00:00,60,1.743,1.708
2025-10-23 14:19:22.185001 +00:00,60,7.596,1.809
2025-09-10 09:03:37.193001 +00:00,60,1.7689999,1.875
2025-09-10 09:03:37.193001 +00:00,60,1.579,1.875
2025-12-05 16:37:40.794001 +00:00,60,2.0029998,1.708
2025-12-05 16:37:40.794001 +00:00,60,7.1689997,1.708
2025-12-05 16:37:40.794001 +00:00,60,1.647,1.708
2025-12-05 16:37:40.794001 +00:00,60,14.393,1.708
2025-12-05 16:37:40.794001 +00:00,60,1.755,1.708
2025-10-23 13:49:15.001001 +00:00,60,,
2025-10-23 13:49:15.001001 +00:00,60,,
2025-10-23 13:49:15.001001 +00:00,60,,
2025-10-23 13:49:15.001001 +00:00,60,,
2025-10-23 13:49:15.001001 +00:00,60,,
2025-10-23 13:49:15.001001 +00:00,60,,
2025-10-23 13:49:15.001001 +00:00,60,,
2025-10-23 13:49:15.001001 +00:00,60,,
2025-10-23 13:49:15.001001 +00:00,60,,
2025-10-23 13:49:15.001001 +00:00,60,,
2025-10-23 13:49:15.001001 +00:00,60,,
2025-10-23 13:49:15.001001 +00:00,60,,
2025-10-23 13:49:15.001001 +00:00,60,,
2025-10-23 13:49:15.001001 +00:00,60,,
2025-10-23 13:49:15.001001 +00:00,60,,
2025-10-23 13:49:15.001001 +00:00,60,,
2025-10-23 13:49:15.001001 +00:00,60,,
2025-10-23 13:49:15.001001 +00:00,60,,
2025-10-23 13:49:15.001001 +00:00,60,,
2025-10-23 13:49:15.001001 +00:00,60,,
2025-10-23 13:49:15.001001 +00:00,60,,
2025-12-17 14:11:59.914001 +00:00,60,7.938,4.8980002
2025-12-17 14:11:59.914001 +00:00,60,4.815,4.8980002
2025-12-17 14:11:59.914001 +00:00,60,8.589001,4.8980002
2025-12-17 14:11:59.914001 +00:00,60,10.889,4.8980002
2025-12-17 14:23:08.495001 +00:00,60,7.8459997,4.8980002
2025-12-17 14:23:08.495001 +00:00,60,13.635,4.8980002
2025-12-17 14:23:08.495001 +00:00,60,22.482,4.8980002
2025-12-17 14:23:08.495001 +00:00,60,5.346,4.8980002
2025-12-17 14:23:08.495001 +00:00,60,9.765,4.8980002
2025-12-17 14:23:08.495001 +00:00,60,9.95,4.8980002
2025-09-05 12:50:42.982001 +00:00,60,2.946,13.58
2025-09-03 10:15:23.680001 +00:00,60,8.181,3.943
2025-10-10 12:51:32.068001 +00:00,60,1.722,3.762
2025-10-10 12:51:32.068001 +00:00,60,4.294,3.762
2025-10-10 12:51:32.068001 +00:00,60,1.87,3.762
2025-10-10 12:51:32.068001 +00:00,60,1.54,3.762
2025-10-10 12:51:32.068001 +00:00,60,7.573,3.762
2025-10-10 12:51:32.068001 +00:00,60,1.556,3.762
2025-10-10 12:51:32.068001 +00:00,60,1.774,3.762
2025-10-10 12:51:32.068001 +00:00,60,1.512,3.762
2025-10-10 12:51:32.068001 +00:00,60,9.978,3.762
2025-10-10 12:51:32.068001 +00:00,60,1.9180001,3.762
2025-10-10 12:51:32.068001 +00:00,60,1.7989999,3.762
2025-10-10 12:51:32.068001 +00:00,60,8.322,3.762
2025-10-10 12:51:32.068001 +00:00,60,1.706,3.762
2025-10-10 12:51:32.068001 +00:00,60,1.693,3.762
2025-10-10 12:51:32.068001 +00:00,60,2.021,3.762
2025-10-10 12:51:32.068001 +00:00,60,3.8960001,3.762
2025-12-17 14:23:08.495001 +00:00,60,17.372,4.8980002
2025-12-17 14:23:08.495001 +00:00,60,10.486,4.8980002
2025-12-17 14:23:08.495001 +00:00,60,4.372,4.8980002
2025-12-17 14:23:08.495001 +00:00,60,12.721999,4.8980002
2025-12-17 14:23:08.495001 +00:00,60,4.805,4.8980002
2025-12-17 14:23:08.495001 +00:00,60,17.602001,4.8980002
2025-12-17 14:23:08.495001 +00:00,60,5.565,4.8980002
2025-10-23 14:19:22.185001 +00:00,60,1.803,1.809
2025-09-10 09:03:57.173001 +00:00,60,2.135,7.0270004
2025-12-17 14:23:08.495001 +00:00,60,17.039999,4.8980002
2025-12-17 14:23:08.495001 +00:00,60,14.147,4.8980002
2025-12-17 14:23:08.495001 +00:00,60,5.0690002,4.8980002
2025-12-17 14:23:08.495001 +00:00,60,5.0499997,4.8980002
2025-12-17 14:23:08.495001 +00:00,60,26.773,4.8980002
2025-12-17 14:23:08.495001 +00:00,60,8.101001,4.8980002
2025-10-23 14:19:22.185001 +00:00,60,4.2920003,1.809
2026-01-22 15:46:19.480001 +00:00,60,7.514,5.147
2025-10-10 12:51:16.708001 +00:00,60,2.1869998,3.762
2025-10-10 12:51:16.708001 +00:00,60,1.6949999,3.762
2025-10-10 12:51:16.708001 +00:00,60,1.5,3.762
2025-10-10 12:51:16.708001 +00:00,60,1.923,3.762
2025-10-10 12:51:16.708001 +00:00,60,5.443,3.762
2025-10-10 12:51:16.708001 +00:00,60,1.774,3.762
2025-10-10 12:51:16.708001 +00:00,60,1.7490001,3.762
2025-10-10 12:51:16.708001 +00:00,60,9.978,3.762
2025-10-10 12:51:16.708001 +00:00,60,1.602,3.762
2025-10-10 12:51:16.708001 +00:00,60,1.5849999,3.762
2025-10-10 12:51:16.708001 +00:00,60,2.021,3.762
2025-10-10 12:51:16.708001 +00:00,60,6.921,3.762
2025-10-10 12:51:16.708001 +00:00,60,3.8960001,3.762
2026-01-22 15:48:20.080001 +00:00,60,9.549999,5.147
2025-09-05 12:49:46.132001 +00:00,60,3.474,11.649
2025-09-08 08:27:28.121001 +00:00,60,7.768,1.787
2025-09-08 08:27:28.121001 +00:00,60,1.546,1.787
2025-10-10 12:50:55.228001 +00:00,60,5.91,3.762
2025-10-10 12:50:55.228001 +00:00,60,2.8939998,3.762
2025-10-10 12:50:55.228001 +00:00,60,2.119,3.762
2025-10-10 12:50:55.228001 +00:00,60,7.031,3.762
2025-09-10 09:04:39.629001 +00:00,60,1.862,4.9430003
2025-09-10 09:04:39.629001 +00:00,60,1.928,4.9430003
2025-09-10 09:04:39.629001 +00:00,60,1.696,4.9430003
2025-10-10 12:50:55.228001 +00:00,60,8.476999,3.762
2025-10-10 12:50:55.228001 +00:00,60,5.784,3.762
2025-10-10 12:50:55.228001 +00:00,60,5.481,3.762
2025-10-10 12:50:55.228001 +00:00,60,1.512,3.762
2025-10-10 12:50:55.228001 +00:00,60,7.999,3.762
2025-10-10 12:50:55.228001 +00:00,60,7.229,3.762
2025-10-10 12:50:55.228001 +00:00,60,9.978,3.762
2025-09-10 08:00:24.891001 +00:00,60,1.59,1.523
2025-10-10 12:50:55.228001 +00:00,60,5.931,3.762
2025-10-10 12:50:55.228001 +00:00,60,1.9180001,3.762
2025-10-10 12:50:55.228001 +00:00,60,1.602,3.762
2025-10-10 12:50:55.228001 +00:00,60,1.745,3.762
2025-10-10 12:50:55.228001 +00:00,60,3.547,3.762
2025-10-10 12:50:55.228001 +00:00,60,2.021,3.762
2025-10-10 12:50:55.228001 +00:00,60,6.921,3.762
2025-10-03 13:01:42.857001 +00:00,60,4.357,1.8050001
2025-10-03 13:01:42.857001 +00:00,60,1.817,1.8050001
2025-09-04 07:18:03.144001 +00:00,60,1.5419999,1.571
2025-10-23 14:15:17.804001 +00:00,60,1.62,1.809
2025-09-08 10:22:50.997001 +00:00,60,3.759,2.596
2025-10-23 14:15:17.804001 +00:00,60,1.8119999,1.809
2025-09-10 08:29:41.741001 +00:00,60,1.694,1.707
2025-10-23 14:15:17.804001 +00:00,60,1.528,1.809
2025-09-03 06:58:25.189001 +00:00,60,1.656,1.816
2026-03-06 16:20:14.738001 +00:00,60,13.163,15.294
2026-03-06 16:20:14.738001 +00:00,60,7.975,15.294
2026-03-10 15:34:20.975001 +00:00,60,4.433,16.456001
2026-03-10 15:34:20.975001 +00:00,60,9.68,16.456001
2026-03-10 15:34:20.975001 +00:00,60,4.613,16.456001
2026-03-11 16:20:28.084001 +00:00,60,2.5,2.6169999
2026-03-11 16:20:28.084001 +00:00,60,11.382999,2.6169999
2026-03-11 16:20:28.084001 +00:00,60,1.664,2.6169999
2026-03-11 16:20:28.084001 +00:00,60,9.797999,2.6169999
2026-03-11 16:20:28.084001 +00:00,60,1.492,2.6169999
2026-03-11 16:20:28.084001 +00:00,60,7.953,2.6169999
2026-03-11 16:20:28.084001 +00:00,60,1.484,2.6169999
2026-03-11 16:20:28.084001 +00:00,60,2.019,2.6169999
2026-03-11 16:20:28.084001 +00:00,60,1.8100001,2.6169999
2025-10-23 14:19:22.185001 +00:00,60,9.33,1.809
2025-10-03 09:43:24.095001 +00:00,60,1.7409999,1.5389999
2026-03-11 16:20:28.084001 +00:00,60,1.814,2.6169999
2026-03-11 16:20:28.084001 +00:00,60,1.523,2.6169999
2026-03-11 16:20:28.084001 +00:00,60,1.645,2.6169999
2026-03-11 16:20:28.084001 +00:00,60,1.752,2.6169999
2026-03-11 16:20:28.084001 +00:00,60,1.512,2.6169999
2025-10-23 14:15:17.804001 +00:00,60,9.648,1.809
2025-09-04 08:13:20.276001 +00:00,60,1.664,2.091
2025-09-03 08:47:28.232001 +00:00,60,7.297,1.717
2026-03-11 16:20:28.084001 +00:00,60,1.742,2.6169999
2026-03-11 16:20:28.084001 +00:00,60,1.763,2.6169999
2026-03-11 16:20:28.084001 +00:00,60,7.1419997,2.6169999
2026-03-11 16:20:28.084001 +00:00,60,1.3790001,2.6169999
2026-03-11 16:20:28.084001 +00:00,60,6.927,2.6169999
2026-03-11 16:20:28.084001 +00:00,60,1.982,2.6169999
2026-03-11 16:20:28.084001 +00:00,60,2.924,2.6169999
2026-03-11 16:20:28.084001 +00:00,60,1.484,2.6169999
2026-03-11 16:20:28.084001 +00:00,60,1.537,2.6169999
2026-03-11 16:20:28.084001 +00:00,60,13.055,2.6169999
2026-03-11 16:22:09.004001 +00:00,60,2.5,2.6169999
2025-09-03 08:12:11.934001 +00:00,60,1.776,1.8100001
2026-03-11 16:22:09.004001 +00:00,60,11.382999,2.6169999
2026-03-11 16:22:09.004001 +00:00,60,1.787,2.6169999
2026-03-11 16:22:09.004001 +00:00,60,1.714,2.6169999
2026-03-11 16:22:09.004001 +00:00,60,2.019,2.6169999
2026-03-11 16:22:09.004001 +00:00,60,1.7689999,2.6169999
2026-03-11 16:22:09.004001 +00:00,60,1.559,2.6169999
2025-09-10 07:15:35.085001 +00:00,60,1.786,1.648
2025-10-23 14:15:17.804001 +00:00,60,1.587,1.809
2025-10-03 09:43:04.904001 +00:00,60,36.933002,1.7409999
2026-03-11 16:22:09.004001 +00:00,60,11.085,2.6169999
2026-03-11 16:22:09.004001 +00:00,60,2.2169998,2.6169999
2026-03-11 16:22:09.004001 +00:00,60,1.605,2.6169999
2026-03-11 16:22:09.004001 +00:00,60,1.537,2.6169999
2026-03-11 16:22:09.004001 +00:00,60,1.599,2.6169999
2026-03-11 16:22:09.004001 +00:00,60,2.59,2.6169999
2026-03-11 16:22:09.004001 +00:00,60,8.381,2.6169999
2026-03-11 16:22:09.004001 +00:00,60,17.614,2.6169999
2026-03-11 16:22:09.004001 +00:00,60,1.512,2.6169999
2025-09-11 14:16:19.296001 +00:00,60,,
2025-09-08 10:24:28.058001 +00:00,60,4.902,3.5649998
2026-03-11 16:22:09.004001 +00:00,60,1.763,2.6169999
2026-03-11 16:22:09.004001 +00:00,60,9.734,2.6169999
2026-03-11 16:22:09.004001 +00:00,60,1.667,2.6169999
2026-03-11 16:22:09.004001 +00:00,60,1.476,2.6169999
2026-03-11 16:22:09.004001 +00:00,60,2.924,2.6169999
2026-03-11 16:22:09.004001 +00:00,60,1.377,2.6169999
2026-03-11 16:22:09.004001 +00:00,60,1.508,2.6169999
2026-03-11 16:22:09.004001 +00:00,60,1.537,2.6169999
2026-03-11 16:27:53.765001 +00:00,60,9.115001,2.5
2026-03-11 16:27:53.765001 +00:00,60,6.046,2.5
2026-03-11 16:27:53.765001 +00:00,60,1.492,2.5
2026-03-11 16:27:53.765001 +00:00,60,1.484,2.5
2026-03-11 16:27:53.765001 +00:00,60,1.8100001,2.5
2026-03-11 16:27:53.765001 +00:00,60,1.559,2.5
2026-03-11 16:27:53.765001 +00:00,60,8.381,2.5
2025-09-03 08:12:47.272001 +00:00,60,6.673,1.7800001
2026-03-11 16:27:53.765001 +00:00,60,1.645,2.5
2026-03-11 16:27:53.765001 +00:00,60,1.752,2.5
2025-09-10 10:57:22.176001 +00:00,60,1.604,1.76
2025-09-10 07:14:42.413001 +00:00,60,1.658,1.643
2025-10-23 14:15:17.804001 +00:00,60,1.744,1.809
2026-03-11 16:27:53.765001 +00:00,60,5.098,2.5
2026-03-11 16:27:53.765001 +00:00,60,1.742,2.5
2026-03-11 16:27:53.765001 +00:00,60,1.6420001,2.5
2026-03-11 16:27:53.765001 +00:00,60,7.9269996,2.5
2026-03-11 16:27:53.765001 +00:00,60,1.667,2.5
2026-03-11 16:27:53.765001 +00:00,60,1.4959999,2.5
2026-03-11 16:27:53.765001 +00:00,60,1.6489999,2.5
2026-03-11 16:27:53.765001 +00:00,60,1.482,2.5
2026-03-11 16:27:53.765001 +00:00,60,1.454,2.5
2025-09-08 08:27:10.723001 +00:00,60,1.774,7.768
2025-09-11 13:32:56.433001 +00:00,60,,
2025-09-03 08:46:50.359001 +00:00,60,1.953,7.268
2025-09-11 13:32:44.784001 +00:00,60,,
2025-10-23 14:15:17.804001 +00:00,60,1.5849999,1.809
2025-09-03 08:46:23.442001 +00:00,60,6.593,1.6700001
2025-09-10 10:57:38.468001 +00:00,59,1.744,1.931
2025-09-10 08:00:06.270001 +00:00,59,3.5270002,1.628
2026-01-22 15:58:30.161001 +00:00,59,8.056,5.147
2025-09-04 08:13:43.938001 +00:00,59,1.989,8.603
2025-09-08 08:28:03.217001 +00:00,59,1.779,4.9589996
2025-09-04 07:18:03.143001 +00:00,59,7.735,1.571
2025-09-04 07:18:03.143001 +00:00,59,1.7160001,1.571
2025-09-08 10:25:22.925001 +00:00,59,4.085,4.9319997
2025-09-05 12:50:42.981001 +00:00,59,7.703,13.58
2025-09-10 10:57:22.175001 +00:00,59,1.6110001,1.76
2025-09-03 08:46:50.358001 +00:00,59,1.8909999,7.268
2025-09-08 08:27:10.722001 +00:00,59,6.4110003,7.768
2025-09-10 06:49:28.360001 +00:00,59,1.921,7.127
2025-09-10 08:29:41.740001 +00:00,59,3.605,1.707
2025-09-04 08:13:20.275001 +00:00,59,1.583,2.091
2026-03-03 06:07:25.228001 +00:00,59,1.601,1.376
2025-09-05 12:49:46.131001 +00:00,59,4.549,11.649
2026-01-22 15:48:20.079001 +00:00,59,8.056,5.147
2026-01-22 15:48:20.079001 +00:00,59,1.931,5.147
2025-09-03 11:00:20.923001 +00:00,59,2.188,2.024
2025-09-05 12:02:20.371001 +00:00,59,1.682,4.9100003
2026-05-06 08:42:41.310001 +00:00,59,1.35,1.756
2025-09-03 06:58:25.188001 +00:00,59,1.722,1.816
2025-09-05 11:46:46.393001 +00:00,59,1.865,7.724
2026-03-02 13:34:53.912001 +00:00,59,1.779,1.623
2025-09-03 08:13:47.478001 +00:00,59,8.502,4.363
2025-10-03 11:13:02.803001 +00:00,59,,
2025-09-03 10:14:44.408001 +00:00,59,2.079,2.0049999
2025-09-10 07:14:23.027001 +00:00,59,1.926,2.8109999
2026-01-22 15:48:20.079001 +00:00,59,2.1269999,5.147
2025-10-03 11:13:02.803001 +00:00,59,,
2026-05-06 08:41:42.750001 +00:00,59,1.756,1.494
2026-01-22 15:46:19.479001 +00:00,59,9.549999,5.147
2026-05-06 08:41:42.750001 +00:00,59,1.35,1.494
2025-09-10 09:03:37.192001 +00:00,59,1.6700001,1.875
2025-09-10 08:00:56.258001 +00:00,59,1.518,2.651
2025-09-04 07:17:16.049001 +00:00,59,4.9820004,1.846
2026-03-02 13:34:53.911001 +00:00,58,1.628,1.623
2026-01-22 15:58:30.160001 +00:00,58,7.5420003,5.147
2025-09-10 08:00:24.889001 +00:00,58,2.442,1.523
2025-09-10 08:29:11.928001 +00:00,58,1.886,1.774
2026-05-06 08:42:41.309001 +00:00,58,1.697,1.756
2025-09-08 10:22:50.995001 +00:00,58,4.915,2.596
2026-05-06 08:42:19.050001 +00:00,58,1.35,1.6159999
2025-09-10 07:14:23.026001 +00:00,58,2.265,2.8109999
2025-09-10 08:00:06.269001 +00:00,58,3.36,1.628
2026-05-06 08:42:19.050001 +00:00,58,1.756,1.6159999
2025-09-10 10:13:08.320001 +00:00,58,2.512,1.64
2025-09-08 08:27:10.721001 +00:00,58,1.712,7.768
2025-09-03 10:14:20.328001 +00:00,58,8.488,1.6899999
2026-05-06 08:42:19.050001 +00:00,58,1.501,1.6159999
2025-09-03 10:14:20.328001 +00:00,58,5.626,1.6899999
2025-09-10 07:14:23.026001 +00:00,58,1.824,2.8109999
2025-09-08 08:27:10.721001 +00:00,58,1.583,7.768
2025-09-05 11:47:29.913001 +00:00,58,1.733,5.509
2026-01-22 15:46:19.478001 +00:00,58,8.056,5.147
2026-01-22 15:46:19.478001 +00:00,58,1.931,5.147
2026-01-22 15:46:19.478001 +00:00,58,2.1269999,5.147
2026-01-22 15:46:19.478001 +00:00,58,7.5420003,5.147
2025-10-03 11:13:02.802001 +00:00,58,,
2025-09-10 08:29:11.928001 +00:00,58,7.433,1.774
2025-09-04 07:18:03.142001 +00:00,58,5.129,1.571
2025-10-03 09:43:04.902001 +00:00,58,1.942,1.7409999
2025-10-03 09:43:04.902001 +00:00,58,2.326,1.7409999
2025-10-03 11:13:02.802001 +00:00,58,,
2025-09-08 08:27:28.119001 +00:00,58,8.605,1.787
2025-09-03 10:15:23.678001 +00:00,58,1.928,3.943
2025-09-04 07:18:03.142001 +00:00,58,1.874,1.571
2025-09-04 08:14:46.505001 +00:00,58,1.556,7.1809998
2025-10-03 11:13:02.802001 +00:00,58,,
2025-09-08 10:24:28.056001 +00:00,58,11.54,3.5649998
2025-09-05 12:02:20.370001 +00:00,58,7.58,4.9100003
2025-09-10 09:03:57.171001 +00:00,58,4.021,7.0270004
2025-09-03 08:46:23.440001 +00:00,58,1.959,1.6700001
2025-09-11 13:32:44.782001 +00:00,58,,
2025-09-10 10:12:08.401001 +00:00,58,5.041,1.648
2025-10-03 11:13:02.801001 +00:00,57,,
2025-09-04 08:13:43.936001 +00:00,57,1.6459999,8.603
2025-09-03 08:46:23.439001 +00:00,57,1.547,1.6700001
2025-10-03 09:44:28.541001 +00:00,57,7.278,4.9760003
2025-09-08 10:25:22.923001 +00:00,57,1.8729999,4.9319997
2025-09-10 10:57:38.466001 +00:00,57,1.814,1.931
2025-09-10 08:00:06.268001 +00:00,57,1.9519999,1.628
2025-09-10 10:57:38.466001 +00:00,57,1.663,1.931
2025-09-10 07:14:42.410001 +00:00,57,1.615,1.643
2025-09-10 08:28:49.006001 +00:00,57,2.085,1.886
2025-09-10 07:14:42.410001 +00:00,57,1.776,1.643
2025-10-03 09:44:28.541001 +00:00,57,1.51,4.9760003
2025-10-03 09:44:28.541001 +00:00,57,1.683,4.9760003
2026-01-22 15:58:30.159001 +00:00,57,9.665999,5.147
2025-09-05 11:47:29.912001 +00:00,57,5.449,5.509
2025-09-03 06:58:25.186001 +00:00,57,1.675,1.816
2025-09-03 10:14:44.406001 +00:00,57,1.861,2.0049999
2025-09-03 08:46:23.439001 +00:00,57,1.629,1.6700001
2025-09-11 13:32:56.430001 +00:00,57,1.667,
2025-09-03 08:46:23.439001 +00:00,57,2.0049999,1.6700001
2025-09-03 08:46:50.356001 +00:00,57,1.5780001,7.268
2025-09-03 08:46:50.356001 +00:00,57,1.725,7.268
2025-09-04 08:13:20.273001 +00:00,57,3.9160001,2.091
2025-09-05 12:50:42.979001 +00:00,57,2.7970002,13.58
2025-09-11 13:32:44.781001 +00:00,57,,
2025-09-11 13:32:44.781001 +00:00,57,,
2025-09-11 13:32:44.781001 +00:00,57,,
2026-05-06 08:41:42.748001 +00:00,57,1.697,1.494
2026-01-22 15:58:30.159001 +00:00,57,14.672,5.147
2025-09-03 08:12:11.931001 +00:00,57,2.018,1.8100001
2025-09-03 08:12:11.931001 +00:00,57,1.9330001,1.8100001
2025-09-08 10:22:50.994001 +00:00,57,11.701,2.596
2025-09-08 08:27:10.720001 +00:00,57,1.544,7.768
2025-09-03 10:14:20.327001 +00:00,57,7.3739996,1.6899999
2025-09-03 10:14:20.327001 +00:00,57,11.508,1.6899999
2025-09-10 07:14:23.025001 +00:00,57,6.842,2.8109999
2026-01-22 15:46:19.477001 +00:00,57,3.905,5.147
2026-01-22 15:46:19.477001 +00:00,57,6.798,5.147
2025-09-10 07:14:23.025001 +00:00,57,7.04,2.8109999
2026-05-06 08:42:19.049001 +00:00,57,1.697,1.6159999
2026-03-02 13:34:53.910001 +00:00,57,2.538,1.623
2025-09-10 09:03:57.170001 +00:00,57,1.652,7.0270004
2025-09-10 09:03:57.170001 +00:00,57,1.818,7.0270004
2025-09-11 13:39:46.305001 +00:00,57,3.46,2.608
2025-09-10 06:49:28.358001 +00:00,57,1.7160001,7.127
2026-01-22 15:48:20.076001 +00:00,56,14.672,5.147
2025-09-03 08:46:23.438001 +00:00,56,1.702,1.6700001
2025-10-03 11:13:02.800001 +00:00,56,,
2026-05-06 08:42:41.307001 +00:00,56,1.3360001,1.756
2025-09-03 08:13:47.475001 +00:00,56,3.9789999,4.363
2026-01-22 15:46:19.476001 +00:00,56,14.672,5.147
2025-09-10 08:00:24.887001 +00:00,56,1.5810001,1.523
2025-09-10 09:04:39.625001 +00:00,56,1.668,4.9430003
2026-03-02 13:34:53.909001 +00:00,56,1.469,1.623
2025-09-10 06:49:28.357001 +00:00,56,10.229,7.127
2026-05-06 08:41:42.747001 +00:00,56,7.2070003,1.494
2025-09-03 10:14:44.405001 +00:00,56,2.024,2.0049999
2026-03-03 06:07:25.225001 +00:00,56,1.5170001,1.376
2026-03-03 06:07:25.225001 +00:00,56,2.0709999,1.376
2025-09-05 12:50:05.577001 +00:00,56,6.699,2.8999999
2025-09-05 12:02:20.368001 +00:00,56,1.835,4.9100003
2025-09-03 08:47:28.228001 +00:00,56,1.7190001,1.717
2025-09-05 12:50:05.577001 +00:00,56,5.2149997,2.8999999
2025-09-03 08:47:28.228001 +00:00,56,2.7050002,1.717
2026-03-03 06:07:25.225001 +00:00,56,1.7049999,1.376
2025-09-10 10:58:12.632001 +00:00,56,1.666,3.878
2025-09-10 07:14:42.409001 +00:00,56,1.701,1.643
2025-09-10 10:12:08.399001 +00:00,56,1.758,1.648
2025-09-03 10:14:44.405001 +00:00,56,7.7269998,2.0049999
2025-09-05 11:46:25.053001 +00:00,56,3.91,1.832
2025-10-03 09:43:24.091001 +00:00,56,1.4890001,1.5389999
2025-09-03 10:15:23.676001 +00:00,56,1.863,3.943
2026-05-06 08:42:41.307001 +00:00,56,7.2070003,1.756
2026-01-22 15:58:30.158001 +00:00,56,7.162,5.147
2025-09-04 07:18:03.140001 +00:00,56,1.5849999,1.571
2025-09-03 11:42:22.672001 +00:00,56,12.425,1.717
2025-09-10 10:12:31.151001 +00:00,56,6.739,1.689
2025-09-10 08:00:06.267001 +00:00,56,1.647,1.628
2025-09-10 10:57:22.172001 +00:00,56,4.483,1.76
2026-01-22 15:58:30.158001 +00:00,56,15.924999,5.147
2025-10-03 11:13:02.800001 +00:00,56,,
2025-10-03 09:43:04.900001 +00:00,56,1.866,1.7409999
2025-09-10 07:15:35.081001 +00:00,56,1.6919999,1.648
2025-09-04 07:17:16.046001 +00:00,56,1.8690001,1.846
2025-09-05 12:49:46.128001 +00:00,56,1.929,11.649
2025-09-03 10:14:20.326001 +00:00,56,8.499001,1.6899999
2026-01-22 15:48:20.076001 +00:00,56,6.5959997,5.147
2025-09-10 08:00:24.886001 +00:00,55,1.606,1.523
2025-09-10 08:00:06.266001 +00:00,55,1.6120001,1.628
2025-09-10 08:00:06.266001 +00:00,55,1.5419999,1.628
2026-05-06 08:42:41.306001 +00:00,55,1.518,1.756
2025-09-03 06:58:15.701001 +00:00,55,7.6219997,2.48
2025-09-05 11:47:29.910001 +00:00,55,2.213,5.509
2025-09-05 11:47:29.910001 +00:00,55,1.793,5.509
2026-05-06 08:42:41.306001 +00:00,55,5.8459997,1.756
2025-09-03 08:47:28.227001 +00:00,55,2.064,1.717
2025-09-03 08:47:28.227001 +00:00,55,1.654,1.717
2026-05-06 08:41:42.746001 +00:00,55,1.3360001,1.494
2025-09-03 11:00:20.919001 +00:00,55,2.836,2.024
2026-01-22 15:48:20.075001 +00:00,55,7.162,5.147
2025-09-10 07:15:35.080001 +00:00,55,3.342,1.648
2025-10-03 09:43:04.899001 +00:00,55,2.2350001,1.7409999
2026-05-06 08:41:42.746001 +00:00,55,1.518,1.494
2025-09-03 08:13:47.474001 +00:00,55,1.936,4.363
2026-01-22 15:46:19.475001 +00:00,55,6.5959997,5.147
2025-09-08 10:24:28.053001 +00:00,55,4.134,3.5649998
2025-09-08 10:24:28.053001 +00:00,55,5.092,3.5649998
2025-09-10 06:49:28.356001 +00:00,55,1.832,7.127
2025-09-04 08:13:43.934001 +00:00,55,1.702,8.603
2025-09-04 08:14:46.502001 +00:00,55,1.601,7.1809998
2025-09-10 06:49:38.118001 +00:00,55,1.5979999,1.725
2025-09-10 10:57:22.171001 +00:00,55,1.634,1.76
2025-09-10 10:57:38.464001 +00:00,55,1.736,1.931
2025-09-10 06:49:38.118001 +00:00,55,3.6430001,1.725
2025-09-10 09:03:37.188001 +00:00,55,7.1740003,1.875
2025-09-03 08:46:23.437001 +00:00,55,1.7049999,1.6700001
2026-05-06 08:42:19.047001 +00:00,55,7.2070003,1.6159999
2025-09-03 10:14:20.325001 +00:00,55,1.874,1.6899999
2026-03-03 06:07:25.224001 +00:00,55,1.403,1.376
2025-09-08 10:22:50.992001 +00:00,55,2.116,2.596
2025-09-08 08:28:03.213001 +00:00,55,1.787,4.9589996
2025-09-08 08:28:03.213001 +00:00,55,1.633,4.9589996
2026-03-03 06:07:25.224001 +00:00,55,1.689,1.376
2025-09-10 10:12:31.150001 +00:00,55,4.677,1.689
2025-09-10 08:00:24.886001 +00:00,55,1.534,1.523
2025-09-10 06:49:38.117001 +00:00,54,1.834,1.725
2025-09-10 08:00:06.265001 +00:00,54,1.864,1.628
2026-05-06 08:42:19.046001 +00:00,54,1.518,1.6159999
2026-05-06 08:42:19.046001 +00:00,54,1.3360001,1.6159999
2025-09-03 08:12:47.266001 +00:00,54,7.823,1.7800001
2025-09-04 08:14:46.501001 +00:00,54,1.576,7.1809998
2025-09-04 08:14:46.501001 +00:00,54,1.702,7.1809998
2025-09-10 08:29:11.924001 +00:00,54,1.665,1.774
2025-09-11 13:40:12.947001 +00:00,54,1.696,2.471
2025-09-03 10:15:23.674001 +00:00,54,2.269,3.943
2026-01-22 15:58:30.156001 +00:00,54,8.474,5.147
2025-09-10 09:03:57.167001 +00:00,54,1.879,7.0270004
2025-09-10 10:12:08.397001 +00:00,54,1.514,1.648
2025-09-08 10:24:28.052001 +00:00,54,1.531,3.5649998
2025-09-03 06:58:25.183001 +00:00,54,1.721,1.816
2026-01-22 15:46:19.474001 +00:00,54,7.162,5.147
2026-05-06 08:41:42.745001 +00:00,54,1.941,1.494
2025-09-10 07:14:23.022001 +00:00,54,1.567,2.8109999
2026-01-22 15:48:20.074001 +00:00,54,1.944,5.147
2026-01-22 15:48:20.074001 +00:00,54,15.924999,5.147
2025-09-10 10:13:08.316001 +00:00,54,1.564,1.64
2025-09-05 11:46:25.051001 +00:00,54,1.8449999,1.832
2025-09-03 10:14:20.324001 +00:00,54,1.718,1.6899999
2025-10-03 11:13:02.798001 +00:00,54,,
2026-03-03 06:07:25.223001 +00:00,54,1.48,1.376
2026-03-03 06:07:25.223001 +00:00,54,1.5630001,1.376
2025-09-08 10:22:50.991001 +00:00,54,3.492,2.596
2025-09-10 10:12:31.149001 +00:00,54,1.9720001,1.689
2025-09-10 08:00:06.265001 +00:00,54,1.573,1.628
2025-09-11 13:32:56.427001 +00:00,54,,
2025-09-11 13:32:56.427001 +00:00,54,,
2025-10-03 09:43:24.089001 +00:00,54,7.278,1.5389999
2025-09-08 08:27:28.115001 +00:00,54,3.918,1.787
2025-09-05 12:50:05.575001 +00:00,54,1.963,2.8999999
2025-09-08 10:24:12.866001 +00:00,54,3.8739998,1.531
2026-05-06 08:42:41.305001 +00:00,54,7.899,1.756
2025-10-03 09:44:28.538001 +00:00,54,2.269,4.9760003
2025-09-10 08:28:49.003001 +00:00,54,1.874,1.886
2025-09-10 10:57:38.463001 +00:00,54,2.1299999,1.931
2025-09-10 10:57:22.170001 +00:00,54,2.019,1.76
2025-09-08 10:25:22.920001 +00:00,54,3.5649998,4.9319997
2025-09-05 12:50:05.574001 +00:00,53,1.935,2.8999999
2025-09-03 08:12:47.265001 +00:00,53,4.068,1.7800001
2026-03-03 06:07:25.222001 +00:00,53,1.671,1.376
2025-09-10 10:12:31.148001 +00:00,53,1.625,1.689
2025-09-03 08:12:11.927001 +00:00,53,1.694,1.8100001
2026-03-03 06:07:25.222001 +00:00,53,6.54,1.376
2025-09-04 08:13:43.932001 +00:00,53,1.895,8.603
2025-09-03 08:12:11.927001 +00:00,53,1.936,1.8100001
2025-09-03 11:00:20.917001 +00:00,53,7.736,2.024
2025-09-08 10:24:12.865001 +00:00,53,4.902,1.531
2025-09-10 09:04:39.622001 +00:00,53,1.559,4.9430003
2025-10-03 11:13:02.797001 +00:00,53,,
2025-09-10 09:03:57.166001 +00:00,53,6.967,7.0270004
2025-09-10 10:57:22.169001 +00:00,53,1.8149999,1.76
2026-05-06 08:42:41.304001 +00:00,53,1.641,1.756
2025-09-03 06:58:15.699001 +00:00,53,1.5879999,2.48
2025-09-03 08:47:28.225001 +00:00,53,6.593,1.717
2025-09-08 10:24:28.051001 +00:00,53,4.085,3.5649998
2025-09-11 14:16:19.289001 +00:00,53,,
2025-09-08 10:24:28.051001 +00:00,53,4.915,3.5649998
2025-09-08 10:24:28.051001 +00:00,53,11.701,3.5649998
2025-09-03 08:46:23.435001 +00:00,53,1.594,1.6700001
2026-01-22 15:48:20.073001 +00:00,53,9.665999,5.147
2026-05-06 08:42:19.045001 +00:00,53,7.899,1.6159999
2026-05-06 08:42:19.045001 +00:00,53,5.8459997,1.6159999
2026-05-06 08:41:42.744001 +00:00,53,1.641,1.494
2025-10-03 09:43:24.088001 +00:00,53,1.689,1.5389999
2025-09-03 08:13:47.472001 +00:00,53,1.575,4.363
2025-09-10 07:14:23.021001 +00:00,53,1.658,2.8109999
2026-03-02 13:34:53.906001 +00:00,53,6.7409997,1.623
2025-09-08 10:25:22.919001 +00:00,53,2.887,4.9319997
2025-09-03 10:14:20.323001 +00:00,53,7.788,1.6899999
2025-09-03 08:13:47.472001 +00:00,53,1.819,4.363
2025-09-08 08:27:10.715001 +00:00,52,1.8410001,7.768
2025-09-08 08:27:28.113001 +00:00,52,1.706,1.787
2025-09-10 09:04:39.621001 +00:00,52,1.6589999,4.9430003
2025-09-10 08:29:41.733001 +00:00,52,1.573,1.707
2025-10-03 11:13:02.796001 +00:00,52,,
2026-03-03 06:07:25.221001 +00:00,52,1.36,1.376
2026-03-03 06:07:25.221001 +00:00,52,1.883,1.376
2026-03-03 06:07:25.221001 +00:00,52,6.758,1.376
2026-03-03 06:07:25.221001 +00:00,52,11.036,1.376
2025-09-10 10:57:38.461001 +00:00,52,3.907,1.931
2025-09-10 10:12:31.147001 +00:00,52,7.295,1.689
2025-09-10 10:58:12.628001 +00:00,52,1.7989999,3.878
2025-09-10 10:57:38.461001 +00:00,52,1.74,1.931
2025-09-03 08:46:23.434001 +00:00,52,1.893,1.6700001
2025-09-10 10:12:31.147001 +00:00,52,3.185,1.689
2026-05-06 08:42:19.044001 +00:00,52,1.641,1.6159999
2025-09-05 12:02:20.364001 +00:00,52,14.094,4.9100003
2025-09-03 08:13:47.471001 +00:00,52,1.607,4.363
2025-09-03 08:12:47.264001 +00:00,52,1.854,1.7800001
2025-12-17 13:32:16.575001 +00:00,52,,
2025-09-11 13:40:12.945001 +00:00,52,1.773,2.471
2025-09-03 08:12:11.926001 +00:00,52,4.512,1.8100001
2025-09-03 11:00:20.916001 +00:00,52,2.016,2.024
2025-09-03 10:15:23.672001 +00:00,52,2.607,3.943
2025-09-10 10:57:38.461001 +00:00,52,1.625,1.931
2025-09-05 11:46:25.049001 +00:00,52,6.7739997,1.832
2026-01-22 15:46:19.472001 +00:00,52,9.665999,5.147
2025-09-10 07:14:42.405001 +00:00,52,1.618,1.643
2025-09-10 08:28:49.001001 +00:00,52,1.666,1.886
2026-05-06 08:41:42.743001 +00:00,52,1.49,1.494
2025-09-05 11:47:29.906001 +00:00,51,5.9290004,5.509
2026-05-06 08:42:41.302001 +00:00,51,1.7049999,1.756
2025-09-10 09:03:37.184001 +00:00,51,1.962,1.875
2025-09-10 09:03:57.164001 +00:00,51,1.696,7.0270004
2025-09-10 08:00:56.250001 +00:00,51,1.586,2.651
2025-09-03 10:14:20.321001 +00:00,51,8.181,1.6899999
2026-05-06 08:42:19.043001 +00:00,51,1.49,1.6159999
2025-09-10 10:12:31.146001 +00:00,51,7.667,1.689
2025-09-04 08:13:20.267001 +00:00,51,2.213,2.091
2025-09-10 07:15:35.076001 +00:00,51,1.51,1.648
2025-09-10 07:14:42.404001 +00:00,51,1.735,1.643
2025-09-10 10:57:38.460001 +00:00,51,1.934,1.931
2025-09-03 08:46:23.433001 +00:00,51,2.223,1.6700001
2025-09-10 10:58:12.627001 +00:00,51,7.5889997,3.878
2025-09-10 10:58:12.627001 +00:00,51,1.671,3.878
2025-09-11 13:32:44.775001 +00:00,51,1.68,
2025-09-08 10:25:22.917001 +00:00,51,9.139001,4.9319997
2025-09-03 08:12:47.263001 +00:00,51,1.9120001,1.7800001
2025-09-05 11:46:46.385001 +00:00,51,1.7160001,7.724
2025-09-05 11:46:46.385001 +00:00,51,8.29,7.724
2025-10-03 09:43:04.895001 +00:00,51,2.474,1.7409999
2025-09-10 08:29:41.732001 +00:00,51,1.638,1.707
2025-09-03 08:12:11.925001 +00:00,51,4.068,1.8100001
2025-10-03 09:43:24.086001 +00:00,51,3.9320002,1.5389999
2026-03-03 06:07:25.220001 +00:00,51,7.708,1.376
2026-01-22 15:58:30.153001 +00:00,51,8.717999,5.147
2025-09-08 08:27:28.112001 +00:00,51,1.779,1.787
2026-01-22 15:48:20.071001 +00:00,51,8.474,5.147
2025-09-05 12:49:46.123001 +00:00,51,3.6269999,11.649
2025-12-17 13:32:16.574001 +00:00,51,,
2025-09-08 08:28:03.209001 +00:00,51,1.776,4.9589996
2025-09-08 08:28:03.209001 +00:00,51,1.82,4.9589996
2025-10-03 11:13:02.794001 +00:00,50,,
2025-09-10 07:15:35.075001 +00:00,50,6.842,1.648
2025-09-03 08:47:28.222001 +00:00,50,1.702,1.717
2025-09-10 08:00:24.881001 +00:00,50,1.518,1.523
2025-09-04 07:17:16.040001 +00:00,50,2.44,1.846
2026-05-06 08:41:42.741001 +00:00,50,2.3179998,1.494
2025-09-10 08:29:11.920001 +00:00,50,2.275,1.774
2026-05-06 08:41:42.741001 +00:00,50,1.5569999,1.494
2026-05-06 08:41:42.741001 +00:00,50,1.53,1.494
2026-03-02 13:34:53.903001 +00:00,50,1.4280001,1.623
2025-09-03 08:12:47.262001 +00:00,50,1.8100001,1.7800001
2025-09-03 06:58:15.696001 +00:00,50,1.809,2.48
2025-09-05 11:46:46.384001 +00:00,50,8.204,7.724
2025-09-10 08:28:48.999001 +00:00,50,1.682,1.886
2025-12-17 13:32:16.573001 +00:00,50,,
2025-09-08 10:24:28.048001 +00:00,50,14.276,3.5649998
2025-09-05 12:02:20.362001 +00:00,50,13.932,4.9100003
2025-09-05 11:46:46.384001 +00:00,50,5.224,7.724
2025-09-03 06:58:25.179001 +00:00,50,1.678,1.816
2026-01-22 15:46:19.470001 +00:00,50,8.474,5.147
2025-09-05 11:46:46.384001 +00:00,50,1.718,7.724
2025-09-03 08:46:23.432001 +00:00,50,1.6899999,1.6700001
2025-09-11 13:32:56.423001 +00:00,50,,
2025-09-03 08:47:28.222001 +00:00,50,1.64,1.717
2025-09-08 10:24:12.862001 +00:00,50,2.246,1.531
2026-05-06 08:42:41.301001 +00:00,50,1.5569999,1.756
2025-09-11 13:39:46.298001 +00:00,50,5.892,2.608
2026-05-06 08:42:41.301001 +00:00,50,1.53,1.756
2025-09-11 13:32:56.423001 +00:00,50,,
2025-09-10 07:14:23.018001 +00:00,50,1.776,2.8109999
2025-09-10 06:49:28.351001 +00:00,50,1.736,7.127
2025-09-10 06:49:28.351001 +00:00,50,2.667,7.127
2025-09-03 08:13:47.469001 +00:00,50,1.9120001,4.363
2025-10-03 09:43:04.894001 +00:00,50,2.607,1.7409999
2025-09-10 09:03:37.183001 +00:00,50,1.621,1.875
2025-09-10 09:04:39.619001 +00:00,50,2.08,4.9430003
2025-09-05 12:50:05.571001 +00:00,50,4.737,2.8999999
2025-09-10 10:58:12.626001 +00:00,50,1.475,3.878
2025-09-08 10:22:50.987001 +00:00,50,2.167,2.596
2026-05-06 08:42:19.041001 +00:00,49,1.53,1.6159999
2026-03-02 13:34:53.902001 +00:00,49,2.313,1.623
2025-09-05 11:46:25.046001 +00:00,49,1.779,1.832
2025-09-05 11:46:25.046001 +00:00,49,1.916,1.832
2025-10-03 09:43:04.893001 +00:00,49,1.593,1.7409999
2025-09-10 07:14:23.017001 +00:00,49,1.701,2.8109999
2025-09-03 10:14:20.319001 +00:00,49,1.976,1.6899999
2026-01-22 15:48:20.069001 +00:00,49,8.717999,5.147
2025-09-03 08:13:47.468001 +00:00,49,3.035,4.363
2025-09-03 08:13:47.468001 +00:00,49,1.742,4.363
2025-09-08 10:25:22.915001 +00:00,49,3.806,4.9319997
2025-09-10 06:49:28.350001 +00:00,49,1.834,7.127
2025-09-10 06:49:28.350001 +00:00,49,1.556,7.127
2026-01-22 15:58:30.151001 +00:00,49,12.688,5.147
2025-09-03 10:14:44.398001 +00:00,49,1.864,2.0049999
2025-09-10 10:58:12.625001 +00:00,49,1.571,3.878
2025-09-03 10:14:44.398001 +00:00,49,2.0349998,2.0049999
2025-09-10 10:57:38.458001 +00:00,49,2.576,1.931
2025-10-03 11:13:02.793001 +00:00,49,,
2025-09-04 07:17:16.039001 +00:00,49,2.0349998,1.846
2025-09-04 07:17:16.039001 +00:00,49,1.528,1.846
2025-09-10 07:14:23.017001 +00:00,49,1.615,2.8109999
2026-03-03 06:07:25.218001 +00:00,49,6.754,1.376
2025-09-03 06:58:15.695001 +00:00,49,1.62,2.48
2025-09-08 10:24:28.047001 +00:00,49,2.49,3.5649998
2025-09-03 08:12:47.261001 +00:00,49,5.389,1.7800001
2025-09-10 07:14:42.402001 +00:00,49,1.655,1.643
2025-09-11 13:39:46.297001 +00:00,49,2.471,2.608
2025-09-03 08:46:23.431001 +00:00,49,1.7409999,1.6700001
2025-10-03 09:43:24.084001 +00:00,49,1.698,1.5389999
2026-03-02 13:34:53.902001 +00:00,49,7.334,1.623
2026-03-02 13:34:53.902001 +00:00,49,1.818,1.623
2025-09-04 08:13:43.928001 +00:00,49,7.1809998,8.603
2025-09-05 11:47:29.903001 +00:00,48,1.898,5.509
2025-10-03 11:13:02.792001 +00:00,48,,
2025-12-17 13:32:16.571001 +00:00,48,,
2025-09-04 07:16:56.022001 +00:00,48,4.988,4.393
2025-09-10 08:28:48.997001 +00:00,48,2.126,1.886
2025-09-04 07:18:03.132001 +00:00,48,1.63,1.571
2025-09-10 09:04:39.617001 +00:00,48,1.579,4.9430003
2025-09-10 07:14:42.401001 +00:00,48,1.9480001,1.643
2025-09-08 08:27:10.711001 +00:00,48,2.361,7.768
2025-09-05 12:02:20.360001 +00:00,48,1.87,4.9100003
2025-09-05 12:02:20.360001 +00:00,48,1.988,4.9100003
2025-09-05 12:02:20.360001 +00:00,48,14.05,4.9100003
2025-09-08 10:25:22.914001 +00:00,48,7.731,4.9319997
2025-09-10 08:29:41.729001 +00:00,48,1.651,1.707
2025-09-10 10:57:38.457001 +00:00,48,1.851,1.931
2025-09-04 07:17:16.038001 +00:00,48,3.9730003,1.846
2025-09-08 10:22:50.985001 +00:00,48,9.139001,2.596
2026-03-03 06:07:25.217001 +00:00,48,10.505,1.376
2025-09-10 08:00:24.879001 +00:00,48,6.65,1.523
2026-01-22 15:46:19.468001 +00:00,48,8.717999,5.147
2025-09-03 08:46:50.347001 +00:00,48,3.936,7.268
2026-03-03 06:07:25.217001 +00:00,48,1.6589999,1.376
2026-03-02 13:34:53.901001 +00:00,48,2.156,1.623
2025-09-08 08:27:28.109001 +00:00,48,8.534,1.787
2025-09-04 08:13:20.264001 +00:00,48,2.4929998,2.091
2025-09-05 11:46:25.045001 +00:00,48,2.032,1.832
2025-09-05 12:50:42.970001 +00:00,48,2.075,13.58
2025-09-05 12:50:05.569001 +00:00,48,7.761,2.8999999
2025-09-10 07:14:23.016001 +00:00,48,1.571,2.8109999
2025-09-10 07:15:35.073001 +00:00,48,1.985,1.648
2025-09-10 10:13:08.310001 +00:00,48,1.866,1.64
2025-09-03 08:13:47.467001 +00:00,48,5.389,4.363
2025-09-10 06:49:28.349001 +00:00,48,1.645,7.127
2025-09-10 09:03:37.181001 +00:00,48,2.055,1.875
2025-09-10 09:03:37.181001 +00:00,48,1.621,1.875
2025-10-03 11:13:02.792001 +00:00,48,,
2025-09-11 13:40:12.940001 +00:00,47,1.47,2.471
2025-09-04 08:13:43.926001 +00:00,47,1.689,8.603
2025-09-08 10:24:12.859001 +00:00,47,4.607,1.531
2025-09-05 12:02:20.359001 +00:00,47,1.712,4.9100003
2025-09-05 12:02:20.359001 +00:00,47,4.993,4.9100003
2025-09-10 10:58:12.623001 +00:00,47,1.6240001,3.878
2025-09-10 10:57:38.456001 +00:00,47,1.601,1.931
2026-05-06 08:41:42.738001 +00:00,47,6.4969997,1.494
2025-09-03 08:46:23.429001 +00:00,47,1.75,1.6700001
2025-09-03 06:58:25.176001 +00:00,47,1.735,1.816
2026-03-03 06:07:25.216001 +00:00,47,1.615,1.376
2025-09-04 08:13:20.263001 +00:00,47,1.748,2.091
2026-05-06 08:42:41.298001 +00:00,47,6.4969997,1.756
2025-09-10 08:29:11.917001 +00:00,47,1.871,1.774
2025-09-10 10:12:31.142001 +00:00,47,1.758,1.689
2025-09-08 08:28:03.205001 +00:00,47,1.8110001,4.9589996
2025-09-10 08:00:06.258001 +00:00,47,1.623,1.628
2025-09-03 10:14:20.317001 +00:00,47,3.6520002,1.6899999
2025-09-10 10:12:31.142001 +00:00,47,1.739,1.689
2025-09-05 11:47:29.902001 +00:00,47,2.233,5.509
2025-09-03 08:13:47.466001 +00:00,47,1.943,4.363
2025-09-10 09:03:57.160001 +00:00,47,1.668,7.0270004
2025-09-05 12:50:05.568001 +00:00,47,1.618,2.8999999
2026-03-02 13:34:53.900001 +00:00,47,2.907,1.623
2026-03-02 13:34:53.900001 +00:00,47,1.625,1.623
2025-09-11 13:32:56.420001 +00:00,47,,
2025-09-03 08:46:50.346001 +00:00,47,7.7050004,7.268
2025-09-10 07:14:23.015001 +00:00,47,1.787,2.8109999
2026-01-22 15:58:30.149001 +00:00,47,2.204,5.147
2025-09-08 10:25:22.913001 +00:00,47,8.317,4.9319997
2025-09-10 07:14:42.400001 +00:00,47,1.5780001,1.643
2025-09-05 11:46:46.381001 +00:00,47,1.909,7.724
2025-09-05 11:46:46.381001 +00:00,47,2.967,7.724
2025-09-03 08:46:50.345001 +00:00,46,1.683,7.268
2025-12-05 16:37:40.780001 +00:00,46,1.927,1.708
2026-01-22 15:46:19.466001 +00:00,46,14.375999,5.147
2026-01-22 15:46:19.466001 +00:00,46,2.204,5.147
2025-09-10 10:57:38.455001 +00:00,46,1.587,1.931
2025-09-03 11:00:20.910001 +00:00,46,1.678,2.024
2025-09-03 06:58:25.175001 +00:00,46,1.917,1.816
2025-09-05 11:46:46.380001 +00:00,46,1.707,7.724
2026-01-22 15:48:20.066001 +00:00,46,12.688,5.147
2025-09-03 08:13:47.465001 +00:00,46,1.736,4.363
2025-09-03 08:13:47.465001 +00:00,46,1.9499999,4.363
2025-09-03 08:13:47.465001 +00:00,46,1.621,4.363
2025-09-10 08:28:48.995001 +00:00,46,1.678,1.886
2025-09-03 08:12:11.920001 +00:00,46,5.389,1.8100001
2025-09-08 08:28:03.204001 +00:00,46,7.5699997,4.9589996
2025-09-08 10:24:12.858001 +00:00,46,4.915,1.531
2025-09-03 06:58:15.692001 +00:00,46,1.816,2.48
2025-10-03 11:13:02.790001 +00:00,46,,
2026-05-06 08:42:41.297001 +00:00,46,1.71,1.756
2025-10-03 11:13:02.790001 +00:00,46,,
2026-05-06 08:41:42.737001 +00:00,46,1.71,1.494
2025-10-03 11:13:02.790001 +00:00,46,,
2025-09-10 09:03:57.159001 +00:00,46,1.917,7.0270004
2025-09-08 10:24:12.858001 +00:00,46,11.701,1.531
2025-09-10 07:14:42.399001 +00:00,46,1.7689999,1.643
2025-09-10 10:13:08.308001 +00:00,46,1.548,1.64
2025-09-05 11:46:25.043001 +00:00,46,1.956,1.832
2025-09-05 11:46:25.043001 +00:00,46,7.165,1.832
2025-09-03 08:47:28.218001 +00:00,46,1.666,1.717
2025-09-03 08:47:28.218001 +00:00,46,1.638,1.717
2025-09-04 08:13:20.262001 +00:00,46,1.6919999,2.091
2025-09-08 08:27:28.107001 +00:00,46,1.745,1.787
2026-03-02 13:34:53.899001 +00:00,46,3.504,1.623
2026-01-22 15:58:30.148001 +00:00,46,14.375999,5.147
2025-09-10 10:58:12.622001 +00:00,46,1.8019999,3.878
2025-09-10 10:58:12.622001 +00:00,46,1.625,3.878
2025-09-05 12:49:46.118001 +00:00,46,16.038,11.649
2025-09-10 10:57:38.455001 +00:00,46,1.647,1.931
2025-09-08 10:25:22.911001 +00:00,45,3.2289999,4.9319997
2025-09-03 08:46:23.427001 +00:00,45,1.8019999,1.6700001
2025-09-10 08:00:24.876001 +00:00,45,1.702,1.523
2025-09-03 10:15:23.665001 +00:00,45,7.659,3.943
2025-09-10 10:58:12.621001 +00:00,45,1.768,3.878
2025-09-05 11:46:46.379001 +00:00,45,7.595,7.724
2025-09-10 10:57:22.161001 +00:00,45,1.5350001,1.76
2025-09-10 10:58:12.621001 +00:00,45,1.909,3.878
2025-09-03 10:15:23.665001 +00:00,45,2.079,3.943
2025-09-04 07:18:03.129001 +00:00,45,1.528,1.571
2026-01-22 15:58:30.147001 +00:00,45,1.993,5.147
2025-09-03 08:47:28.217001 +00:00,45,2.043,1.717
2025-09-11 13:32:44.769001 +00:00,45,,
2025-09-11 13:32:44.769001 +00:00,45,,
2026-03-03 06:07:25.214001 +00:00,45,1.561,1.376
2025-09-03 08:47:28.217001 +00:00,45,1.893,1.717
2026-05-06 08:41:42.736001 +00:00,45,2.895,1.494
2025-09-05 11:46:46.379001 +00:00,45,1.9219999,7.724
2026-05-06 08:42:41.296001 +00:00,45,2.895,1.756
2025-09-10 07:15:35.070001 +00:00,45,1.546,1.648
2025-09-04 07:16:56.019001 +00:00,45,5.659,4.393
2025-09-03 08:12:11.919001 +00:00,45,1.7800001,1.8100001
2025-09-10 10:57:38.454001 +00:00,45,1.861,1.931
2025-12-05 16:37:40.779001 +00:00,45,1.796,1.708
2025-09-03 11:00:20.909001 +00:00,45,1.7839999,2.024
2025-09-03 06:58:15.691001 +00:00,45,7.595,2.48
2025-09-03 08:46:23.427001 +00:00,45,7.8849998,1.6700001
2025-09-04 08:14:46.492001 +00:00,45,1.663,7.1809998
2025-09-05 11:46:25.042001 +00:00,45,1.86,1.832
2025-09-10 08:00:56.243001 +00:00,44,4.45,2.651
2025-10-03 09:44:28.528001 +00:00,44,1.706,4.9760003
2025-09-10 09:03:37.177001 +00:00,44,1.667,1.875
2025-10-03 11:13:02.788001 +00:00,44,,
2025-09-10 06:49:28.345001 +00:00,44,1.669,7.127
2025-09-04 07:18:03.128001 +00:00,44,3.902,1.571
2025-09-04 07:18:03.128001 +00:00,44,1.838,1.571
2025-09-04 07:18:03.128001 +00:00,44,2.0349998,1.571
2025-09-04 07:18:03.128001 +00:00,44,1.91,1.571
2025-09-10 10:57:38.453001 +00:00,44,1.672,1.931
2025-09-10 10:13:08.306001 +00:00,44,1.645,1.64
2025-09-03 10:15:23.664001 +00:00,44,5.289,3.943
2025-09-10 08:29:41.725001 +00:00,44,1.573,1.707
2025-09-03 10:15:23.664001 +00:00,44,7.35,3.943
2025-09-10 07:15:35.069001 +00:00,44,5.716,1.648
2025-09-10 07:15:35.069001 +00:00,44,7.7,1.648
2025-09-10 08:29:41.725001 +00:00,44,1.65,1.707
2025-10-03 09:43:04.888001 +00:00,44,1.6110001,1.7409999
2025-09-10 09:03:57.157001 +00:00,44,7.499,7.0270004
2025-09-10 08:00:06.255001 +00:00,44,9.7890005,1.628
2025-10-03 09:43:04.888001 +00:00,44,1.793,1.7409999
2025-10-03 09:44:28.528001 +00:00,44,1.7969999,4.9760003
2026-03-03 06:07:25.213001 +00:00,44,1.559,1.376
2026-03-02 13:34:53.897001 +00:00,44,1.5350001,1.623
2026-03-02 13:34:53.897001 +00:00,44,1.546,1.623
2025-09-11 13:32:56.417001 +00:00,44,7.338,
2025-09-08 08:27:28.105001 +00:00,44,1.7379999,1.787
2026-01-22 15:46:19.464001 +00:00,44,10.983,5.147
2025-09-03 11:00:20.908001 +00:00,44,7.7089996,2.024
2025-09-10 08:00:56.243001 +00:00,44,1.6589999,2.651
2025-09-11 14:16:19.280001 +00:00,44,,
2025-09-03 10:14:44.393001 +00:00,44,3.784,2.0049999
2025-09-10 06:49:38.107001 +00:00,44,3.819,1.725
2025-09-03 11:42:22.660001 +00:00,44,2.183,1.717
2025-09-08 10:25:22.910001 +00:00,44,2.094,4.9319997
2026-01-22 15:58:30.146001 +00:00,44,10.983,5.147
2026-01-22 15:58:30.146001 +00:00,44,8.488,5.147
2025-09-10 10:58:12.620001 +00:00,44,1.801,3.878
2026-05-06 08:42:19.036001 +00:00,44,2.895,1.6159999
2026-01-22 15:48:20.064001 +00:00,44,10.983,5.147
2025-09-04 08:13:43.923001 +00:00,44,1.877,8.603
2025-09-10 07:14:23.012001 +00:00,44,1.544,2.8109999
2025-09-10 08:28:48.993001 +00:00,44,1.5500001,1.886
2025-09-10 08:00:06.255001 +00:00,44,2.539,1.628
2025-09-11 13:32:44.768001 +00:00,44,,
2025-09-10 08:00:24.874001 +00:00,43,7.651,1.523
2025-09-08 10:24:28.041001 +00:00,43,3.806,3.5649998
2026-01-22 15:46:19.463001 +00:00,43,1.993,5.147
2025-09-10 08:00:24.874001 +00:00,43,4.7260003,1.523
2026-03-03 06:07:25.212001 +00:00,43,3.426,1.376
2025-09-03 11:00:20.907001 +00:00,43,8.483,2.024
2025-09-05 11:47:29.898001 +00:00,43,1.606,5.509
2025-09-08 10:25:22.909001 +00:00,43,3.807,4.9319997
2025-09-08 10:25:22.909001 +00:00,43,2.659,4.9319997
2025-09-05 12:50:05.564001 +00:00,43,1.776,2.8999999
2025-12-17 13:32:16.566001 +00:00,43,,
2025-09-03 08:13:47.462001 +00:00,43,1.855,4.363
2025-09-08 08:27:10.706001 +00:00,43,1.5569999,7.768
2025-09-05 11:47:29.898001 +00:00,43,1.7379999,5.509
2026-01-22 15:58:30.145001 +00:00,43,21.205,5.147
2026-01-22 15:58:30.145001 +00:00,43,2.755,5.147
2025-09-08 08:27:10.706001 +00:00,43,10.1640005,7.768
2025-09-03 08:47:28.215001 +00:00,43,1.7409999,1.717
2025-09-03 11:42:22.659001 +00:00,43,19.037,1.717
2026-05-06 08:42:41.294001 +00:00,43,1.998,1.756
2025-09-05 11:46:46.377001 +00:00,43,1.8939999,7.724
2025-09-10 09:03:57.156001 +00:00,43,1.601,7.0270004
2025-09-10 09:03:57.156001 +00:00,43,1.559,7.0270004
2025-10-03 11:13:02.787001 +00:00,43,,
2025-09-03 08:46:23.425001 +00:00,43,1.6570001,1.6700001
2026-05-06 08:42:41.294001 +00:00,43,1.647,1.756
2025-09-05 12:02:20.355001 +00:00,43,1.725,4.9100003
2025-09-08 08:27:10.706001 +00:00,43,1.5500001,7.768
2026-01-22 15:48:20.063001 +00:00,43,1.993,5.147
2026-05-06 08:42:41.294001 +00:00,43,7.189,1.756
2025-09-04 08:13:43.922001 +00:00,43,1.709,8.603
2025-10-03 11:13:02.787001 +00:00,43,,
2025-09-03 08:12:47.255001 +00:00,43,1.8690001,1.7800001
2026-05-06 08:42:41.294001 +00:00,43,1.5600001,1.756
2026-05-06 08:41:42.734001 +00:00,43,1.5600001,1.494
2026-05-06 08:41:42.734001 +00:00,43,1.572,1.494
2026-05-06 08:41:42.734001 +00:00,43,1.998,1.494
2025-09-08 08:28:03.201001 +00:00,43,1.662,4.9589996
2025-09-08 08:28:03.201001 +00:00,43,1.711,4.9589996
2025-09-10 08:29:11.913001 +00:00,43,1.573,1.774
2025-09-03 10:14:44.392001 +00:00,43,8.483,2.0049999
2025-09-03 08:12:47.255001 +00:00,43,5.587,1.7800001
2025-09-03 08:13:47.462001 +00:00,43,5.587,4.363
2025-09-05 12:49:46.115001 +00:00,43,4.5690002,11.649
2025-09-05 12:49:46.115001 +00:00,43,4.567,11.649
2025-09-08 08:27:28.104001 +00:00,43,1.776,1.787
2025-09-08 08:27:10.706001 +00:00,43,4.132,7.768
2026-05-06 08:41:42.734001 +00:00,43,7.189,1.494
2025-09-08 10:24:28.041001 +00:00,43,2.596,3.5649998
2025-09-05 11:46:46.377001 +00:00,43,8.685,7.724
2025-09-03 06:58:25.171001 +00:00,42,30.317,1.816
2025-09-04 08:14:46.489001 +00:00,42,1.927,7.1809998
2025-09-10 08:29:41.723001 +00:00,42,1.503,1.707
2026-05-06 08:41:42.733001 +00:00,42,1.647,1.494
2025-09-10 10:57:38.451001 +00:00,42,1.66,1.931
2025-09-04 07:16:56.016001 +00:00,42,3.166,4.393
2025-09-08 08:28:03.200001 +00:00,42,2.158,4.9589996
2025-09-11 13:32:44.766001 +00:00,42,7.338,
2025-09-11 13:32:44.766001 +00:00,42,,
2025-09-03 08:46:50.341001 +00:00,42,1.863,7.268
2026-01-05 14:58:11.484001 +00:00,42,4.955,10.723001
2025-09-05 11:46:25.039001 +00:00,42,2.049,1.832
2025-09-05 11:46:25.039001 +00:00,42,1.847,1.832
2025-09-10 10:57:22.158001 +00:00,42,7.545,1.76
2026-01-22 15:48:20.062001 +00:00,42,8.488,5.147
2025-09-10 09:04:39.611001 +00:00,42,1.79,4.9430003
2025-09-05 11:46:46.376001 +00:00,42,1.7310001,7.724
2025-09-05 11:46:46.376001 +00:00,42,6.7739997,7.724
2025-09-05 11:46:46.376001 +00:00,42,13.969001,7.724
2025-09-10 08:00:24.873001 +00:00,42,1.5979999,1.523
2026-01-22 15:58:30.144001 +00:00,42,16.454,5.147
2025-09-03 10:14:44.391001 +00:00,42,3.082,2.0049999
2025-09-03 08:47:28.214001 +00:00,42,4.373,1.717
2025-09-03 08:47:28.214001 +00:00,42,1.763,1.717
2025-09-03 08:47:28.214001 +00:00,42,1.835,1.717
2025-09-08 10:24:28.040001 +00:00,42,20.479,3.5649998
2026-03-02 13:34:53.895001 +00:00,42,15.014999,1.623
2025-09-05 11:47:29.897001 +00:00,42,1.865,5.509
2025-10-03 11:13:02.786001 +00:00,42,,
2025-09-04 08:13:20.258001 +00:00,42,4.421,2.091
2026-03-03 06:07:25.211001 +00:00,42,1.583,1.376
2026-05-06 08:42:19.034001 +00:00,42,1.5600001,1.6159999
2026-05-06 08:42:19.034001 +00:00,42,7.189,1.6159999
2025-09-10 09:03:57.154001 +00:00,41,2.08,7.0270004
2025-09-10 08:28:48.990001 +00:00,41,1.694,1.886
2025-09-10 10:13:08.303001 +00:00,41,1.764,1.64
2025-09-10 10:13:08.303001 +00:00,41,3.918,1.64
2025-09-10 10:58:12.617001 +00:00,41,1.601,3.878
2025-09-11 13:32:56.414001 +00:00,41,1.625,
2025-09-11 13:32:56.414001 +00:00,41,2.679,
2025-09-03 08:12:47.253001 +00:00,41,1.9640001,1.7800001
2025-09-08 10:24:28.039001 +00:00,41,4.9319997,3.5649998
2026-05-06 08:42:41.292001 +00:00,41,2.386,1.756
2025-09-08 10:22:50.978001 +00:00,41,5.043,2.596
2025-09-11 13:32:44.765001 +00:00,41,,
2026-01-22 15:48:20.061001 +00:00,41,21.205,5.147
2025-09-05 12:49:46.113001 +00:00,41,3.0080001,11.649
2025-09-05 11:47:29.896001 +00:00,41,8.372001,5.509
2025-09-03 10:14:20.311001 +00:00,41,1.837,1.6899999
2026-05-06 08:42:19.033001 +00:00,41,1.373,1.6159999
2025-09-10 07:15:35.066001 +00:00,41,1.694,1.648
2026-03-02 13:34:53.894001 +00:00,41,5.2999997,1.623
2026-03-02 13:34:53.894001 +00:00,41,2.125,1.623
2026-03-02 13:34:53.894001 +00:00,41,1.601,1.623
2025-10-03 09:43:24.076001 +00:00,41,1.785,1.5389999
2025-10-03 09:43:24.076001 +00:00,41,1.666,1.5389999
2025-09-03 08:12:11.915001 +00:00,41,5.587,1.8100001
2026-01-22 15:46:19.461001 +00:00,41,8.488,5.147
2025-09-08 08:28:03.199001 +00:00,41,1.636,4.9589996
2025-10-03 09:43:04.885001 +00:00,41,1.689,1.7409999
2025-09-10 07:14:23.009001 +00:00,41,1.748,2.8109999
2026-01-05 15:06:35.562001 +00:00,41,8.888,10.808001
2025-09-08 10:25:22.907001 +00:00,41,7.719,4.9319997
2026-01-22 15:58:30.143001 +00:00,41,10.117,5.147
2026-01-22 15:58:30.143001 +00:00,41,2.0010002,5.147
2026-01-22 15:58:30.143001 +00:00,41,5.707,5.147
2025-09-05 12:50:05.562001 +00:00,41,2.7970002,2.8999999
2025-09-10 07:14:42.394001 +00:00,41,1.5569999,1.643
2026-05-06 08:41:42.732001 +00:00,41,2.386,1.494
2026-05-06 08:41:42.732001 +00:00,41,1.373,1.494
2025-09-03 08:13:47.460001 +00:00,41,7.722,4.363
2025-09-10 08:29:11.911001 +00:00,41,1.824,1.774
2025-09-04 08:13:20.257001 +00:00,41,1.989,2.091
2025-09-10 10:58:12.617001 +00:00,41,1.587,3.878
2025-09-10 08:00:06.251001 +00:00,40,1.664,1.628
2025-10-03 09:43:04.884001 +00:00,40,7.258,1.7409999
2025-09-10 07:14:42.393001 +00:00,40,2.5210001,1.643
2026-03-03 06:07:25.209001 +00:00,40,1.63,1.376
2026-03-03 06:07:25.209001 +00:00,40,1.574,1.376
2025-09-10 07:15:35.065001 +00:00,40,1.787,1.648
2025-09-10 07:15:35.065001 +00:00,40,1.571,1.648
2026-01-22 15:48:20.060001 +00:00,40,2.755,5.147
2025-09-03 10:15:23.660001 +00:00,40,2.199,3.943
2025-09-03 10:15:23.660001 +00:00,40,3.187,3.943
2025-09-05 11:47:29.895001 +00:00,40,1.728,5.509
2025-09-03 10:14:20.310001 +00:00,40,1.9480001,1.6899999
2025-09-05 12:02:20.352001 +00:00,40,2.7129998,4.9100003
2025-09-10 10:13:08.302001 +00:00,40,1.625,1.64
2025-09-10 10:12:08.383001 +00:00,40,1.645,1.648
2025-09-10 10:12:08.383001 +00:00,40,7.698,1.648
2026-01-22 15:48:20.060001 +00:00,40,2.0010002,5.147
2025-09-08 08:27:28.101001 +00:00,40,1.8110001,1.787
2025-09-10 07:14:23.008001 +00:00,40,2.34,2.8109999
2025-09-10 06:49:28.341001 +00:00,40,1.683,7.127
2026-05-06 08:42:41.291001 +00:00,40,1.687,1.756
2025-09-10 10:58:12.616001 +00:00,40,1.647,3.878
2025-09-10 10:58:12.616001 +00:00,40,1.604,3.878
2025-09-10 08:00:06.251001 +00:00,40,3.996,1.628
2025-09-11 13:39:46.288001 +00:00,40,7.313,2.608
2025-09-03 10:14:20.310001 +00:00,40,1.928,1.6899999
2026-05-06 08:41:42.731001 +00:00,40,1.687,1.494
2025-09-11 13:32:44.764001 +00:00,40,,
2025-12-17 13:32:16.563001 +00:00,40,,
2026-03-02 13:34:53.893001 +00:00,40,1.573,1.623
2026-03-02 13:34:53.893001 +00:00,40,2.096,1.623
2025-09-03 11:42:22.656001 +00:00,40,7.199,1.717
2025-09-11 13:32:56.413001 +00:00,40,,
2026-01-22 15:46:19.460001 +00:00,40,21.205,5.147
2026-01-22 15:46:19.460001 +00:00,40,2.0010002,5.147
2025-09-03 08:12:47.252001 +00:00,40,1.852,1.7800001
2025-09-08 10:25:22.906001 +00:00,40,5.145,4.9319997
2025-10-03 11:13:02.783001 +00:00,39,,
2026-05-06 08:42:41.290001 +00:00,39,1.373,1.756
2026-01-22 15:48:20.059001 +00:00,39,2.766,5.147
2026-01-22 15:48:20.059001 +00:00,39,8.292,5.147
2025-09-10 06:49:28.340001 +00:00,39,2.1520002,7.127
2025-09-10 06:49:28.340001 +00:00,39,3.819,7.127
2025-09-03 08:46:50.338001 +00:00,39,1.654,7.268
2025-09-05 11:46:46.373001 +00:00,39,1.779,7.724
2025-09-05 11:46:46.373001 +00:00,39,1.916,7.724
2026-05-06 08:42:19.031001 +00:00,39,1.687,1.6159999
2025-09-10 08:00:56.238001 +00:00,39,3.5270002,2.651
2025-09-03 10:14:44.388001 +00:00,39,1.718,2.0049999
2025-09-03 08:47:28.211001 +00:00,39,1.8019999,1.717
2025-09-10 06:49:38.102001 +00:00,39,1.9120001,1.725
2025-09-05 11:46:46.373001 +00:00,39,1.615,7.724
2025-09-10 08:29:41.720001 +00:00,39,2.1899998,1.707
2025-09-11 13:39:36.452001 +00:00,39,1.623,1.7
2025-09-03 10:14:20.309001 +00:00,39,1.75,1.6899999
2026-03-02 13:34:53.892001 +00:00,39,12.871,1.623
2026-03-02 13:34:53.892001 +00:00,39,1.558,1.623
2026-03-02 13:34:53.892001 +00:00,39,1.699,1.623
2025-09-10 08:29:41.720001 +00:00,39,3.0839999,1.707
2026-01-22 15:46:19.459001 +00:00,39,10.117,5.147
2026-01-22 15:46:19.459001 +00:00,39,2.755,5.147
2026-01-22 15:46:19.459001 +00:00,39,8.292,5.147
2025-09-04 08:13:43.918001 +00:00,39,1.71,8.603
2025-10-03 09:43:24.074001 +00:00,39,1.7030001,1.5389999
2025-09-03 10:15:23.659001 +00:00,39,3.912,3.943
2025-09-03 11:00:20.903001 +00:00,39,1.878,2.024
2025-09-05 12:50:42.961001 +00:00,39,1.71,13.58
2025-09-10 10:13:08.301001 +00:00,39,1.684,1.64
2025-10-03 11:13:02.783001 +00:00,39,,
2025-10-03 11:13:02.783001 +00:00,39,,
2025-09-10 10:57:38.448001 +00:00,39,2.019,1.931
2025-09-10 09:04:39.607001 +00:00,38,2.69,4.9430003
2026-01-22 15:58:30.140001 +00:00,38,8.292,5.147
2025-09-10 10:57:22.154001 +00:00,38,1.8,1.76
2025-09-10 10:57:22.154001 +00:00,38,1.725,1.76
2025-09-08 08:27:10.701001 +00:00,38,1.779,7.768
2026-01-22 15:48:20.058001 +00:00,38,5.707,5.147
2026-01-22 15:48:20.058001 +00:00,38,16.454,5.147
2025-09-04 07:17:16.028001 +00:00,38,2.527,1.846
2025-09-10 08:29:41.719001 +00:00,38,1.739,1.707
2025-09-08 10:24:28.036001 +00:00,38,3.862,3.5649998
2026-03-02 13:34:53.891001 +00:00,38,1.728,1.623
2026-01-22 15:46:19.458001 +00:00,38,5.707,5.147
2025-09-05 11:46:25.035001 +00:00,38,1.728,1.832
2025-09-05 12:50:05.559001 +00:00,38,3.9329998,2.8999999
2026-01-22 15:46:19.458001 +00:00,38,2.766,5.147
2025-09-10 09:03:57.151001 +00:00,38,1.7689999,7.0270004
2026-05-06 08:42:41.289001 +00:00,38,1.3640001,1.756
2026-05-06 08:42:41.289001 +00:00,38,3.628,1.756
2026-03-03 06:07:25.207001 +00:00,38,1.579,1.376
2025-09-10 06:49:28.339001 +00:00,38,1.674,7.127
2025-09-10 06:49:28.339001 +00:00,38,1.575,7.127
2025-09-04 07:16:56.012001 +00:00,38,1.536,4.393
2025-09-03 08:12:11.912001 +00:00,38,1.852,1.8100001
2025-09-04 07:16:56.012001 +00:00,38,1.5569999,4.393
2025-09-10 09:03:37.171001 +00:00,38,1.663,1.875
2025-10-03 11:13:02.782001 +00:00,38,,
2025-09-03 11:00:20.902001 +00:00,38,5.263,2.024
2025-09-10 08:00:06.249001 +00:00,38,1.534,1.628
2026-03-03 06:07:25.207001 +00:00,38,1.687,1.376
2026-03-03 06:07:25.207001 +00:00,38,1.5879999,1.376
2026-05-06 08:41:42.729001 +00:00,38,1.373,1.494
2025-10-03 09:43:24.073001 +00:00,38,4.626,1.5389999
2026-05-06 08:41:42.729001 +00:00,38,3.628,1.494
2025-09-10 10:58:12.614001 +00:00,38,1.6110001,3.878
2025-09-10 10:58:12.614001 +00:00,38,1.666,3.878
2025-09-03 06:58:25.167001 +00:00,38,2.176,1.816
2025-09-10 06:49:38.101001 +00:00,38,1.662,1.725
2026-05-06 08:42:19.030001 +00:00,38,1.373,1.6159999
2025-09-03 08:46:23.420001 +00:00,38,1.672,1.6700001
2025-09-08 10:24:12.850001 +00:00,38,2.858,1.531
2025-09-10 07:15:35.062001 +00:00,37,1.618,1.648
2026-05-06 08:42:41.288001 +00:00,37,2.75,1.756
2026-05-06 08:42:41.288001 +00:00,37,2.04,1.756
2025-09-03 08:13:47.456001 +00:00,37,3.681,4.363
2025-09-03 08:13:47.456001 +00:00,37,2.536,4.363
2025-09-11 13:39:46.285001 +00:00,37,1.773,2.608
2025-09-10 07:15:35.062001 +00:00,37,1.544,1.648
2025-09-08 08:27:10.700001 +00:00,37,1.787,7.768
2025-09-03 06:58:15.683001 +00:00,37,2.176,2.48
2026-05-06 08:41:42.728001 +00:00,37,1.3640001,1.494
2025-10-03 09:43:24.072001 +00:00,37,1.614,1.5389999
2025-10-03 09:43:24.072001 +00:00,37,1.606,1.5389999
2025-09-03 08:12:47.249001 +00:00,37,2.536,1.7800001
2025-10-03 09:43:04.881001 +00:00,37,1.9020001,1.7409999
2025-09-10 09:04:39.606001 +00:00,37,6.386,4.9430003
2025-09-04 08:13:20.253001 +00:00,37,1.76,2.091
2026-01-22 15:46:19.457001 +00:00,37,16.454,5.147
2025-09-11 13:32:56.410001 +00:00,37,,
2025-10-03 09:44:28.521001 +00:00,37,1.548,4.9760003
2026-03-02 13:34:53.890001 +00:00,37,4.967,1.623
2025-09-03 10:14:20.307001 +00:00,37,1.555,1.6899999
2025-09-04 07:17:16.027001 +00:00,37,1.672,1.846
2026-05-06 08:42:19.029001 +00:00,37,3.628,1.6159999
2025-09-05 12:49:46.109001 +00:00,37,7.8389997,11.649
2026-01-22 15:58:30.139001 +00:00,37,7.9460006,5.147
2025-09-10 10:58:12.613001 +00:00,37,2.39,3.878
2026-01-22 15:58:30.139001 +00:00,37,2.7050002,5.147
2025-09-03 08:47:28.209001 +00:00,37,1.806,1.717
2025-09-10 08:28:48.986001 +00:00,37,1.871,1.886
2025-09-04 07:16:56.011001 +00:00,37,1.607,4.393
2025-09-10 10:57:38.446001 +00:00,37,1.77,1.931
2025-09-10 10:12:31.132001 +00:00,37,1.6589999,1.689
2025-09-10 10:13:08.299001 +00:00,37,1.6589999,1.64
2025-10-03 09:44:28.520001 +00:00,36,1.521,4.9760003
2025-09-04 08:13:20.252001 +00:00,36,8.603,2.091
2026-01-22 15:46:19.456001 +00:00,36,7.315,5.147
2025-09-05 12:50:42.958001 +00:00,36,2.391,13.58
2025-09-04 07:18:03.120001 +00:00,36,8.488,1.571
2025-09-05 12:02:20.348001 +00:00,36,2.954,4.9100003
2026-03-03 06:07:25.205001 +00:00,36,4.346,1.376
2026-01-22 15:48:20.056001 +00:00,36,7.9460006,5.147
2025-09-03 10:14:20.306001 +00:00,36,2.259,1.6899999
2025-09-03 10:14:20.306001 +00:00,36,2.269,1.6899999
2026-03-02 13:34:53.889001 +00:00,36,2.088,1.623
2025-09-04 08:14:46.483001 +00:00,36,7.89,7.1809998
2025-10-03 11:13:02.780001 +00:00,36,,
2025-10-03 11:13:02.780001 +00:00,36,,
2025-09-05 11:46:46.370001 +00:00,36,7.165,7.724
2026-05-06 08:42:19.028001 +00:00,36,1.3640001,1.6159999
2025-09-03 11:00:20.900001 +00:00,36,11.508,2.024
2025-09-03 11:00:20.900001 +00:00,36,1.837,2.024
2025-09-10 10:57:22.152001 +00:00,36,1.548,1.76
2025-09-10 10:13:08.298001 +00:00,36,1.687,1.64
2026-01-22 15:48:20.056001 +00:00,36,7.315,5.147
2026-05-06 08:41:42.727001 +00:00,36,1.667,1.494
2026-05-06 08:41:42.727001 +00:00,36,2.04,1.494
2026-05-06 08:41:42.727001 +00:00,36,11.898,1.494
2026-05-06 08:41:42.727001 +00:00,36,2.75,1.494
2026-01-22 15:58:30.138001 +00:00,36,5.3719997,5.147
2025-09-10 09:03:37.169001 +00:00,36,5.363,1.875
2025-09-03 08:46:23.418001 +00:00,36,1.529,1.6700001
2025-09-10 09:04:39.605001 +00:00,36,1.628,4.9430003
2025-09-10 10:57:38.445001 +00:00,36,1.65,1.931
2026-05-06 08:42:41.287001 +00:00,36,1.505,1.756
2025-09-08 08:27:28.097001 +00:00,36,13.761,1.787
2026-05-06 08:41:42.727001 +00:00,36,1.505,1.494
2025-09-03 06:58:15.682001 +00:00,36,2.1569998,2.48
2025-09-05 11:46:46.370001 +00:00,36,1.956,7.724
2025-10-03 09:43:24.071001 +00:00,36,7.3910003,1.5389999
2026-03-03 06:07:25.205001 +00:00,36,1.806,1.376
2025-09-10 08:29:11.906001 +00:00,36,1.63,1.774
2025-09-10 07:14:23.004001 +00:00,36,20.33,2.8109999
2026-05-06 08:42:41.287001 +00:00,36,11.898,1.756
2026-05-06 08:42:41.287001 +00:00,36,1.667,1.756
2026-03-03 06:07:25.205001 +00:00,36,1.4100001,1.376
2025-09-03 08:46:50.335001 +00:00,36,2.376,7.268
2026-01-22 15:46:19.456001 +00:00,36,7.9460006,5.147
2025-09-10 07:14:23.003001 +00:00,35,1.704,2.8109999
2025-09-03 08:46:23.417001 +00:00,35,1.953,1.6700001
2026-05-06 08:41:42.726001 +00:00,35,1.537,1.494
2025-09-11 13:32:44.759001 +00:00,35,,
2025-09-10 07:14:42.388001 +00:00,35,1.701,1.643
2025-09-05 11:46:46.369001 +00:00,35,2.24,7.724
2025-09-11 13:39:46.283001 +00:00,35,1.949,2.608
2025-09-11 13:40:12.928001 +00:00,35,7.313,2.471
2025-10-03 09:43:04.879001 +00:00,35,1.556,1.7409999
2025-09-05 11:47:29.890001 +00:00,35,1.583,5.509
2025-09-04 08:13:20.251001 +00:00,35,7.1809998,2.091
2026-05-06 08:42:19.027001 +00:00,35,1.667,1.6159999
2025-09-10 10:12:31.130001 +00:00,35,1.737,1.689
2025-10-03 09:44:28.519001 +00:00,35,1.698,4.9760003
2025-10-03 09:44:28.519001 +00:00,35,1.556,4.9760003
2025-10-03 09:44:28.519001 +00:00,35,1.715,4.9760003
2025-10-03 09:44:28.519001 +00:00,35,1.708,4.9760003
2026-05-06 08:42:19.027001 +00:00,35,2.75,1.6159999
2026-05-06 08:42:19.027001 +00:00,35,1.505,1.6159999
2025-09-03 06:58:25.164001 +00:00,35,1.722,1.816
2025-09-03 06:58:25.164001 +00:00,35,1.7409999,1.816
2025-09-08 10:22:50.972001 +00:00,35,5.1330004,2.596
2025-09-08 10:22:50.972001 +00:00,35,2.237,2.596
2025-09-03 10:14:20.305001 +00:00,35,2.607,1.6899999
2025-10-03 11:13:02.779001 +00:00,35,,
2026-03-03 06:07:25.204001 +00:00,35,9.655,1.376
2026-03-03 06:07:25.204001 +00:00,35,1.526,1.376
2026-03-03 06:07:25.204001 +00:00,35,1.576,1.376
2026-03-03 06:07:25.204001 +00:00,35,1.521,1.376
2026-03-02 13:34:53.888001 +00:00,35,1.638,1.623
2025-09-08 08:27:28.096001 +00:00,35,1.711,1.787
2025-09-03 10:14:44.384001 +00:00,35,8.181,2.0049999
2026-01-22 15:58:30.137001 +00:00,35,11.784,5.147
2025-09-10 08:29:11.905001 +00:00,35,1.573,1.774
2026-01-22 15:48:20.055001 +00:00,35,5.3719997,5.147
2026-01-22 15:48:20.055001 +00:00,35,3.082,5.147
2025-09-10 08:00:56.234001 +00:00,35,1.47,2.651
2025-09-04 07:17:16.025001 +00:00,35,2.18,1.846
2025-09-04 07:17:16.025001 +00:00,35,6.65,1.846
2025-09-04 07:17:16.025001 +00:00,35,5.224,1.846
2026-05-06 08:42:41.286001 +00:00,35,1.6309999,1.756
2025-12-17 13:32:16.558001 +00:00,35,,
2025-09-08 08:28:03.193001 +00:00,35,9.343,4.9589996
2025-09-04 07:16:56.009001 +00:00,35,1.666,4.393
2025-09-10 09:03:37.168001 +00:00,35,1.66,1.875
2025-09-11 13:32:44.758001 +00:00,34,,
2025-09-10 06:49:28.335001 +00:00,34,1.9120001,7.127
2025-09-05 11:47:29.889001 +00:00,34,1.7160001,5.509
2025-09-03 08:12:47.246001 +00:00,34,1.7620001,1.7800001
2025-10-03 11:13:02.778001 +00:00,34,,
2026-05-06 08:42:41.285001 +00:00,34,1.693,1.756
2026-05-06 08:42:41.285001 +00:00,34,1.696,1.756
2026-05-06 08:42:41.285001 +00:00,34,1.926,1.756
2025-09-08 10:25:22.900001 +00:00,34,1.8759999,4.9319997
2025-09-10 07:14:42.387001 +00:00,34,1.527,1.643
2025-09-10 06:49:38.097001 +00:00,34,3.437,1.725
2025-09-10 08:00:56.233001 +00:00,34,1.648,2.651
2025-09-05 11:47:29.889001 +00:00,34,6.606,5.509
2026-01-22 15:46:19.454001 +00:00,34,5.3719997,5.147
2025-09-10 08:00:56.233001 +00:00,34,1.573,2.651
2025-09-10 06:49:38.097001 +00:00,34,4.4979997,1.725
2025-09-05 11:47:29.889001 +00:00,34,1.886,5.509
2025-09-04 08:14:46.481001 +00:00,34,1.583,7.1809998
2025-09-03 08:12:11.908001 +00:00,34,2.536,1.8100001
2026-03-03 06:07:25.203001 +00:00,34,1.652,1.376
2025-09-10 09:03:37.167001 +00:00,34,2.135,1.875
2025-09-10 09:03:37.167001 +00:00,34,2.445,1.875
2025-09-03 08:46:23.416001 +00:00,34,1.8690001,1.6700001
2025-09-08 10:24:28.032001 +00:00,34,5.145,3.5649998
2025-09-03 11:00:20.898001 +00:00,34,1.6899999,2.024
2025-09-10 10:12:31.129001 +00:00,34,1.866,1.689
2025-09-10 08:29:41.715001 +00:00,34,1.9690001,1.707
2025-09-08 10:24:12.846001 +00:00,34,4.9319997,1.531
2025-09-08 10:24:12.846001 +00:00,34,7.731,1.531
2026-01-22 15:58:30.136001 +00:00,34,7.838,5.147
2025-09-10 07:14:23.002001 +00:00,34,1.798,2.8109999
2026-01-22 15:58:30.136001 +00:00,34,13.342999,5.147
2025-09-03 06:58:25.163001 +00:00,34,1.594,1.816
2026-05-06 08:42:19.026001 +00:00,34,1.537,1.6159999
2025-09-08 10:22:50.971001 +00:00,34,1.861,2.596
2025-09-05 11:46:46.368001 +00:00,34,1.721,7.724
2025-09-03 11:00:20.898001 +00:00,34,1.7160001,2.024
2025-10-03 09:43:24.068001 +00:00,33,1.548,1.5389999
2025-10-03 11:13:02.777001 +00:00,33,,
2025-09-10 08:29:41.714001 +00:00,33,3.633,1.707
2025-09-03 11:00:20.897001 +00:00,33,2.105,2.024
2026-05-06 08:41:42.724001 +00:00,33,1.693,1.494
2026-05-06 08:41:42.724001 +00:00,33,,1.494
2025-09-08 10:24:12.845001 +00:00,33,8.317,1.531
2026-05-06 08:41:42.724001 +00:00,33,1.926,1.494
2025-09-08 10:24:12.845001 +00:00,33,13.031,1.531
2026-05-06 08:41:42.724001 +00:00,33,1.696,1.494
2025-09-03 06:58:25.162001 +00:00,33,1.687,1.816
2025-09-03 06:58:25.162001 +00:00,33,1.604,1.816
2025-09-08 08:28:03.191001 +00:00,33,6.4110003,4.9589996
2025-09-03 08:13:47.452001 +00:00,33,1.798,4.363
2025-09-03 10:15:23.653001 +00:00,33,2.0049999,3.943
2026-01-22 15:46:19.453001 +00:00,33,13.342999,5.147
2026-05-06 08:42:41.284001 +00:00,33,,1.756
2026-01-22 15:48:20.053001 +00:00,33,2.7050002,5.147
2026-01-22 15:48:20.053001 +00:00,33,13.342999,5.147
2025-09-10 06:49:38.096001 +00:00,33,1.798,1.725
2025-09-03 08:12:47.245001 +00:00,33,2.263,1.7800001
2025-09-03 08:12:47.245001 +00:00,33,7.336,1.7800001
2025-09-10 09:04:39.602001 +00:00,33,1.717,4.9430003
2026-05-06 08:42:19.025001 +00:00,33,1.6309999,1.6159999
2025-09-03 10:14:20.303001 +00:00,33,8.55,1.6899999
2025-09-04 08:13:43.912001 +00:00,33,1.998,8.603
2026-05-06 08:42:19.025001 +00:00,33,1.696,1.6159999
2025-09-04 08:13:20.249001 +00:00,33,1.992,2.091
2025-09-04 08:13:20.249001 +00:00,33,3.817,2.091
2025-09-08 10:24:12.845001 +00:00,33,2.69,1.531
2025-09-05 11:47:29.888001 +00:00,33,1.718,5.509
2025-09-03 08:47:28.205001 +00:00,33,1.965,1.717
2025-09-03 08:47:28.205001 +00:00,33,1.66,1.717
2026-03-02 13:34:53.886001 +00:00,33,5.491,1.623
2025-09-10 08:29:41.714001 +00:00,33,1.65,1.707
2025-09-10 10:12:08.376001 +00:00,33,1.7190001,1.648
2025-09-10 07:15:35.058001 +00:00,33,2.34,1.648
2026-03-03 06:07:25.202001 +00:00,33,1.3670001,1.376
2025-09-04 07:18:03.117001 +00:00,33,6.6920004,1.571
2025-09-04 07:18:03.117001 +00:00,33,2.053,1.571
2025-09-10 10:12:08.375001 +00:00,32,3.2889998,1.648
2026-01-22 15:58:30.134001 +00:00,32,10.2300005,5.147
2026-01-22 15:58:30.134001 +00:00,32,2.1820002,5.147
2025-09-10 10:12:08.375001 +00:00,32,1.668,1.648
2026-01-22 15:58:30.134001 +00:00,32,2.595,5.147
2025-09-10 06:49:38.095001 +00:00,32,2.192,1.725
2025-09-05 12:50:05.553001 +00:00,32,12.202999,2.8999999
2025-09-05 12:50:05.553001 +00:00,32,13.58,2.8999999
2025-09-04 07:18:03.116001 +00:00,32,4.393,1.571
2025-09-11 13:32:44.756001 +00:00,32,,
2026-05-06 08:42:19.024001 +00:00,32,1.693,1.6159999
2025-09-11 13:39:46.280001 +00:00,32,1.577,2.608
2025-09-10 08:29:11.902001 +00:00,32,3.276,1.774
2025-09-04 07:17:16.022001 +00:00,32,3.166,1.846
2025-09-05 12:02:20.344001 +00:00,32,1.866,4.9100003
2026-05-06 08:42:41.283001 +00:00,32,2.4880002,1.756
2025-09-11 13:32:56.405001 +00:00,32,,
2025-09-05 11:46:25.029001 +00:00,32,1.767,1.832
2026-01-22 15:46:19.452001 +00:00,32,2.7050002,5.147
2025-09-10 08:00:56.231001 +00:00,32,1.7770001,2.651
2026-01-22 15:48:20.052001 +00:00,32,11.346001,5.147
2026-03-03 06:07:25.201001 +00:00,32,9.63,1.376
2025-09-10 10:12:31.127001 +00:00,32,1.7839999,1.689
2025-09-03 06:58:15.678001 +00:00,32,7.3799996,2.48
2025-09-03 10:14:44.381001 +00:00,32,3.6520002,2.0049999
2026-05-06 08:42:19.024001 +00:00,32,1.926,1.6159999
2026-05-06 08:42:19.024001 +00:00,32,,1.6159999
2025-09-03 08:13:47.451001 +00:00,32,7.336,4.363
2026-03-02 13:34:53.885001 +00:00,32,3.593,1.623
2026-05-06 08:41:42.723001 +00:00,32,2.4880002,1.494
2025-09-10 09:04:39.601001 +00:00,32,1.667,4.9430003
2025-09-10 09:04:39.601001 +00:00,32,1.5519999,4.9430003
2025-09-04 08:14:46.479001 +00:00,32,1.8119999,7.1809998
2025-09-04 07:16:56.006001 +00:00,32,1.8269999,4.393
2025-09-10 10:13:08.294001 +00:00,32,1.507,1.64
2025-09-05 11:46:46.366001 +00:00,32,1.704,7.724
2025-09-03 06:58:25.161001 +00:00,32,7.3799996,1.816
2025-09-03 08:46:50.330001 +00:00,31,1.591,7.268
2025-09-10 10:12:31.126001 +00:00,31,1.821,1.689
2025-09-05 12:02:20.343001 +00:00,31,1.941,4.9100003
2025-09-05 12:02:20.343001 +00:00,31,1.7160001,4.9100003
2026-05-06 08:42:19.023001 +00:00,31,2.4880002,1.6159999
2025-09-03 10:14:20.301001 +00:00,31,1.66,1.6899999
2025-09-10 08:29:11.901001 +00:00,31,1.58,1.774
2025-09-10 08:29:11.901001 +00:00,31,1.662,1.774
2025-10-03 11:13:02.775001 +00:00,31,,
2025-09-03 08:12:11.905001 +00:00,31,7.336,1.8100001
2025-09-10 10:13:08.293001 +00:00,31,1.605,1.64
2026-03-03 06:07:25.200001 +00:00,31,7.34,1.376
2025-10-03 09:43:04.875001 +00:00,31,1.564,1.7409999
2025-09-05 12:50:05.552001 +00:00,31,1.911,2.8999999
2025-09-08 10:24:28.029001 +00:00,31,2.237,3.5649998
2025-09-03 10:14:44.380001 +00:00,31,1.679,2.0049999
2026-03-02 13:34:53.884001 +00:00,31,6.705,1.623
2026-03-02 13:34:53.884001 +00:00,31,1.512,1.623
2025-09-04 08:14:46.478001 +00:00,31,1.998,7.1809998
2025-09-03 08:12:47.243001 +00:00,31,1.7160001,1.7800001
2025-09-03 08:12:47.243001 +00:00,31,1.807,1.7800001
2025-09-10 09:04:39.600001 +00:00,31,1.728,4.9430003
2025-09-10 10:57:22.147001 +00:00,31,1.597,1.76
2025-09-08 10:25:22.897001 +00:00,31,3.905,4.9319997
2025-09-08 10:25:22.897001 +00:00,31,2.715,4.9319997
2026-01-22 15:48:20.051001 +00:00,31,2.1820002,5.147
2026-01-22 15:48:20.051001 +00:00,31,12.015,5.147
2026-01-22 15:48:20.051001 +00:00,31,10.2300005,5.147
2025-09-05 11:46:25.028001 +00:00,31,1.672,1.832
2026-01-22 15:46:19.451001 +00:00,31,11.346001,5.147
2026-01-22 15:46:19.451001 +00:00,31,10.2300005,5.147
2025-09-03 08:13:47.450001 +00:00,31,2.4689999,4.363
2025-12-17 13:32:16.554001 +00:00,31,,
2025-09-11 13:32:44.755001 +00:00,31,,
2025-09-04 07:16:56.005001 +00:00,31,7.803,4.393
2026-05-06 08:41:42.722001 +00:00,31,1.492,1.494
2025-09-03 11:00:20.895001 +00:00,31,2.269,2.024
2025-10-03 09:44:28.515001 +00:00,31,6.459,4.9760003
2025-09-10 10:58:12.606001 +00:00,30,1.65,3.878
2025-10-03 09:44:28.514001 +00:00,30,36.933002,4.9760003
2025-09-04 07:18:03.114001 +00:00,30,6.65,1.571
2025-10-03 09:44:28.514001 +00:00,30,1.9769999,4.9760003
2025-09-10 10:13:08.292001 +00:00,30,1.864,1.64
2025-09-10 10:12:31.125001 +00:00,30,1.618,1.689
2025-09-03 06:58:25.159001 +00:00,30,1.664,1.816
2025-09-10 08:00:56.229001 +00:00,30,1.747,2.651
2026-01-22 15:48:20.050001 +00:00,30,6.701,5.147
2026-01-22 15:58:30.132001 +00:00,30,10.275,5.147
2026-01-22 15:46:19.450001 +00:00,30,7.838,5.147
2026-01-22 15:58:30.132001 +00:00,30,6.701,5.147
2025-09-10 08:28:48.979001 +00:00,30,1.824,1.886
2025-09-10 08:29:11.900001 +00:00,30,2.1899998,1.774
2026-01-22 15:46:19.450001 +00:00,30,12.015,5.147
2025-09-05 11:46:46.364001 +00:00,30,2.2740002,7.724
2025-09-10 06:49:38.093001 +00:00,30,4.493,1.725
2025-09-08 08:27:10.693001 +00:00,30,1.776,7.768
2025-09-11 13:32:44.754001 +00:00,30,,
2025-09-10 06:49:38.093001 +00:00,30,1.713,1.725
2025-09-03 06:58:25.159001 +00:00,30,2.221,1.816
2025-09-05 12:50:42.952001 +00:00,30,5.3719997,13.58
2025-09-11 13:32:44.754001 +00:00,30,,
2025-09-10 07:14:42.383001 +00:00,30,3.0509999,1.643
2025-09-10 10:57:38.439001 +00:00,30,1.5350001,1.931
2025-09-08 10:24:28.028001 +00:00,30,1.702,3.5649998
2026-03-02 13:34:53.883001 +00:00,30,1.648,1.623
2026-03-02 13:34:53.883001 +00:00,30,2.011,1.623
2025-09-05 12:50:42.952001 +00:00,30,7.7860003,13.58
2025-09-05 12:50:05.550001 +00:00,29,2.6759999,2.8999999
2025-09-03 08:12:11.903001 +00:00,29,1.807,1.8100001
2025-09-03 08:12:11.903001 +00:00,29,2.4689999,1.8100001
2025-10-03 11:13:02.773001 +00:00,29,,
2026-03-02 13:34:53.882001 +00:00,29,1.625,1.623
2026-03-02 13:34:53.882001 +00:00,29,1.91,1.623
2025-09-04 07:16:56.003001 +00:00,29,5.252,4.393
2025-09-10 06:49:38.092001 +00:00,29,2.0089998,1.725
2025-09-11 13:32:44.753001 +00:00,29,,
2026-01-22 15:48:20.049001 +00:00,29,2.595,5.147
2025-09-05 11:46:46.363001 +00:00,29,1.8050001,7.724
2026-03-03 06:07:25.198001 +00:00,29,2.7749999,1.376
2025-09-03 08:46:23.411001 +00:00,29,1.6730001,1.6700001
2025-09-10 06:49:28.330001 +00:00,29,4.4979997,7.127
2026-03-03 06:07:25.198001 +00:00,29,8.664,1.376
2025-09-05 11:47:29.884001 +00:00,29,13.061,5.509
2025-09-10 07:14:42.382001 +00:00,29,1.6949999,1.643
2025-10-03 11:13:02.773001 +00:00,29,,
2025-09-03 08:13:47.448001 +00:00,29,1.641,4.363
2025-09-05 11:46:25.026001 +00:00,29,1.898,1.832
2025-09-10 10:57:22.145001 +00:00,29,4.466,1.76
2025-09-03 08:12:47.241001 +00:00,29,1.641,1.7800001
2026-01-22 15:46:19.449001 +00:00,29,6.701,5.147
2025-09-03 08:46:23.411001 +00:00,29,1.647,1.6700001
2025-09-08 10:22:50.966001 +00:00,29,1.764,2.596
2025-10-03 11:13:02.773001 +00:00,29,,
2025-10-03 11:13:02.773001 +00:00,29,,
2025-10-03 09:43:24.064001 +00:00,29,1.599,1.5389999
2025-09-10 08:28:48.978001 +00:00,29,1.537,1.886
2025-09-10 10:12:31.124001 +00:00,29,7.269,1.689
2025-09-10 08:29:11.899001 +00:00,29,1.597,1.774
2025-09-03 08:46:23.411001 +00:00,29,2.161,1.6700001
2025-09-08 10:24:12.841001 +00:00,29,4.744,1.531
2026-01-22 15:48:20.049001 +00:00,29,12.63,5.147
2025-09-03 08:46:23.411001 +00:00,29,2.224,1.6700001
2025-09-08 10:24:12.841001 +00:00,29,3.145,1.531
2026-05-06 08:42:19.020001 +00:00,28,1.589,1.6159999
2025-10-03 11:13:02.772001 +00:00,28,,
2025-10-03 09:43:24.063001 +00:00,28,1.747,1.5389999
2025-09-04 08:14:46.475001 +00:00,28,1.632,7.1809998
2026-05-06 08:42:41.279001 +00:00,28,2.133,1.756
2025-09-11 13:39:46.276001 +00:00,28,8.521,2.608
2025-12-17 13:32:16.551001 +00:00,28,,
2026-05-06 08:42:41.279001 +00:00,28,11.643,1.756
2026-05-06 08:42:41.279001 +00:00,28,2.619,1.756
2026-01-22 15:46:19.448001 +00:00,28,11.784,5.147
2026-01-22 15:46:19.448001 +00:00,28,12.63,5.147
2025-10-03 11:13:02.772001 +00:00,28,,
2025-10-03 11:13:02.772001 +00:00,28,,
2025-09-10 10:13:08.290001 +00:00,28,2.184,1.64
2025-09-05 11:46:46.362001 +00:00,28,5.449,7.724
2025-09-05 12:50:05.549001 +00:00,28,12.393,2.8999999
2025-09-05 12:50:05.549001 +00:00,28,4.634,2.8999999
2025-09-03 08:12:11.902001 +00:00,28,1.632,1.8100001
2025-09-10 08:00:06.239001 +00:00,28,7.651,1.628
2025-09-10 07:15:35.053001 +00:00,28,3.1920002,1.648
2025-09-10 07:15:35.053001 +00:00,28,1.622,1.648
2025-09-03 11:00:20.892001 +00:00,28,1.976,2.024
2025-09-03 08:13:47.447001 +00:00,28,5.249,4.363
2025-09-03 11:42:22.644001 +00:00,28,2.7250001,1.717
2025-09-04 08:14:46.475001 +00:00,28,8.500999,7.1809998
2026-01-22 15:48:20.048001 +00:00,28,4.924,5.147
2025-09-05 12:49:46.100001 +00:00,28,4.56,11.649
2025-09-04 08:13:20.244001 +00:00,28,1.9690001,2.091
2025-10-03 11:13:02.772001 +00:00,28,,
2026-01-22 15:58:30.130001 +00:00,28,8.905,5.147
2026-05-06 08:41:42.719001 +00:00,28,2.619,1.494
2025-09-04 08:13:20.244001 +00:00,28,1.713,2.091
2025-09-04 08:14:46.475001 +00:00,28,3.633,7.1809998
2025-09-10 06:49:28.328001 +00:00,27,1.773,7.127
2025-09-03 08:46:23.409001 +00:00,27,2.1520002,1.6700001
2025-09-03 08:13:47.446001 +00:00,27,2.641,4.363
2025-09-03 06:58:25.156001 +00:00,27,1.709,1.816
2025-09-04 07:18:03.111001 +00:00,27,3.166,1.571
2026-01-22 15:48:20.047001 +00:00,27,15.965,5.147
2025-09-04 07:18:03.111001 +00:00,27,1.728,1.571
2025-09-10 08:29:41.708001 +00:00,27,1.874,1.707
2025-09-03 08:47:28.199001 +00:00,27,1.778,1.717
2025-09-10 08:29:41.708001 +00:00,27,1.632,1.707
2025-09-10 08:00:06.238001 +00:00,27,1.702,1.628
2025-10-03 09:44:28.511001 +00:00,27,1.641,4.9760003
2025-09-10 09:03:57.140001 +00:00,27,2.055,7.0270004
2025-09-04 08:13:20.243001 +00:00,27,1.768,2.091
2025-09-10 08:29:41.708001 +00:00,27,1.831,1.707
2025-09-10 08:29:41.708001 +00:00,27,1.538,1.707
2025-09-03 08:13:47.446001 +00:00,27,1.79,4.363
2025-09-04 07:17:16.017001 +00:00,27,1.607,1.846
2026-03-02 13:34:53.880001 +00:00,27,1.5849999,1.623
2025-09-08 08:27:28.088001 +00:00,27,9.343,1.787
2025-09-03 08:46:50.326001 +00:00,27,1.835,7.268
2026-05-06 08:42:19.019001 +00:00,27,2.619,1.6159999
2026-01-22 15:58:30.129001 +00:00,27,10.427,5.147
2025-09-10 07:14:22.995001 +00:00,27,1.701,2.8109999
2025-09-08 10:25:22.893001 +00:00,27,1.832,4.9319997
2025-09-05 12:02:20.339001 +00:00,27,3.578,4.9100003
2025-09-04 08:14:46.474001 +00:00,27,1.819,7.1809998
2025-09-04 08:14:46.474001 +00:00,27,1.618,7.1809998
2025-09-11 13:32:44.751001 +00:00,27,,
2026-05-06 08:41:42.718001 +00:00,27,11.643,1.494
2026-05-06 08:42:19.019001 +00:00,27,2.133,1.6159999
2025-10-03 09:43:04.871001 +00:00,27,1.7030001,1.7409999
2026-01-22 15:46:19.447001 +00:00,27,4.924,5.147
2025-09-11 13:32:44.751001 +00:00,27,,
2025-09-11 13:32:44.751001 +00:00,27,,
2025-09-08 08:27:10.690001 +00:00,27,1.8110001,7.768
2025-09-10 07:14:42.380001 +00:00,27,3.925,1.643
2025-09-03 10:15:23.647001 +00:00,27,11.508,3.943
2025-12-17 13:32:16.550001 +00:00,27,,
2025-09-10 09:03:37.160001 +00:00,27,6.967,1.875
2026-01-22 15:48:20.047001 +00:00,27,10.275,5.147
2025-09-08 10:24:28.025001 +00:00,27,3.67,3.5649998
2025-10-03 09:44:28.511001 +00:00,27,1.942,4.9760003
2026-01-22 15:46:19.446001 +00:00,26,15.965,5.147
2026-05-06 08:42:41.277001 +00:00,26,9.385,1.756
2025-09-05 12:49:46.098001 +00:00,26,4.534,11.649
2026-03-03 06:07:25.195001 +00:00,26,7.056,1.376
2026-03-03 06:07:25.195001 +00:00,26,1.429,1.376
2025-09-03 11:41:45.944001 +00:00,26,2.289,5.493
2025-10-03 09:43:04.870001 +00:00,26,1.515,1.7409999
2025-09-10 10:12:08.369001 +00:00,26,1.605,1.648
2025-09-10 07:15:35.051001 +00:00,26,11.714001,1.648
2025-09-03 11:00:20.890001 +00:00,26,6.594,2.024
2025-09-10 09:03:37.159001 +00:00,26,1.683,1.875
2025-09-10 09:03:37.159001 +00:00,26,1.754,1.875
2025-09-10 09:03:37.159001 +00:00,26,4.837,1.875
2025-09-10 10:57:38.435001 +00:00,26,3.832,1.931
2025-09-04 07:16:56.000001 +00:00,26,7.735,4.393
2026-05-06 08:41:42.717001 +00:00,26,1.521,1.494
2025-09-10 08:00:24.857001 +00:00,26,1.47,1.523
2025-10-03 09:44:28.510001 +00:00,26,1.668,4.9760003
2025-09-10 08:28:48.975001 +00:00,26,1.9769999,1.886
2025-10-03 09:43:24.061001 +00:00,26,2.515,1.5389999
2025-09-10 08:00:24.857001 +00:00,26,1.647,1.523
2025-09-11 13:39:36.439001 +00:00,26,2.608,1.7
2025-09-03 06:58:25.155001 +00:00,26,1.938,1.816
2025-10-03 09:44:28.510001 +00:00,26,1.748,4.9760003
2025-09-03 08:12:47.238001 +00:00,26,11.719,1.7800001
2025-09-03 10:14:20.296001 +00:00,26,7.35,1.6899999
2025-09-03 08:12:47.238001 +00:00,26,1.647,1.7800001
2025-09-10 09:03:57.139001 +00:00,26,1.849,7.0270004
2025-09-08 10:22:50.963001 +00:00,26,2.9229999,2.596
2025-09-03 11:42:22.642001 +00:00,26,5.493,1.717
2026-01-22 15:46:19.446001 +00:00,26,10.275,5.147
2025-09-05 11:47:29.880001 +00:00,25,1.8939999,5.509
2026-05-06 08:42:19.017001 +00:00,25,1.514,1.6159999
2026-03-03 06:07:25.194001 +00:00,25,1.604,1.376
2026-03-03 06:07:25.194001 +00:00,25,2.755,1.376
2025-09-08 08:28:03.183001 +00:00,25,1.729,4.9589996
2026-03-03 06:07:25.194001 +00:00,25,6.971,1.376
2025-09-10 07:15:35.050001 +00:00,25,1.684,1.648
2025-09-03 10:14:44.374001 +00:00,25,4.485,2.0049999
2026-05-06 08:42:19.017001 +00:00,25,1.521,1.6159999
2025-09-10 08:00:06.236001 +00:00,25,4.7260003,1.628
2025-09-03 10:14:44.374001 +00:00,25,7.757,2.0049999
2025-09-10 08:29:11.895001 +00:00,25,3.8240001,1.774
2026-05-06 08:41:42.716001 +00:00,25,1.4629999,1.494
2026-05-06 08:41:42.716001 +00:00,25,1.602,1.494
2026-05-06 08:41:42.716001 +00:00,25,1.514,1.494
2025-09-10 08:29:11.895001 +00:00,25,3.454,1.774
2025-09-11 13:32:56.398001 +00:00,25,,
2025-09-10 10:13:08.287001 +00:00,25,7.231,1.64
2026-01-05 14:32:56.670001 +00:00,25,4.373,9.23
2025-09-10 07:14:42.378001 +00:00,25,2.438,1.643
2025-09-10 08:00:24.856001 +00:00,25,1.864,1.523
2025-10-03 11:13:02.769001 +00:00,25,,
2025-09-04 07:16:55.999001 +00:00,25,5.129,4.393
2026-01-22 15:48:20.045001 +00:00,25,6.8310003,5.147
2026-05-06 08:41:42.716001 +00:00,25,1.689,1.494
2026-03-02 13:34:53.878001 +00:00,25,2.456,1.623
2026-01-22 15:58:30.127001 +00:00,25,3.9280002,5.147
2025-09-08 08:28:03.183001 +00:00,25,1.8410001,4.9589996
2026-05-06 08:42:41.276001 +00:00,25,1.602,1.756
2026-05-06 08:42:41.276001 +00:00,25,1.4629999,1.756
2025-09-10 06:49:28.326001 +00:00,25,1.564,7.127
2025-09-03 08:12:47.237001 +00:00,25,1.595,1.7800001
2025-09-10 06:49:28.326001 +00:00,25,1.51,7.127
2026-05-06 08:41:42.716001 +00:00,25,9.385,1.494
2026-03-02 13:34:53.878001 +00:00,25,1.6309999,1.623
2025-09-03 06:58:25.154001 +00:00,25,2.974,1.816
2026-05-06 08:42:19.017001 +00:00,25,9.385,1.6159999
2025-09-05 12:49:46.097001 +00:00,25,3.658,11.649
2026-03-02 13:34:53.878001 +00:00,25,2.706,1.623
2025-09-10 07:14:42.378001 +00:00,25,7.184,1.643
2025-09-05 11:47:29.880001 +00:00,25,1.7310001,5.509
2026-03-03 06:07:25.194001 +00:00,25,7.231,1.376
2025-10-03 11:13:02.769001 +00:00,25,,
2025-10-03 09:44:28.509001 +00:00,25,1.866,4.9760003
2025-09-05 11:46:25.022001 +00:00,25,1.587,1.832
2025-09-05 12:50:42.947001 +00:00,25,5.526,13.58
2026-03-03 06:07:25.194001 +00:00,25,3.4320002,1.376
2026-03-02 13:34:53.878001 +00:00,25,1.523,1.623
2025-09-10 10:57:38.433001 +00:00,24,1.549,1.931
2025-09-05 11:47:29.879001 +00:00,24,13.969001,5.509
2026-01-22 15:58:30.126001 +00:00,24,2.529,5.147
2026-01-22 15:58:30.126001 +00:00,24,6.51,5.147
2026-01-22 15:58:30.126001 +00:00,24,8.366,5.147
2026-01-22 15:58:30.126001 +00:00,24,4.487,5.147
2025-09-08 10:24:12.836001 +00:00,24,2.237,1.531
2025-09-03 10:14:44.373001 +00:00,24,1.9480001,2.0049999
2025-09-04 07:16:55.998001 +00:00,24,1.5849999,4.393
2025-09-04 07:16:55.998001 +00:00,24,1.867,4.393
2025-09-10 10:57:38.433001 +00:00,24,1.8,1.931
2025-10-03 09:44:28.508001 +00:00,24,1.643,4.9760003
2026-05-06 08:42:41.275001 +00:00,24,3.122,1.756
2025-09-04 08:14:46.471001 +00:00,24,2.096,7.1809998
2025-12-05 16:37:16.683001 +00:00,24,1.923,1.796
2025-09-10 09:04:39.593001 +00:00,24,1.651,4.9430003
2025-09-10 08:29:41.705001 +00:00,24,1.666,1.707
2025-09-10 10:12:31.119001 +00:00,24,1.577,1.689
2025-09-03 08:12:11.898001 +00:00,24,11.719,1.8100001
2026-05-06 08:41:42.715001 +00:00,24,3.122,1.494
2025-09-04 08:13:20.240001 +00:00,24,1.735,2.091
2025-09-05 12:50:05.545001 +00:00,24,1.59,2.8999999
2025-09-10 08:00:06.235001 +00:00,24,1.909,1.628
2026-05-06 08:42:19.016001 +00:00,24,1.4629999,1.6159999
2026-05-06 08:42:41.275001 +00:00,24,1.608,1.756
2026-05-06 08:42:19.016001 +00:00,24,1.689,1.6159999
2025-10-03 11:13:02.768001 +00:00,24,,
2025-09-10 07:14:22.992001 +00:00,24,1.8019999,2.8109999
2025-10-03 09:44:28.508001 +00:00,24,9.271,4.9760003
2025-09-10 07:14:42.377001 +00:00,24,1.726,1.643
2025-09-10 08:28:48.973001 +00:00,24,1.573,1.886
2025-09-10 08:00:24.855001 +00:00,24,1.573,1.523
2025-12-05 16:38:36.723001 +00:00,24,1.923,1.796
2025-09-08 08:27:28.085001 +00:00,24,1.601,1.787
2025-09-10 08:28:48.972001 +00:00,23,2.819,1.886
2025-09-08 10:22:50.960001 +00:00,23,2.273,2.596
2026-03-03 06:07:25.192001 +00:00,23,3.2619998,1.376
2026-03-03 06:07:25.192001 +00:00,23,1.816,1.376
2025-09-10 09:03:57.136001 +00:00,23,1.667,7.0270004
2026-05-06 08:42:19.015001 +00:00,23,1.608,1.6159999
2026-05-06 08:42:19.015001 +00:00,23,3.122,1.6159999
2025-09-03 10:14:20.293001 +00:00,23,5.128,1.6899999
2025-09-03 10:15:23.643001 +00:00,23,5.1219997,3.943
2025-09-08 08:27:10.686001 +00:00,23,1.662,7.768
2025-09-10 08:00:56.222001 +00:00,23,1.756,2.651
2026-03-02 13:34:53.876001 +00:00,23,6.531,1.623
2025-09-03 06:58:25.152001 +00:00,23,1.63,1.816
2025-09-10 07:14:42.376001 +00:00,23,1.519,1.643
2025-09-05 12:02:20.335001 +00:00,23,1.781,4.9100003
2025-09-11 13:32:44.747001 +00:00,23,,
2025-09-04 07:18:03.107001 +00:00,23,1.5569999,1.571
2026-01-22 15:48:20.043001 +00:00,23,13.971,5.147
2026-01-22 15:48:20.043001 +00:00,23,8.905,5.147
2026-05-06 08:42:41.274001 +00:00,23,2.24,1.756
2026-05-06 08:42:41.274001 +00:00,23,1.455,1.756
2025-09-03 10:14:44.372001 +00:00,23,2.1299999,2.0049999
2026-01-22 15:58:30.125001 +00:00,23,9.707,5.147
2026-05-06 08:41:42.714001 +00:00,23,1.608,1.494
2025-09-08 08:28:03.181001 +00:00,23,1.561,4.9589996
2025-09-10 10:12:08.366001 +00:00,23,2.184,1.648
2026-05-06 08:41:42.714001 +00:00,23,1.455,1.494
2026-01-22 15:46:19.443001 +00:00,23,3.9280002,5.147
2025-10-03 09:43:04.867001 +00:00,23,1.779,1.7409999
2025-09-03 08:13:47.442001 +00:00,23,1.608,4.363
2025-09-11 13:32:56.396001 +00:00,23,,
2025-09-10 07:14:42.376001 +00:00,23,3.342,1.643
2025-09-03 06:58:15.669001 +00:00,23,1.9769999,2.48
2025-09-04 07:17:16.012001 +00:00,22,1.8269999,1.846
2025-09-08 10:22:50.959001 +00:00,22,4.106,2.596
2025-09-08 10:22:50.959001 +00:00,22,1.927,2.596
2026-03-03 06:07:25.191001 +00:00,22,1.577,1.376
2026-03-03 06:07:25.191001 +00:00,22,1.785,1.376
2026-05-06 08:42:19.014001 +00:00,22,1.455,1.6159999
2025-09-08 08:27:10.685001 +00:00,22,2.158,7.768
2026-03-02 13:34:53.875001 +00:00,22,1.761,1.623
2025-09-03 08:47:28.194001 +00:00,22,7.598,1.717
2025-10-03 09:43:24.057001 +00:00,22,1.668,1.5389999
2026-01-22 15:58:30.124001 +00:00,22,6.91,5.147
2026-01-22 15:58:30.124001 +00:00,22,1.9499999,5.147
2025-09-11 13:39:36.435001 +00:00,22,13.949,1.7
2025-09-08 10:24:12.834001 +00:00,22,1.796,1.531
2025-09-04 08:13:20.238001 +00:00,22,1.606,2.091
2025-09-04 08:13:20.238001 +00:00,22,1.663,2.091
2025-09-03 10:14:20.292001 +00:00,22,3.046,1.6899999
2025-10-03 09:44:28.506001 +00:00,22,7.322,4.9760003
2026-01-22 15:48:20.042001 +00:00,22,8.366,5.147
2026-05-06 08:41:42.713001 +00:00,22,2.24,1.494
2025-12-17 13:32:16.545001 +00:00,22,,
2025-12-17 13:32:16.545001 +00:00,22,,
2025-09-10 06:49:38.085001 +00:00,22,1.715,1.725
2025-09-11 13:32:44.746001 +00:00,22,,
2025-09-04 07:16:55.996001 +00:00,22,4.9820004,4.393
2025-09-10 10:57:38.431001 +00:00,22,1.536,1.931
2025-09-05 12:02:20.334001 +00:00,22,1.752,4.9100003
2025-09-05 11:46:25.019001 +00:00,22,8.372001,1.832
2025-09-05 11:46:25.019001 +00:00,22,1.865,1.832
2025-09-03 08:46:23.404001 +00:00,22,1.683,1.6700001
2025-09-10 10:13:08.284001 +00:00,22,4.677,1.64
2025-09-03 10:14:20.291001 +00:00,21,7.736,1.6899999
2025-09-10 09:03:37.154001 +00:00,21,3.3509998,1.875
2025-09-05 12:02:20.333001 +00:00,21,7.2200003,4.9100003
2026-01-22 15:48:20.041001 +00:00,21,6.51,5.147
2026-01-22 15:46:19.441001 +00:00,21,8.905,5.147
2025-09-08 08:28:03.179001 +00:00,21,7.784,4.9589996
2025-09-05 11:47:29.876001 +00:00,21,1.779,5.509
2026-05-06 08:42:19.013001 +00:00,21,2.24,1.6159999
2025-09-04 08:14:46.468001 +00:00,21,1.729,7.1809998
2025-09-11 13:32:56.394001 +00:00,21,,
2025-09-03 08:46:50.320001 +00:00,21,1.6570001,7.268
2025-09-04 08:13:43.900001 +00:00,21,1.6919999,8.603
2025-09-03 10:14:44.370001 +00:00,21,2.259,2.0049999
2025-09-03 10:14:44.370001 +00:00,21,2.836,2.0049999
2025-10-03 09:44:28.505001 +00:00,21,1.498,4.9760003
2025-09-03 10:14:44.370001 +00:00,21,6.544,2.0049999
2025-09-08 08:28:03.179001 +00:00,21,7.768,4.9589996
2025-09-08 10:22:50.958001 +00:00,21,3.2259998,2.596
2025-09-11 13:40:12.914001 +00:00,21,2.453,2.471
2025-09-03 10:14:44.370001 +00:00,21,2.269,2.0049999
2025-09-10 08:28:48.970001 +00:00,21,1.608,1.886
2025-09-11 13:32:44.745001 +00:00,21,,
2025-10-03 11:13:02.765001 +00:00,21,,
2025-09-05 12:50:05.542001 +00:00,21,14.427,2.8999999
2025-09-05 12:02:20.333001 +00:00,21,1.809,4.9100003
2026-01-22 15:58:30.123001 +00:00,21,4.266,5.147
2025-10-03 11:13:02.765001 +00:00,21,,
2025-09-08 08:27:10.684001 +00:00,21,1.7199999,7.768
2025-09-10 09:03:37.154001 +00:00,21,1.601,1.875
2026-01-22 15:48:20.040001 +00:00,20,2.529,5.147
2026-03-03 06:07:25.189001 +00:00,20,1.556,1.376
2026-03-03 06:07:25.189001 +00:00,20,1.416,1.376
2025-09-10 08:00:24.851001 +00:00,20,1.747,1.523
2025-10-03 09:44:28.504001 +00:00,20,2.607,4.9760003
2025-09-03 06:58:15.666001 +00:00,20,1.908,2.48
2026-03-02 13:34:53.873001 +00:00,20,2.8049998,1.623
2025-09-10 06:49:38.083001 +00:00,20,2.849,1.725
2025-10-03 11:13:02.764001 +00:00,20,,
2026-01-22 15:46:19.440001 +00:00,20,6.51,5.147
2025-10-03 11:13:02.764001 +00:00,20,,
2025-09-05 11:46:46.354001 +00:00,20,6.332,7.724
2025-09-10 08:29:11.890001 +00:00,20,1.824,1.774
2026-05-06 08:42:41.271001 +00:00,20,8.673,1.756
2025-09-03 08:12:11.894001 +00:00,20,1.883,1.8100001
2025-09-04 08:13:20.236001 +00:00,20,1.709,2.091
2025-09-10 10:58:12.596001 +00:00,20,1.834,3.878
2025-09-04 08:14:46.467001 +00:00,20,1.6919999,7.1809998
2026-05-06 08:42:19.012001 +00:00,20,1.698,1.6159999
2025-09-10 09:04:39.589001 +00:00,20,11.368,4.9430003
2025-09-08 10:24:12.832001 +00:00,20,1.8759999,1.531
2025-09-03 10:15:23.640001 +00:00,20,1.917,3.943
2025-09-05 11:46:25.017001 +00:00,20,1.728,1.832
2025-09-04 08:13:20.236001 +00:00,20,1.742,2.091
2026-01-22 15:58:30.122001 +00:00,20,5.424,5.147
2025-09-08 08:27:10.683001 +00:00,20,1.636,7.768
2025-09-04 07:18:03.104001 +00:00,20,8.217999,1.571
2025-09-04 07:18:03.104001 +00:00,20,1.58,1.571
2026-05-06 08:41:42.711001 +00:00,20,1.698,1.494
2025-10-03 09:43:04.864001 +00:00,20,1.548,1.7409999
2025-09-04 08:13:43.899001 +00:00,20,2.091,8.603
2025-09-10 08:29:11.890001 +00:00,20,2.085,1.774
2025-09-04 08:13:20.236001 +00:00,20,1.724,2.091
2025-09-08 08:27:10.683001 +00:00,20,1.863,7.768
2025-09-04 08:13:43.898001 +00:00,19,1.8939999,8.603
2026-05-06 08:42:19.011001 +00:00,19,8.673,1.6159999
2026-03-03 06:07:25.188001 +00:00,19,1.5040001,1.376
2025-09-08 10:24:12.831001 +00:00,19,4.201,1.531
2025-09-05 12:50:42.941001 +00:00,19,3.474,13.58
2025-10-03 09:43:24.054001 +00:00,19,1.64,1.5389999
2026-05-06 08:41:42.710001 +00:00,19,1.589,1.494
2026-05-06 08:41:42.710001 +00:00,19,8.55,1.494
2025-09-11 13:40:12.912001 +00:00,19,1.712,2.471
2025-09-04 07:16:55.993001 +00:00,19,1.814,4.393
2025-09-10 08:29:11.889001 +00:00,19,2.6430001,1.774
2025-09-03 10:15:23.639001 +00:00,19,1.976,3.943
2025-10-03 11:13:02.763001 +00:00,19,,
2025-09-10 08:00:56.218001 +00:00,19,12.276,2.651
2025-09-10 10:13:08.281001 +00:00,19,3.178,1.64
2026-03-03 06:07:25.188001 +00:00,19,1.4929999,1.376
2026-05-06 08:42:41.270001 +00:00,19,8.55,1.756
2026-05-06 08:42:41.270001 +00:00,19,1.589,1.756
2025-09-04 07:17:16.009001 +00:00,19,1.817,1.846
2025-09-08 10:24:12.831001 +00:00,19,4.085,1.531
2025-09-03 08:12:11.893001 +00:00,19,1.726,1.8100001
2025-09-04 07:18:03.103001 +00:00,19,7.35,1.571
2025-09-04 07:16:55.993001 +00:00,19,2.332,4.393
2026-01-22 15:46:19.439001 +00:00,19,9.707,5.147
2025-09-03 10:14:44.368001 +00:00,19,2.607,2.0049999
2026-01-22 15:46:19.439001 +00:00,19,1.9499999,5.147
2025-09-03 08:12:11.893001 +00:00,19,1.743,1.8100001
2025-09-03 08:13:47.438001 +00:00,19,8.588,4.363
2025-09-03 08:12:11.893001 +00:00,19,2.122,1.8100001
2025-09-10 07:15:35.044001 +00:00,19,1.527,1.648
2025-09-10 07:15:35.044001 +00:00,19,1.6899999,1.648
2026-01-22 15:46:19.439001 +00:00,19,2.529,5.147
2026-03-03 06:07:25.188001 +00:00,19,1.7659999,1.376
2026-01-22 15:46:19.439001 +00:00,19,4.266,5.147
2025-09-10 10:13:08.281001 +00:00,19,5.134,1.64
2025-09-10 08:29:41.699001 +00:00,18,6.632,1.707
2025-09-04 08:14:46.465001 +00:00,18,1.742,7.1809998
2025-09-05 11:46:46.352001 +00:00,18,1.7969999,7.724
2025-09-05 11:46:46.352001 +00:00,18,5.509,7.724
2025-09-11 13:32:56.391001 +00:00,18,,
2026-05-06 08:41:42.709001 +00:00,18,1.5200001,1.494
2026-01-22 15:48:20.038001 +00:00,18,4.487,5.147
2025-09-03 10:14:20.288001 +00:00,18,2.016,1.6899999
2025-09-03 10:14:20.288001 +00:00,18,1.855,1.6899999
2025-09-03 06:58:25.147001 +00:00,18,1.775,1.816
2026-05-06 08:42:41.269001 +00:00,18,1.5200001,1.756
2026-05-06 08:42:41.269001 +00:00,18,7.176,1.756
2026-05-06 08:42:41.269001 +00:00,18,2.6750002,1.756
2026-01-22 15:58:30.120001 +00:00,18,2.0630002,5.147
2026-01-22 15:58:30.120001 +00:00,18,2.878,5.147
2026-01-22 15:58:30.120001 +00:00,18,1.895,5.147
2025-09-05 12:50:42.940001 +00:00,18,3.666,13.58
2025-09-10 08:28:48.967001 +00:00,18,1.555,1.886
2025-09-05 12:50:42.940001 +00:00,18,2.952,13.58
2025-09-03 08:46:50.317001 +00:00,18,1.66,7.268
2025-09-10 08:29:11.888001 +00:00,18,1.538,1.774
2026-03-03 06:07:25.187001 +00:00,18,1.44,1.376
2026-05-06 08:42:19.010001 +00:00,18,1.589,1.6159999
2025-10-03 09:43:24.053001 +00:00,18,7.322,1.5389999
2025-09-11 14:16:19.254001 +00:00,18,,
2026-05-06 08:42:19.010001 +00:00,18,8.55,1.6159999
2026-03-02 13:34:53.871001 +00:00,18,1.497,1.623
2025-09-08 08:27:10.681001 +00:00,18,11.494,7.768
2025-09-05 11:47:29.873001 +00:00,18,7.165,5.509
2025-09-10 09:03:37.151001 +00:00,18,7.499,1.875
2025-09-05 11:46:25.015001 +00:00,18,8.461,1.832
2025-10-03 11:13:02.762001 +00:00,18,,
2025-10-03 09:43:04.862001 +00:00,18,1.556,1.7409999
2025-09-03 08:12:11.892001 +00:00,18,1.6420001,1.8100001
2025-09-10 10:12:08.361001 +00:00,18,1.963,1.648
2025-10-03 11:13:02.762001 +00:00,18,,
2026-05-06 08:41:42.709001 +00:00,18,2.0570002,1.494
2025-09-10 07:14:22.986001 +00:00,18,7.184,2.8109999
2025-09-10 09:03:37.150001 +00:00,17,1.601,1.875
2026-05-06 08:42:19.009001 +00:00,17,7.176,1.6159999
2025-09-10 10:57:22.133001 +00:00,17,1.636,1.76
2025-10-03 09:43:04.861001 +00:00,17,1.863,1.7409999
2026-05-06 08:41:42.708001 +00:00,17,2.6750002,1.494
2025-09-03 08:12:11.891001 +00:00,17,2.25,1.8100001
2025-09-04 08:13:20.233001 +00:00,17,1.849,2.091
2026-05-06 08:42:41.268001 +00:00,17,2.11,1.756
2026-05-06 08:42:41.268001 +00:00,17,1.521,1.756
2025-09-03 06:58:25.146001 +00:00,17,4.924,1.816
2025-09-03 06:58:25.146001 +00:00,17,1.676,1.816
2025-09-10 07:14:42.370001 +00:00,17,7.04,1.643
2025-10-03 09:43:24.052001 +00:00,17,1.466,1.5389999
2025-09-08 08:28:03.175001 +00:00,17,1.5569999,4.9589996
2025-09-03 08:47:28.189001 +00:00,17,3.936,1.717
2025-09-08 10:25:22.883001 +00:00,17,11.54,4.9319997
2025-10-03 09:44:28.501001 +00:00,17,1.6730001,4.9760003
2025-09-03 10:14:20.287001 +00:00,17,1.864,1.6899999
2025-09-08 08:27:10.680001 +00:00,17,3.6869998,7.768
2026-01-22 15:48:20.037001 +00:00,17,6.91,5.147
2025-09-03 06:58:15.663001 +00:00,17,1.775,2.48
2025-09-10 06:49:38.080001 +00:00,17,1.921,1.725
2026-03-02 13:34:53.870001 +00:00,17,2.075,1.623
2025-09-05 12:50:05.538001 +00:00,17,4.534,2.8999999
2025-09-04 07:18:03.101001 +00:00,17,1.8269999,1.571
2026-01-22 15:48:20.037001 +00:00,17,2.878,5.147
2025-12-05 16:37:16.676001 +00:00,17,14.703,1.796
2025-09-05 11:47:29.872001 +00:00,17,1.7650001,5.509
2025-09-03 10:14:44.366001 +00:00,17,7.738,2.0049999
2025-09-03 11:00:20.881001 +00:00,17,2.026,2.024
2025-12-05 16:38:36.716001 +00:00,17,14.703,1.796
2026-05-06 08:42:19.009001 +00:00,17,1.5200001,1.6159999
2025-09-11 13:40:12.910001 +00:00,17,5.892,2.471
2025-09-10 10:12:31.112001 +00:00,17,1.605,1.689
2025-12-05 16:38:36.715001 +00:00,16,2.002,1.796
2025-12-05 16:38:36.715001 +00:00,16,1.941,1.796
2025-12-05 16:38:36.715001 +00:00,16,10.273999,1.796
2025-12-05 16:38:36.715001 +00:00,16,2.286,1.796
2025-12-05 16:38:36.715001 +00:00,16,4.383,1.796
2025-12-05 16:38:36.715001 +00:00,16,1.676,1.796
2025-12-05 16:38:36.715001 +00:00,16,5.572,1.796
2025-12-05 16:38:36.715001 +00:00,16,1.853,1.796
2025-12-05 16:38:36.715001 +00:00,16,4.902,1.796
2026-05-06 08:42:19.008001 +00:00,16,2.11,1.6159999
2025-09-10 10:57:38.425001 +00:00,16,1.599,1.931
2025-09-10 10:57:38.425001 +00:00,16,11.831,1.931
2025-12-17 13:32:16.539001 +00:00,16,,
2026-05-06 08:42:19.008001 +00:00,16,2.6750002,1.6159999
2025-09-03 10:14:44.365001 +00:00,16,2.186,2.0049999
2025-09-03 10:14:20.286001 +00:00,16,1.702,1.6899999
2025-09-05 11:47:29.871001 +00:00,16,1.744,5.509
2025-09-03 08:12:47.228001 +00:00,16,1.88,1.7800001
2025-09-10 06:49:28.317001 +00:00,16,11.684,7.127
2025-09-10 08:00:24.847001 +00:00,16,3.404,1.523
2025-09-10 08:00:24.847001 +00:00,16,1.5519999,1.523
2025-10-03 11:13:02.760001 +00:00,16,,
2025-10-03 11:13:02.760001 +00:00,16,,
2025-09-03 10:14:20.286001 +00:00,16,2.164,1.6899999
2025-09-10 06:49:28.317001 +00:00,16,1.755,7.127
2025-09-10 06:49:28.317001 +00:00,16,1.575,7.127
2026-05-06 08:41:42.707001 +00:00,16,5.3650002,1.494
2026-01-22 15:58:30.118001 +00:00,16,13.4279995,5.147
2026-05-06 08:41:42.707001 +00:00,16,1.529,1.494
2025-09-05 11:46:25.013001 +00:00,16,3.5240002,1.832
2025-09-05 11:46:25.013001 +00:00,16,1.577,1.832
2025-10-03 11:13:02.760001 +00:00,16,,
2025-09-05 12:50:42.938001 +00:00,16,5.032,13.58
2025-09-08 08:27:10.679001 +00:00,16,1.7989999,7.768
2026-05-06 08:42:41.267001 +00:00,16,5.3650002,1.756
2026-05-06 08:41:42.707001 +00:00,16,3.358,1.494
2025-09-03 11:00:20.880001 +00:00,16,2.1299999,2.024
2025-09-10 07:15:35.041001 +00:00,16,1.8019999,1.648
2026-05-06 08:42:41.267001 +00:00,16,1.5,1.756
2026-05-06 08:42:41.267001 +00:00,16,1.529,1.756
2025-10-03 09:43:04.860001 +00:00,16,1.599,1.7409999
2025-09-03 06:58:15.662001 +00:00,16,1.881,2.48
2025-10-03 09:43:04.860001 +00:00,16,4.096,1.7409999
2025-09-03 10:14:20.286001 +00:00,16,2.0049999,1.6899999
2026-01-22 15:46:19.436001 +00:00,16,4.487,5.147
2026-01-22 15:46:19.436001 +00:00,16,2.878,5.147
2025-09-03 10:14:20.286001 +00:00,16,1.7839999,1.6899999
2026-03-03 06:07:25.185001 +00:00,16,1.562,1.376
2025-12-05 16:38:36.715001 +00:00,16,8.756,1.796
2025-12-05 16:38:36.715001 +00:00,16,7.338,1.796
2025-12-05 16:38:36.715001 +00:00,16,1.6309999,1.796
2025-12-05 16:38:36.715001 +00:00,16,9.431,1.796
2025-12-05 16:38:36.715001 +00:00,16,1.647,1.796
2025-12-05 16:38:36.715001 +00:00,16,1.7049999,1.796
2025-12-05 16:38:36.715001 +00:00,16,3.35,1.796
2025-12-05 16:38:36.715001 +00:00,16,1.58,1.796
2025-12-05 16:38:36.715001 +00:00,16,2.177,1.796
2025-12-05 16:38:36.715001 +00:00,16,2.0029998,1.796
2025-12-05 16:38:36.715001 +00:00,16,1.743,1.796
2025-12-05 16:38:36.715001 +00:00,16,12.604,1.796
2025-12-05 16:38:36.715001 +00:00,16,1.537,1.796
2025-12-05 16:38:36.715001 +00:00,16,1.8449999,1.796
2025-12-05 16:38:36.715001 +00:00,16,1.6270001,1.796
2025-12-05 16:38:36.715001 +00:00,16,2.081,1.796
2025-12-05 16:38:36.715001 +00:00,16,1.6899999,1.796
2025-12-05 16:38:36.715001 +00:00,16,20.283,1.796
2025-12-05 16:38:36.715001 +00:00,16,1.9710001,1.796
2025-12-05 16:38:36.715001 +00:00,16,1.855,1.796
2025-12-05 16:38:36.715001 +00:00,16,1.636,1.796
2025-12-05 16:38:36.715001 +00:00,16,1.909,1.796
2025-12-05 16:38:36.715001 +00:00,16,11.438,1.796
2025-12-05 16:38:36.715001 +00:00,16,1.796,1.796
2025-12-05 16:38:36.715001 +00:00,16,1.7199999,1.796
2025-12-05 16:38:36.715001 +00:00,16,1.607,1.796
2025-12-05 16:38:36.715001 +00:00,16,1.519,1.796
2025-09-05 12:50:05.537001 +00:00,16,11.804999,2.8999999
2025-09-05 12:50:05.537001 +00:00,16,3.658,2.8999999
2025-12-05 16:38:36.715001 +00:00,16,14.393,1.796
2025-12-05 16:38:36.715001 +00:00,16,2.361,1.796
2025-12-05 16:38:36.715001 +00:00,16,8.459,1.796
2025-09-11 13:32:44.740001 +00:00,16,,
2025-12-05 16:38:36.715001 +00:00,16,1.755,1.796
2026-03-02 13:34:53.869001 +00:00,16,2.332,1.623
2026-01-22 15:48:20.036001 +00:00,16,1.895,5.147
2025-09-10 10:57:38.425001 +00:00,16,1.597,1.931
2025-12-05 16:38:36.715001 +00:00,16,1.914,1.796
2025-12-05 16:38:36.715001 +00:00,16,2.6529999,1.796
2025-10-03 11:13:02.760001 +00:00,16,,
2025-09-03 08:47:28.188001 +00:00,16,7.7050004,1.717
2025-12-05 16:38:36.715001 +00:00,16,4.713,1.796
2025-12-05 16:38:36.715001 +00:00,16,9.102,1.796
2025-12-05 16:38:36.715001 +00:00,16,6.567,1.796
2025-12-05 16:38:36.715001 +00:00,16,6.543,1.796
2025-12-05 16:38:36.715001 +00:00,16,4.454,1.796
2025-12-05 16:38:36.715001 +00:00,16,1.993,1.796
2025-09-10 08:29:41.696001 +00:00,15,1.54,1.707
2025-09-10 09:03:57.128001 +00:00,15,1.651,7.0270004
2025-09-04 07:18:03.099001 +00:00,15,1.746,1.571
2025-09-04 07:18:03.099001 +00:00,15,1.636,1.571
2025-09-10 08:00:24.846001 +00:00,15,1.65,1.523
2025-09-10 10:12:08.358001 +00:00,15,1.625,1.648
2025-09-10 08:00:06.226001 +00:00,15,4.459,1.628
2025-09-10 07:15:35.040001 +00:00,15,3.102,1.648
2025-09-03 08:47:28.187001 +00:00,15,1.6589999,1.717
2025-09-10 07:14:42.368001 +00:00,15,1.648,1.643
2025-09-10 07:14:42.368001 +00:00,15,1.985,1.643
2025-09-10 06:49:38.078001 +00:00,15,1.75,1.725
2025-09-10 06:49:38.078001 +00:00,15,1.746,1.725
2025-09-05 11:46:25.012001 +00:00,15,6.606,1.832
2025-09-10 06:49:28.316001 +00:00,15,2.849,7.127
2025-09-05 11:46:46.349001 +00:00,15,1.665,7.724
2025-09-08 10:24:28.013001 +00:00,15,4.052,3.5649998
2025-09-08 10:24:28.013001 +00:00,15,3.876,3.5649998
2025-09-08 10:24:12.827001 +00:00,15,3.296,1.531
2025-09-03 06:58:25.144001 +00:00,15,1.831,1.816
2025-10-03 11:13:02.759001 +00:00,15,,
2025-12-05 16:37:16.674001 +00:00,15,1.708,1.796
2025-12-05 16:37:16.674001 +00:00,15,10.359,1.796
2025-12-05 16:37:16.674001 +00:00,15,4.902,1.796
2025-12-05 16:37:16.674001 +00:00,15,1.661,1.796
2025-12-05 16:37:16.674001 +00:00,15,2.3360002,1.796
2025-12-05 16:37:16.674001 +00:00,15,1.853,1.796
2025-12-05 16:37:16.674001 +00:00,15,2.102,1.796
2025-12-05 16:37:16.674001 +00:00,15,1.676,1.796
2025-12-05 16:37:16.674001 +00:00,15,2.286,1.796
2025-12-05 16:37:16.674001 +00:00,15,4.468,1.796
2025-12-05 16:37:16.674001 +00:00,15,1.941,1.796
2025-12-05 16:37:16.674001 +00:00,15,4.874,1.796
2025-12-05 16:37:16.674001 +00:00,15,2.3270001,1.796
2025-12-05 16:37:16.674001 +00:00,15,2.002,1.796
2025-12-05 16:37:16.674001 +00:00,15,1.651,1.796
2025-12-05 16:37:16.674001 +00:00,15,1.993,1.796
2025-12-05 16:37:16.674001 +00:00,15,6.685,1.796
2025-12-05 16:37:16.674001 +00:00,15,4.454,1.796
2025-12-05 16:37:16.674001 +00:00,15,9.358,1.796
2025-12-05 16:37:16.674001 +00:00,15,1.576,1.796
2025-12-05 16:37:16.674001 +00:00,15,6.543,1.796
2025-12-05 16:37:16.674001 +00:00,15,1.942,1.796
2025-12-05 16:37:16.674001 +00:00,15,3.1959999,1.796
2025-12-05 16:37:16.674001 +00:00,15,15.908999,1.796
2025-12-05 16:37:16.674001 +00:00,15,4.5759997,1.796
2025-12-05 16:37:16.674001 +00:00,15,4.713,1.796
2025-12-05 16:37:16.674001 +00:00,15,1.607,1.796
2025-12-05 16:37:16.674001 +00:00,15,1.7199999,1.796
2025-12-05 16:37:16.674001 +00:00,15,1.7190001,1.796
2025-12-05 16:37:16.674001 +00:00,15,1.796,1.796
2025-12-05 16:37:16.674001 +00:00,15,11.438,1.796
2025-12-05 16:37:16.674001 +00:00,15,1.909,1.796
2025-12-05 16:37:16.674001 +00:00,15,1.636,1.796
2025-12-05 16:37:16.674001 +00:00,15,1.855,1.796
2025-12-05 16:37:16.674001 +00:00,15,1.9710001,1.796
2025-12-05 16:37:16.674001 +00:00,15,20.283,1.796
2025-12-05 16:37:16.674001 +00:00,15,7.614,1.796
2025-12-05 16:37:16.674001 +00:00,15,1.6899999,1.796
2025-12-05 16:37:16.674001 +00:00,15,2.081,1.796
2025-12-05 16:37:16.674001 +00:00,15,4.299,1.796
2025-12-05 16:37:16.674001 +00:00,15,1.754,1.796
2025-12-05 16:37:16.674001 +00:00,15,1.6270001,1.796
2025-12-05 16:37:16.674001 +00:00,15,8.897,1.796
2025-12-05 16:37:16.674001 +00:00,15,5.0829997,1.796
2025-12-05 16:37:16.674001 +00:00,15,1.8449999,1.796
2025-12-05 16:37:16.674001 +00:00,15,2.487,1.796
2025-12-05 16:37:16.674001 +00:00,15,1.883,1.796
2025-12-05 16:37:16.674001 +00:00,15,13.368,1.796
2025-12-05 16:37:16.674001 +00:00,15,1.743,1.796
2025-12-05 16:37:16.674001 +00:00,15,2.0029998,1.796
2025-12-05 16:37:16.674001 +00:00,15,1.587,1.796
2025-12-05 16:37:16.674001 +00:00,15,11.941,1.796
2025-12-05 16:37:16.674001 +00:00,15,1.645,1.796
2025-12-05 16:37:16.674001 +00:00,15,1.573,1.796
2025-12-05 16:37:16.674001 +00:00,15,7.1689997,1.796
2025-12-05 16:37:16.674001 +00:00,15,1.9749999,1.796
2025-12-05 16:37:16.674001 +00:00,15,1.7049999,1.796
2025-12-05 16:37:16.674001 +00:00,15,1.647,1.796
2025-12-05 16:37:16.674001 +00:00,15,2.052,1.796
2025-12-05 16:37:16.674001 +00:00,15,9.431,1.796
2025-12-05 16:37:16.674001 +00:00,15,1.6309999,1.796
2025-12-05 16:37:16.674001 +00:00,15,1.572,1.796
2025-12-05 16:37:16.674001 +00:00,15,7.338,1.796
2025-12-05 16:37:16.674001 +00:00,15,8.756,1.796
2025-12-05 16:37:16.674001 +00:00,15,1.519,1.796
2025-12-05 16:37:16.674001 +00:00,15,14.393,1.796
2025-12-05 16:37:16.674001 +00:00,15,2.361,1.796
2025-12-05 16:37:16.674001 +00:00,15,8.459,1.796
2025-12-05 16:37:16.674001 +00:00,15,1.623,1.796
2025-12-05 16:37:16.674001 +00:00,15,1.748,1.796
2025-12-05 16:37:16.674001 +00:00,15,1.575,1.796
2025-12-05 16:37:16.674001 +00:00,15,1.755,1.796
2025-12-05 16:37:16.674001 +00:00,15,2.6529999,1.796
2025-12-05 16:37:16.674001 +00:00,15,12.37,1.796
2025-12-05 16:38:36.714001 +00:00,15,1.708,1.796
2025-12-05 16:38:36.714001 +00:00,15,10.359,1.796
2025-12-05 16:38:36.714001 +00:00,15,2.102,1.796
2025-12-05 16:38:36.714001 +00:00,15,7.7419996,1.796
2025-12-05 16:38:36.714001 +00:00,15,1.77,1.796
2025-12-05 16:38:36.714001 +00:00,15,4.874,1.796
2025-12-05 16:38:36.714001 +00:00,15,2.3270001,1.796
2025-12-05 16:38:36.714001 +00:00,15,1.651,1.796
2025-12-05 16:38:36.714001 +00:00,15,1.576,1.796
2025-12-05 16:38:36.714001 +00:00,15,1.942,1.796
2025-12-05 16:38:36.714001 +00:00,15,1.986,1.796
2025-12-05 16:38:36.714001 +00:00,15,1.7190001,1.796
2025-12-05 16:38:36.714001 +00:00,15,1.754,1.796
2025-12-05 16:38:36.714001 +00:00,15,8.897,1.796
2025-12-05 16:38:36.714001 +00:00,15,5.0829997,1.796
2025-12-05 16:38:36.714001 +00:00,15,7.528,1.796
2025-12-05 16:38:36.714001 +00:00,15,1.883,1.796
2025-12-05 16:38:36.714001 +00:00,15,13.368,1.796
2025-12-05 16:38:36.714001 +00:00,15,11.941,1.796
2025-12-05 16:38:36.714001 +00:00,15,7.1689997,1.796
2025-12-05 16:38:36.714001 +00:00,15,1.9749999,1.796
2025-12-05 16:38:36.714001 +00:00,15,2.052,1.796
2025-12-05 16:38:36.714001 +00:00,15,1.575,1.796
2025-09-08 08:28:03.173001 +00:00,15,7.278,4.9589996
2025-12-17 13:32:16.538001 +00:00,15,,
2026-01-22 15:46:19.435001 +00:00,15,6.91,5.147
2026-01-22 15:46:19.435001 +00:00,15,13.4279995,5.147
2026-01-22 15:46:19.435001 +00:00,15,1.895,5.147
2025-09-05 12:49:46.087001 +00:00,15,1.935,11.649
2026-01-22 15:48:20.035001 +00:00,15,2.0900002,5.147
2026-01-22 15:48:20.035001 +00:00,15,9.12,5.147
2026-01-22 15:48:20.035001 +00:00,15,13.4279995,5.147
2026-01-22 15:48:20.035001 +00:00,15,2.508,5.147
2026-01-22 15:58:30.117001 +00:00,15,2.0900002,5.147
2026-01-22 15:58:30.117001 +00:00,15,9.12,5.147
2026-01-22 15:58:30.117001 +00:00,15,3.6230001,5.147
2026-03-03 06:07:25.184001 +00:00,15,2.293,1.376
2025-09-03 06:58:15.661001 +00:00,15,2.689,2.48
2026-05-06 08:41:42.706001 +00:00,15,1.8870001,1.494
2026-05-06 08:41:42.706001 +00:00,15,10.499,1.494
2026-05-06 08:41:42.706001 +00:00,15,1.5,1.494
2026-05-06 08:42:19.007001 +00:00,15,5.3650002,1.6159999
2026-05-06 08:42:19.007001 +00:00,15,1.5,1.6159999
2026-05-06 08:42:19.007001 +00:00,15,1.529,1.6159999
2026-05-06 08:42:19.007001 +00:00,15,3.358,1.6159999
2026-05-06 08:42:19.007001 +00:00,15,1.521,1.6159999
2026-05-06 08:42:41.266001 +00:00,15,1.8870001,1.756
2026-05-06 08:42:41.266001 +00:00,15,10.499,1.756
2026-01-22 15:48:20.034001 +00:00,14,5.424,5.147
2026-01-22 15:48:20.034001 +00:00,14,7.275,5.147
2026-03-02 13:34:53.867001 +00:00,14,1.456,1.623
2026-01-22 15:58:30.116001 +00:00,14,14.335,5.147
2026-03-02 13:34:53.867001 +00:00,14,2.2770002,1.623
2026-05-06 08:42:19.006001 +00:00,14,10.499,1.6159999
2025-10-03 09:43:04.858001 +00:00,14,1.5320001,1.7409999
2026-05-06 08:41:42.705001 +00:00,14,3.43,1.494
2026-05-06 08:42:19.006001 +00:00,14,1.8870001,1.6159999
2025-09-10 08:00:24.845001 +00:00,14,1.756,1.523
2026-01-22 15:58:30.116001 +00:00,14,29.977999,5.147
2025-10-03 09:44:28.498001 +00:00,14,1.6110001,4.9760003
2025-10-03 09:43:24.049001 +00:00,14,4.756,1.5389999
2025-09-10 06:49:28.315001 +00:00,14,7.762,7.127
2026-01-22 15:46:19.434001 +00:00,14,2.0630002,5.147
2025-09-05 12:49:46.086001 +00:00,14,3.089,11.649
2026-05-06 08:41:42.705001 +00:00,14,3.7159998,1.494
2026-05-06 08:42:41.265001 +00:00,14,3.43,1.756
2025-09-03 10:14:44.363001 +00:00,14,3.943,2.0049999
2025-09-10 10:13:08.276001 +00:00,14,1.615,1.64
2025-09-10 08:29:41.695001 +00:00,14,1.6949999,1.707
2026-01-22 15:46:19.434001 +00:00,14,8.476999,5.147
2025-09-08 10:25:22.880001 +00:00,14,1.531,4.9319997
2025-09-03 06:58:25.143001 +00:00,14,5.0730004,1.816
2025-09-10 08:29:11.884001 +00:00,14,8.9210005,1.774
2026-01-22 15:46:19.434001 +00:00,14,2.508,5.147
2025-09-03 11:00:20.878001 +00:00,14,7.757,2.024
2025-09-05 12:50:05.535001 +00:00,14,5.434,2.8999999
2026-01-22 15:58:30.116001 +00:00,14,6.898,5.147
2025-09-10 10:13:08.276001 +00:00,14,1.689,1.64
2025-09-10 08:29:11.884001 +00:00,14,1.521,1.774
2025-09-03 08:46:23.396001 +00:00,14,1.654,1.6700001
2025-09-08 08:27:10.676001 +00:00,13,8.456,7.768
2026-01-22 15:46:19.433001 +00:00,13,5.424,5.147
2025-09-03 08:12:47.225001 +00:00,13,8.502,1.7800001
2025-09-03 08:12:47.225001 +00:00,13,1.9330001,1.7800001
2025-09-04 07:16:55.987001 +00:00,13,11.731,4.393
2025-09-10 08:00:56.212001 +00:00,13,1.6570001,2.651
2025-09-05 12:02:20.325001 +00:00,13,2.1629999,4.9100003
2026-01-22 15:48:20.033001 +00:00,13,14.335,5.147
2026-01-22 15:46:19.433001 +00:00,13,12.972,5.147
2026-01-22 15:48:20.033001 +00:00,13,12.972,5.147
2026-01-22 15:48:20.033001 +00:00,13,8.541,5.147
2026-01-22 15:58:30.115001 +00:00,13,3.021,5.147
2026-05-06 08:42:41.264001 +00:00,13,1.632,1.756
2025-09-10 08:29:11.883001 +00:00,13,5.092,1.774
2026-01-22 15:58:30.115001 +00:00,13,4.014,5.147
2025-09-10 06:49:28.314001 +00:00,13,1.89,7.127
2026-01-05 15:00:27.116001 +00:00,13,10.808001,10.723001
2026-01-22 15:58:30.115001 +00:00,13,12.972,5.147
2026-05-06 08:42:19.005001 +00:00,13,3.7159998,1.6159999
2026-05-06 08:42:19.005001 +00:00,13,3.43,1.6159999
2025-09-05 12:50:42.935001 +00:00,13,4.568,13.58
2025-09-03 11:00:20.877001 +00:00,13,6.668,2.024
2025-10-03 11:13:02.757001 +00:00,13,,
2025-09-03 06:58:15.659001 +00:00,13,8.559,2.48
2025-09-10 07:14:42.366001 +00:00,13,1.546,1.643
2025-09-05 11:46:46.347001 +00:00,13,1.606,7.724
2025-10-03 09:43:04.857001 +00:00,13,2.138,1.7409999
2025-09-03 08:46:50.312001 +00:00,13,1.75,7.268
2025-10-03 11:13:02.757001 +00:00,13,,
2025-10-03 09:43:04.857001 +00:00,13,1.9769999,1.7409999
2026-05-06 08:41:42.704001 +00:00,13,1.632,1.494
2025-09-10 08:00:24.844001 +00:00,13,1.6700001,1.523
2025-10-03 09:44:28.497001 +00:00,13,1.4890001,4.9760003
2025-09-03 11:00:20.877001 +00:00,13,2.079,2.024
2025-09-03 06:58:25.142001 +00:00,13,13.516,1.816
2025-09-05 11:47:29.868001 +00:00,13,2.2740002,5.509
2025-09-05 12:49:46.085001 +00:00,13,2.572,11.649
2026-01-22 15:46:19.433001 +00:00,13,14.335,5.147
2026-03-02 13:34:53.866001 +00:00,13,1.558,1.623
2025-09-03 11:00:20.877001 +00:00,13,1.66,2.024
2025-12-17 13:32:16.535001 +00:00,12,,
2025-10-03 09:44:28.496001 +00:00,12,1.824,4.9760003
2025-09-08 10:24:12.824001 +00:00,12,8.342,1.531
2025-10-03 09:43:24.047001 +00:00,12,6.644,1.5389999
2025-09-03 06:58:15.658001 +00:00,12,13.516,2.48
2025-09-08 08:28:03.170001 +00:00,12,1.727,4.9589996
2025-09-04 08:14:46.459001 +00:00,12,1.8269999,7.1809998
2025-09-05 12:49:46.084001 +00:00,12,2.952,11.649
2025-09-08 08:28:03.170001 +00:00,12,1.706,4.9589996
2025-09-05 12:49:46.084001 +00:00,12,1.947,11.649
2025-09-03 11:00:20.876001 +00:00,12,2.186,2.024
2025-09-03 11:00:20.876001 +00:00,12,3.187,2.024
2025-09-03 10:14:44.361001 +00:00,12,7.659,2.0049999
2025-09-04 07:16:55.986001 +00:00,12,1.838,4.393
2025-09-04 07:16:55.986001 +00:00,12,8.111,4.393
2025-09-03 10:14:20.282001 +00:00,12,3.784,1.6899999
2026-01-22 15:48:20.032001 +00:00,12,7.568,5.147
2026-01-22 15:48:20.032001 +00:00,12,6.898,5.147
2025-09-03 08:13:47.431001 +00:00,12,1.911,4.363
2026-05-06 08:42:41.263001 +00:00,12,1.662,1.756
2026-05-06 08:42:41.263001 +00:00,12,1.727,1.756
2025-09-04 07:18:03.096001 +00:00,12,1.739,1.571
2026-01-22 15:46:19.432001 +00:00,12,7.568,5.147
2026-01-22 15:46:19.432001 +00:00,12,8.541,5.147
2025-09-10 08:00:56.211001 +00:00,12,3.086,2.651
2025-09-10 10:12:31.107001 +00:00,12,7.231,1.689
2025-09-03 10:15:23.632001 +00:00,12,1.66,3.943
2025-09-08 10:22:50.949001 +00:00,12,1.5999999,2.596
2025-09-05 11:46:46.346001 +00:00,12,1.634,7.724
2025-09-05 11:46:46.346001 +00:00,12,8.372001,7.724
2025-10-03 11:13:02.756001 +00:00,12,,
2025-09-03 06:58:25.141001 +00:00,12,8.461,1.816
2025-09-08 10:24:12.823001 +00:00,11,11.9470005,1.531
2025-09-10 08:29:11.881001 +00:00,11,1.617,1.774
2025-09-03 10:14:20.281001 +00:00,11,7.242,1.6899999
2025-09-08 08:27:28.072001 +00:00,11,1.806,1.787
2025-09-10 08:28:48.960001 +00:00,11,1.604,1.886
2026-03-02 13:34:53.864001 +00:00,11,1.775,1.623
2025-09-08 08:27:10.674001 +00:00,11,1.601,7.768
2025-10-03 09:44:28.495001 +00:00,11,6.823,4.9760003
2025-09-04 07:17:16.001001 +00:00,11,1.666,1.846
2026-03-02 13:34:53.864001 +00:00,11,1.459,1.623
2026-03-02 13:34:53.864001 +00:00,11,1.513,1.623
2025-09-10 09:04:39.580001 +00:00,11,4.524,4.9430003
2025-09-03 10:14:44.360001 +00:00,11,7.35,2.0049999
2025-09-10 08:00:24.842001 +00:00,11,3.633,1.523
2025-09-10 06:49:38.074001 +00:00,11,3.423,1.725
2025-09-10 10:58:12.587001 +00:00,11,11.831,3.878
2025-09-05 12:49:46.083001 +00:00,11,3.666,11.649
2026-03-03 06:07:25.180001 +00:00,11,13.705,1.376
2025-09-03 08:12:47.223001 +00:00,11,1.628,1.7800001
2025-09-05 12:49:46.083001 +00:00,11,5.4199996,11.649
2025-09-05 11:46:46.345001 +00:00,11,1.9749999,7.724
2025-10-03 11:13:02.755001 +00:00,11,,
2025-09-11 13:39:36.424001 +00:00,11,1.773,1.7
2025-09-04 08:14:46.458001 +00:00,11,4.421,7.1809998
2025-09-10 10:57:22.127001 +00:00,11,4.39,1.76
2025-09-04 08:13:20.227001 +00:00,11,8.656,2.091
2026-01-22 15:46:19.431001 +00:00,11,6.898,5.147
2025-09-03 10:14:20.281001 +00:00,11,2.139,1.6899999
2026-01-22 15:58:30.113001 +00:00,11,8.476,5.147
2025-09-11 13:32:44.735001 +00:00,11,,
2025-09-03 06:58:15.657001 +00:00,11,1.656,2.48
2025-09-05 11:47:29.866001 +00:00,11,1.9690001,5.509
2025-09-10 08:00:56.210001 +00:00,11,6.769,2.651
2025-09-10 08:00:56.210001 +00:00,11,6.65,2.651
2026-05-06 08:42:19.003001 +00:00,11,1.727,1.6159999
2025-09-05 11:46:25.008001 +00:00,11,1.6240001,1.832
2026-01-22 15:48:20.030001 +00:00,10,3.021,5.147
2025-09-10 10:13:08.272001 +00:00,10,2.2350001,1.64
2026-05-06 08:42:19.002001 +00:00,10,1.662,1.6159999
2025-09-04 08:14:46.457001 +00:00,10,1.704,7.1809998
2025-09-10 08:00:24.841001 +00:00,10,1.667,1.523
2025-09-10 09:04:39.579001 +00:00,10,1.54,4.9430003
2025-09-05 11:46:25.007001 +00:00,10,13.061,1.832
2025-09-10 10:12:08.353001 +00:00,10,4.031,1.648
2025-09-10 06:49:28.311001 +00:00,10,1.75,7.127
2025-09-11 13:32:56.383001 +00:00,10,,
2025-09-10 08:00:56.209001 +00:00,10,1.754,2.651
2025-09-10 08:00:56.209001 +00:00,10,5.1150002,2.651
2025-09-05 11:46:46.344001 +00:00,10,1.529,7.724
2025-09-03 10:15:23.630001 +00:00,10,7.757,3.943
2025-09-08 10:25:22.876001 +00:00,10,3.492,4.9319997
2025-09-11 13:39:36.423001 +00:00,10,1.448,1.7
2025-10-03 09:43:04.854001 +00:00,10,3.617,1.7409999
2025-10-03 09:43:04.854001 +00:00,10,1.748,1.7409999
2025-09-03 08:12:11.884001 +00:00,10,1.911,1.8100001
2025-10-03 09:43:24.045001 +00:00,10,7.725,1.5389999
2025-10-03 09:43:24.045001 +00:00,10,1.6110001,1.5389999
2025-09-05 12:02:20.322001 +00:00,10,1.756,4.9100003
2025-10-03 11:13:02.754001 +00:00,10,,
2025-09-08 10:22:50.947001 +00:00,10,1.531,2.596
2026-03-03 06:07:25.179001 +00:00,10,1.6459999,1.376
2025-09-03 06:58:15.656001 +00:00,10,1.938,2.48
2026-03-02 13:34:53.863001 +00:00,10,1.572,1.623
2026-03-02 13:34:53.863001 +00:00,10,2.752,1.623
2026-03-02 13:34:53.863001 +00:00,10,1.571,1.623
2025-09-05 12:50:05.531001 +00:00,10,1.758,2.8999999
2025-09-08 08:27:28.071001 +00:00,10,1.6880001,1.787
2026-01-22 15:48:20.030001 +00:00,10,29.977999,5.147
2025-09-10 08:28:48.959001 +00:00,10,1.521,1.886
2025-09-10 09:03:37.143001 +00:00,10,1.822,1.875
2025-09-10 09:03:37.143001 +00:00,10,1.669,1.875
2026-01-22 15:48:20.030001 +00:00,10,4.014,5.147
2025-09-03 11:42:22.626001 +00:00,10,4.4309998,1.717
2026-01-22 15:46:19.430001 +00:00,10,3.6230001,5.147
2026-01-22 15:46:19.430001 +00:00,10,4.042,5.147
2025-09-05 12:49:46.082001 +00:00,10,7.761,11.649
2025-09-10 09:04:39.578001 +00:00,9,1.601,4.9430003
2025-09-04 08:13:43.888001 +00:00,9,1.992,8.603
2025-09-10 10:12:31.104001 +00:00,9,1.663,1.689
2025-09-10 10:57:38.418001 +00:00,9,7.5889997,1.931
2025-12-05 16:37:40.743001 +00:00,9,1.923,1.708
2025-09-03 06:58:15.655001 +00:00,9,3.488,2.48
2025-09-11 13:32:44.733001 +00:00,9,,
2026-01-22 15:58:30.111001 +00:00,9,4.042,5.147
2026-01-22 15:58:30.111001 +00:00,9,22.649,5.147
2025-09-10 10:12:08.352001 +00:00,9,2.3930001,1.648
2025-09-03 11:00:20.873001 +00:00,9,7.35,2.024
2025-10-03 11:13:02.753001 +00:00,9,,
2025-09-10 08:00:24.840001 +00:00,9,12.276,1.523
2026-03-03 06:07:25.178001 +00:00,9,1.689,1.376
2025-10-03 11:13:02.753001 +00:00,9,,
2025-09-05 12:02:20.321001 +00:00,9,2.019,4.9100003
2026-05-06 08:42:41.260001 +00:00,9,1.645,1.756
2025-09-08 10:25:22.875001 +00:00,9,14.276,4.9319997
2025-09-08 10:25:22.875001 +00:00,9,2.49,4.9319997
2026-01-22 15:48:20.029001 +00:00,9,8.476,5.147
2025-12-17 13:32:16.532001 +00:00,9,,
2026-01-22 15:46:19.429001 +00:00,9,4.014,5.147
2025-09-05 11:46:25.006001 +00:00,9,2.967,1.832
2025-10-03 09:43:04.853001 +00:00,9,1.668,1.7409999
2025-09-08 08:28:03.167001 +00:00,9,1.84,4.9589996
2025-10-03 09:44:28.493001 +00:00,9,1.5630001,4.9760003
2025-09-05 12:49:46.081001 +00:00,9,4.785,11.649
2025-09-03 10:15:23.629001 +00:00,9,1.75,3.943
2025-10-03 11:13:02.752001 +00:00,8,,
2025-09-10 07:14:42.361001 +00:00,8,1.787,1.643
2026-05-06 08:42:19.000001 +00:00,8,1.647,1.6159999
2026-03-03 06:07:25.177001 +00:00,8,1.622,1.376
2026-03-03 06:07:25.177001 +00:00,8,1.86,1.376
2026-03-03 06:07:25.177001 +00:00,8,7.191,1.376
2026-03-03 06:07:25.177001 +00:00,8,1.785,1.376
2026-05-06 08:41:42.699001 +00:00,8,1.647,1.494
2025-09-10 08:29:11.878001 +00:00,8,6.632,1.774
2025-09-04 08:13:20.224001 +00:00,8,2.0600002,2.091
2026-03-02 13:34:53.861001 +00:00,8,5.831,1.623
2025-09-05 12:50:05.529001 +00:00,8,8.441,2.8999999
2025-09-03 10:14:20.278001 +00:00,8,7.7089996,1.6899999
2025-09-10 08:00:24.839001 +00:00,8,16.957,1.523
2025-09-10 08:00:56.207001 +00:00,8,1.671,2.651
2025-09-10 08:00:56.207001 +00:00,8,1.515,2.651
2025-09-10 08:00:56.207001 +00:00,8,1.7659999,2.651
2026-05-06 08:42:41.259001 +00:00,8,1.916,1.756
2026-05-06 08:42:41.259001 +00:00,8,1.5699999,1.756
2025-09-10 09:04:39.577001 +00:00,8,1.917,4.9430003
2025-09-05 11:46:25.005001 +00:00,8,1.707,1.832
2026-01-22 15:46:19.428001 +00:00,8,8.476,5.147
2025-09-05 11:46:25.005001 +00:00,8,1.9219999,1.832
2025-09-03 10:14:20.278001 +00:00,8,1.838,1.6899999
2025-09-03 06:58:15.654001 +00:00,8,1.724,2.48
2025-09-05 11:46:25.005001 +00:00,8,1.633,1.832
2025-09-04 07:16:55.982001 +00:00,8,2.479,4.393
2025-09-10 06:49:38.071001 +00:00,8,1.736,1.725
2025-09-10 06:49:38.071001 +00:00,8,2.667,1.725
2025-09-10 07:14:22.976001 +00:00,8,1.6589999,2.8109999
2025-10-03 09:43:24.043001 +00:00,8,1.824,1.5389999
2025-10-03 09:44:28.492001 +00:00,8,1.6769999,4.9760003
2025-10-03 09:44:28.492001 +00:00,8,1.7509999,4.9760003
2025-09-03 08:12:11.882001 +00:00,8,1.628,1.8100001
2025-09-08 10:24:28.006001 +00:00,8,6.9459996,3.5649998
2025-09-05 12:02:20.320001 +00:00,8,1.892,4.9100003
2025-10-03 09:43:04.852001 +00:00,8,9.271,1.7409999
2025-09-11 13:39:36.421001 +00:00,8,11.074,1.7
2025-10-03 11:13:02.752001 +00:00,8,,
2026-05-06 08:41:42.698001 +00:00,7,1.575,1.494
2025-10-03 09:43:24.042001 +00:00,7,2.064,1.5389999
2025-09-08 08:27:10.670001 +00:00,7,7.233,7.768
2025-09-11 13:39:46.255001 +00:00,7,2.453,2.608
2025-09-03 10:14:44.356001 +00:00,7,3.046,2.0049999
2025-09-03 10:14:44.356001 +00:00,7,1.985,2.0049999
2026-05-06 08:41:42.698001 +00:00,7,1.916,1.494
2025-09-08 10:22:50.944001 +00:00,7,1.8729999,2.596
2025-09-10 06:49:38.070001 +00:00,7,1.556,1.725
2025-10-03 11:13:02.751001 +00:00,7,,
2026-05-06 08:41:42.698001 +00:00,7,1.509,1.494
2025-09-10 07:14:22.975001 +00:00,7,1.648,2.8109999
2025-09-10 06:49:28.308001 +00:00,7,2.806,7.127
2025-09-11 13:39:36.420001 +00:00,7,3.825,1.7
2025-09-03 10:14:20.277001 +00:00,7,2.842,1.6899999
2025-09-03 10:15:23.627001 +00:00,7,6.544,3.943
2026-01-22 15:58:30.109001 +00:00,7,8.500999,5.147
2025-09-08 10:22:50.944001 +00:00,7,14.276,2.596
2026-05-06 08:42:41.258001 +00:00,7,1.4009999,1.756
2026-05-06 08:42:41.258001 +00:00,7,1.509,1.756
2026-03-02 13:34:53.860001 +00:00,7,2.329,1.623
2026-03-02 13:34:53.860001 +00:00,7,6.484,1.623
2025-12-17 13:32:16.530001 +00:00,7,,
2025-09-03 08:47:28.179001 +00:00,7,1.648,1.717
2025-09-04 07:17:15.997001 +00:00,7,1.526,1.846
2025-09-10 08:29:11.877001 +00:00,7,1.5500001,1.774
2026-05-06 08:41:42.698001 +00:00,7,1.4009999,1.494
2025-09-03 08:12:47.219001 +00:00,7,5.557,1.7800001
2025-09-10 08:29:41.688001 +00:00,7,1.498,1.707
2025-10-03 09:43:24.042001 +00:00,7,1.5780001,1.5389999
2025-09-04 08:14:46.454001 +00:00,7,3.817,7.1809998
2025-09-03 06:58:25.136001 +00:00,7,10.048,1.816
2026-03-03 06:07:25.176001 +00:00,7,18.060001,1.376
2026-03-03 06:07:25.176001 +00:00,7,1.835,1.376
2025-09-04 08:13:43.885001 +00:00,6,11.382999,8.603
2025-09-03 10:14:44.355001 +00:00,6,7.736,2.0049999
2025-09-04 07:18:03.090001 +00:00,6,1.729,1.571
2025-09-03 10:15:23.626001 +00:00,6,14.051,3.943
2025-09-03 10:15:23.626001 +00:00,6,6.668,3.943
2025-09-10 09:03:37.139001 +00:00,6,1.732,1.875
2025-09-03 11:42:22.622001 +00:00,6,2.289,1.717
2025-09-04 07:16:55.980001 +00:00,6,2.1460001,4.393
2026-01-22 15:48:20.026001 +00:00,6,8.500999,5.147
2025-09-04 07:16:55.980001 +00:00,6,1.835,4.393
2026-01-22 15:58:30.108001 +00:00,6,8.195,5.147
2025-09-08 08:27:28.067001 +00:00,6,5.564,1.787
2026-03-02 13:34:53.859001 +00:00,6,5.4139996,1.623
2026-03-02 13:34:53.859001 +00:00,6,6.0820003,1.623
2026-03-03 06:07:25.175001 +00:00,6,1.511,1.376
2026-03-03 06:07:25.175001 +00:00,6,1.433,1.376
2025-10-03 09:44:28.490001 +00:00,6,1.9020001,4.9760003
2025-09-05 12:02:20.318001 +00:00,6,1.822,4.9100003
2025-09-08 10:24:12.818001 +00:00,6,4.2460003,1.531
2025-10-03 09:43:04.850001 +00:00,6,7.322,1.7409999
2025-09-03 08:12:47.218001 +00:00,6,1.819,1.7800001
2025-09-05 11:46:46.340001 +00:00,6,1.577,7.724
2025-09-03 08:13:47.425001 +00:00,6,7.823,4.363
2025-09-03 08:13:47.425001 +00:00,6,1.655,4.363
2025-09-03 08:13:47.425001 +00:00,6,5.557,4.363
2025-09-03 08:46:23.388001 +00:00,6,1.638,1.6700001
2025-09-05 11:46:25.003001 +00:00,6,8.685,1.832
2025-09-03 08:46:50.305001 +00:00,6,2.161,7.268
2026-05-06 08:42:18.998001 +00:00,6,1.5699999,1.6159999
2026-05-06 08:42:18.998001 +00:00,6,1.509,1.6159999
2025-09-03 08:47:28.178001 +00:00,6,1.9300001,1.717
2025-09-04 08:13:20.222001 +00:00,6,3.633,2.091
2025-09-04 08:13:20.222001 +00:00,6,1.729,2.091
2025-09-10 08:00:06.217001 +00:00,6,1.648,1.628
2025-09-10 08:00:56.204001 +00:00,5,4.7260003,2.651
2025-09-10 08:00:24.836001 +00:00,5,2.3600001,1.523
2025-09-10 08:00:56.204001 +00:00,5,1.5979999,2.651
2025-09-11 13:32:56.378001 +00:00,5,,
2026-01-22 15:58:30.107001 +00:00,5,8.011001,5.147
2025-10-03 09:43:24.040001 +00:00,5,1.7509999,1.5389999
2026-03-03 06:07:25.174001 +00:00,5,1.9779999,1.376
2025-10-03 11:13:02.749001 +00:00,5,,
2025-09-11 13:32:56.378001 +00:00,5,1.68,
2025-09-04 07:17:15.995001 +00:00,5,1.63,1.846
2025-09-10 08:00:56.204001 +00:00,5,7.651,2.651
2025-09-03 10:14:20.275001 +00:00,5,1.819,1.6899999
2025-10-03 11:13:02.749001 +00:00,5,,
2025-09-05 11:46:46.339001 +00:00,5,1.886,7.724
2025-09-10 10:12:31.100001 +00:00,5,1.63,1.689
2025-09-04 08:14:46.452001 +00:00,5,1.85,7.1809998
2025-09-05 11:46:25.002001 +00:00,5,1.9120001,1.832
2025-09-10 09:03:37.138001 +00:00,5,6.35,1.875
2025-09-05 11:46:25.002001 +00:00,5,1.7310001,1.832
2025-09-03 08:46:50.304001 +00:00,5,2.1520002,7.268
2025-09-05 12:02:20.317001 +00:00,5,1.79,4.9100003
2025-09-08 08:27:10.668001 +00:00,5,2.7910001,7.768
2025-09-03 10:14:20.275001 +00:00,5,5.1219997,1.6899999
2025-09-03 08:12:47.217001 +00:00,5,2.383,1.7800001
2025-09-04 07:16:55.979001 +00:00,5,11.308001,4.393
2025-10-03 09:43:24.040001 +00:00,5,1.5630001,1.5389999
2025-09-04 08:13:20.221001 +00:00,5,1.819,2.091
2025-09-10 10:57:38.414001 +00:00,5,3.878,1.931
2025-09-11 13:32:44.729001 +00:00,5,,
2025-09-10 08:29:11.875001 +00:00,5,1.819,1.774
2025-10-03 09:44:28.489001 +00:00,5,1.698,4.9760003
2025-09-05 11:46:25.002001 +00:00,5,13.969001,1.832
2026-03-02 13:34:53.858001 +00:00,5,5.8380003,1.623
2026-03-02 13:34:53.858001 +00:00,5,2.206,1.623
2026-03-02 13:34:53.858001 +00:00,5,1.774,1.623
2025-09-04 08:13:20.221001 +00:00,5,1.667,2.091
2025-09-10 08:00:06.216001 +00:00,5,1.678,1.628
2025-09-10 08:00:06.216001 +00:00,5,2.464,1.628
2026-01-22 15:58:30.107001 +00:00,5,10.424,5.147
2025-09-04 07:18:03.089001 +00:00,5,35.453,1.571
2025-09-05 12:50:42.926001 +00:00,4,4.9919996,13.58
2025-09-10 10:57:38.413001 +00:00,4,1.909,1.931
2025-09-10 10:57:38.413001 +00:00,4,1.674,1.931
2025-09-03 08:12:11.878001 +00:00,4,1.5810001,1.8100001
2025-09-04 08:13:43.883001 +00:00,4,1.9690001,8.603
2025-10-03 09:43:24.039001 +00:00,4,1.6769999,1.5389999
2025-09-10 10:57:22.120001 +00:00,4,1.77,1.76
2025-09-10 09:03:37.137001 +00:00,4,6.655,1.875
2025-09-05 12:02:20.316001 +00:00,4,1.7379999,4.9100003
2025-09-08 10:25:22.870001 +00:00,4,2.858,4.9319997
2026-01-05 15:28:28.937001 +00:00,4,12.21,15.067
2025-09-08 08:28:03.162001 +00:00,4,1.668,4.9589996
2026-01-22 15:58:30.106001 +00:00,4,7.518,5.147
2025-09-10 09:03:57.117001 +00:00,4,1.683,7.0270004
2025-09-03 08:12:11.878001 +00:00,4,5.557,1.8100001
2026-03-03 06:07:25.173001 +00:00,4,1.747,1.376
2026-03-03 06:07:25.173001 +00:00,4,1.545,1.376
2025-09-03 08:12:11.878001 +00:00,4,1.575,1.8100001
2026-05-06 08:42:41.255001 +00:00,4,1.487,1.756
2025-09-04 08:13:20.220001 +00:00,4,1.618,2.091
2025-10-03 11:13:02.748001 +00:00,4,,
2025-09-11 13:39:46.252001 +00:00,4,1.591,2.608
2025-10-03 11:13:02.748001 +00:00,4,,
2025-09-10 07:15:35.029001 +00:00,4,1.824,1.648
2025-09-04 07:16:55.978001 +00:00,4,5.66,4.393
2026-03-10 15:34:20.918116 +00:00,3.115,4.6359997,16.456001
2025-09-03 10:14:44.352001 +00:00,3,1.855,2.0049999
2026-03-03 06:07:25.172001 +00:00,3,1.481,1.376
2025-09-04 08:13:43.882001 +00:00,3,1.899,8.603
2026-03-03 06:07:25.172001 +00:00,3,1.4909999,1.376
2026-03-02 13:34:53.856001 +00:00,3,2.205,1.623
2026-01-05 15:15:09.790001 +00:00,3,13.004001,10.808001
2025-09-05 12:02:20.315001 +00:00,3,2.877,4.9100003
2025-09-03 08:46:23.385001 +00:00,3,1.804,1.6700001
2025-12-17 13:32:16.526001 +00:00,3,,
2025-09-04 07:16:55.977001 +00:00,3,7.383,4.393
2026-01-22 15:48:20.023001 +00:00,3,2.014,5.147
2026-01-22 15:48:20.023001 +00:00,3,8.195,5.147
2025-09-03 08:47:28.175001 +00:00,3,1.965,1.717
2025-09-08 08:27:10.666001 +00:00,3,1.573,7.768
2026-01-22 15:48:20.023001 +00:00,3,10.424,5.147
2025-09-10 08:29:41.684001 +00:00,3,1.824,1.707
2025-09-10 07:14:42.356001 +00:00,3,2.913,1.643
2025-10-03 09:43:24.038001 +00:00,3,1.9020001,1.5389999
2026-05-06 08:42:18.995001 +00:00,3,1.487,1.6159999
2025-09-04 07:16:55.977001 +00:00,3,1.547,4.393
2025-09-05 12:50:05.524001 +00:00,3,1.947,2.8999999
2025-09-10 08:28:48.952001 +00:00,3,7.389,1.886
2025-09-03 10:15:23.623001 +00:00,3,8.55,3.943
2025-09-04 07:17:15.993001 +00:00,3,11.731,1.846
2025-09-03 11:00:20.867001 +00:00,3,1.864,2.024
2025-09-05 11:47:29.858001 +00:00,3,2.099,5.509
2025-09-10 08:00:24.834001 +00:00,3,1.6270001,1.523
2026-03-02 13:34:53.856001 +00:00,3,1.7969999,1.623
2026-05-06 08:41:42.694001 +00:00,3,1.487,1.494
2025-09-05 11:47:29.858001 +00:00,3,1.672,5.509
2026-03-02 13:34:53.856001 +00:00,3,1.63,1.623
2025-09-10 08:29:11.873001 +00:00,3,3.605,1.774
2025-09-08 08:27:10.665001 +00:00,2,1.561,7.768
2026-05-06 08:41:42.693001 +00:00,2,13.109,1.494
2026-05-06 08:41:42.693001 +00:00,2,1.541,1.494
2025-09-04 07:17:15.992001 +00:00,2,3.902,1.846
2025-09-03 08:12:11.876001 +00:00,2,2.383,1.8100001
2025-09-03 08:12:11.876001 +00:00,2,1.854,1.8100001
2025-09-05 12:50:42.924001 +00:00,2,2.448,13.58
2025-09-10 06:49:28.303001 +00:00,2,1.756,7.127
2026-05-06 08:42:41.253001 +00:00,2,1.541,1.756
2026-05-06 08:42:41.253001 +00:00,2,13.109,1.756
2025-09-03 08:46:23.384001 +00:00,2,1.906,1.6700001
2025-09-08 08:27:10.665001 +00:00,2,1.7190001,7.768
2025-09-08 08:27:10.665001 +00:00,2,5.12,7.768
2025-09-08 08:27:10.665001 +00:00,2,6.935,7.768
2025-09-10 06:49:38.065001 +00:00,2,1.669,1.725
2025-09-10 06:49:38.065001 +00:00,2,7.264,1.725
2025-09-10 10:58:12.578001 +00:00,2,1.684,3.878
2025-09-10 10:57:22.118001 +00:00,2,1.509,1.76
2025-09-10 10:57:22.118001 +00:00,2,1.832,1.76
2025-09-10 08:29:41.683001 +00:00,2,1.757,1.707
2025-09-03 08:47:28.174001 +00:00,2,1.7049999,1.717
2025-09-10 07:15:35.027001 +00:00,2,7.04,1.648
2025-10-03 11:13:02.746001 +00:00,2,,
2025-10-03 11:13:02.746001 +00:00,2,,
2025-09-10 10:12:31.097001 +00:00,2,1.601,1.689
2026-01-05 14:38:57.814001 +00:00,2,10.723001,11.613
2026-03-02 13:34:53.855001 +00:00,2,1.475,1.623
2025-09-10 08:00:24.833001 +00:00,2,3.086,1.523
2026-03-02 13:34:53.855001 +00:00,2,1.6899999,1.623
2026-01-22 15:46:19.422001 +00:00,2,13.898,5.147
2026-01-22 15:46:19.422001 +00:00,2,10.424,5.147
2025-12-05 16:37:40.736001 +00:00,2,14.703,1.708
2025-12-17 13:32:16.525001 +00:00,2,,
2026-01-22 15:48:20.022001 +00:00,2,8.011001,5.147
2026-01-22 15:48:20.022001 +00:00,2,13.898,5.147
2025-09-10 08:28:48.951001 +00:00,2,1.728,1.886
2025-09-04 07:17:15.992001 +00:00,2,1.91,1.846
2025-09-08 10:24:28.000001 +00:00,2,3.772,3.5649998
2025-09-11 13:40:12.895001 +00:00,2,1.448,2.471
2026-03-03 06:07:25.171001 +00:00,2,1.732,1.376
2026-01-22 15:58:30.104001 +00:00,2,2.1269999,5.147
2026-01-22 15:58:30.104001 +00:00,2,1.931,5.147
2026-01-22 15:58:30.104001 +00:00,2,13.898,5.147
2026-01-22 15:58:30.104001 +00:00,2,6.798,5.147
2026-01-22 15:58:30.104001 +00:00,2,3.905,5.147
2025-10-23 14:09:48.884001 +00:00,1,6.9300003,9.33
2025-10-23 14:09:48.884001 +00:00,1,1.65,9.33
2025-10-23 14:09:48.884001 +00:00,1,1.791,9.33
2025-10-03 13:01:42.798001 +00:00,1,1.728,1.8050001
2025-10-23 14:09:48.884001 +00:00,1,7.348,9.33
2025-10-23 14:09:48.884001 +00:00,1,2.192,9.33
2025-10-23 14:09:48.884001 +00:00,1,9.648,9.33
2025-10-03 13:01:42.798001 +00:00,1,1.607,1.8050001
2025-09-10 07:14:22.969001 +00:00,1,1.694,2.8109999
2025-12-05 16:37:16.660001 +00:00,1,1.927,1.796
2025-09-03 10:14:44.350001 +00:00,1,1.702,2.0049999
2025-09-03 10:14:44.350001 +00:00,1,1.7839999,2.0049999
2025-09-04 08:13:43.880001 +00:00,1,3.7150002,8.603
2025-09-04 08:13:43.880001 +00:00,1,1.735,8.603
2025-09-10 07:15:35.026001 +00:00,1,1.6589999,1.648
2025-09-10 07:15:35.026001 +00:00,1,1.576,1.648
2025-10-03 13:01:42.798001 +00:00,1,1.5660001,1.8050001
2025-09-08 10:22:50.938001 +00:00,1,2.034,2.596
2025-10-23 14:09:48.884001 +00:00,1,1.7229999,9.33
2025-09-05 11:46:24.998001 +00:00,1,1.747,1.832
2025-10-23 14:09:48.884001 +00:00,1,2.099,9.33
2025-10-03 13:01:42.798001 +00:00,1,1.5600001,1.8050001
2026-05-06 08:42:41.252001 +00:00,1,1.339,1.756
2025-10-03 13:01:42.798001 +00:00,1,1.733,1.8050001
2025-10-03 13:01:42.798001 +00:00,1,1.907,1.8050001
2025-10-03 11:13:02.745001 +00:00,1,,
2025-10-23 14:09:48.884001 +00:00,1,1.658,9.33
2026-05-06 08:42:41.252001 +00:00,1,9.71,1.756
2025-10-23 14:09:48.884001 +00:00,1,1.635,9.33
2025-09-04 08:13:20.217001 +00:00,1,1.783,2.091
2025-09-04 08:13:20.217001 +00:00,1,1.742,2.091
2025-10-23 14:09:48.884001 +00:00,1,7.8530006,9.33
2025-10-23 14:09:48.884001 +00:00,1,5.184,9.33
2025-10-03 11:13:02.745001 +00:00,1,,
2025-10-03 11:13:02.745001 +00:00,1,,
2025-10-03 11:13:02.745001 +00:00,1,,
2025-09-05 11:46:46.335001 +00:00,1,1.6240001,7.724
2025-10-03 13:01:42.798001 +00:00,1,5.932,1.8050001
2025-09-10 10:12:31.096001 +00:00,1,1.672,1.689
2025-09-03 10:15:23.621001 +00:00,1,1.66,3.943
2025-10-23 14:09:48.884001 +00:00,1,1.587,9.33
2025-10-03 13:01:42.798001 +00:00,1,1.576,1.8050001
2026-03-02 13:34:53.854001 +00:00,1,1.636,1.623
2025-09-03 06:58:25.130001 +00:00,1,1.8939999,1.816
2026-03-02 13:34:53.854001 +00:00,1,11.935,1.623
2025-10-03 13:01:42.798001 +00:00,1,2.4129999,1.8050001
2025-10-23 14:09:48.884001 +00:00,1,6.487,9.33
2025-10-23 14:09:48.884001 +00:00,1,7.6740003,9.33
2025-10-23 14:09:48.884001 +00:00,1,1.702,9.33
2025-10-03 13:01:42.798001 +00:00,1,1.696,1.8050001
2025-10-23 14:09:48.884001 +00:00,1,1.663,9.33
2026-05-06 08:41:42.692001 +00:00,1,9.71,1.494
2026-05-06 08:41:42.692001 +00:00,1,1.521,1.494
2026-05-06 08:41:42.692001 +00:00,1,1.6159999,1.494
2025-10-23 14:09:48.884001 +00:00,1,1.825,9.33
2025-10-23 14:09:48.884001 +00:00,1,1.697,9.33
2025-10-03 13:01:42.798001 +00:00,1,1.521,1.8050001
2025-10-03 13:01:42.798001 +00:00,1,1.715,1.8050001
2025-10-23 14:09:48.884001 +00:00,1,1.7310001,9.33
2025-10-23 14:09:48.884001 +00:00,1,1.722,9.33
2025-10-03 13:01:42.798001 +00:00,1,1.633,1.8050001
2025-10-23 14:09:48.884001 +00:00,1,1.653,9.33
2025-10-10 12:51:32.009001 +00:00,1,11.110001,3.762
2025-10-23 14:09:48.884001 +00:00,1,1.76,9.33
2025-10-03 09:44:28.485001 +00:00,1,1.559,4.9760003
2025-10-23 14:09:48.884001 +00:00,1,1.809,9.33
2025-10-23 14:09:48.884001 +00:00,1,2.3209999,9.33
2025-10-23 14:09:48.884001 +00:00,1,4.2920003,9.33
2025-10-03 13:01:42.798001 +00:00,1,4.513,1.8050001
2025-10-23 14:09:48.884001 +00:00,1,1.803,9.33
2025-10-23 14:09:48.884001 +00:00,1,2.658,9.33
2025-10-23 14:09:48.884001 +00:00,1,1.68,9.33
2026-01-05 14:19:06.026001 +00:00,1,4.5810003,1.883
2025-10-23 14:09:48.884001 +00:00,1,1.7770001,9.33
2025-10-23 14:09:48.884001 +00:00,1,7.596,9.33
2026-01-22 15:48:20.021001 +00:00,1,13.877,5.147
2026-01-22 15:48:20.021001 +00:00,1,7.514,5.147
2026-01-22 15:48:20.021001 +00:00,1,10.0199995,5.147
2025-10-03 13:01:42.798001 +00:00,1,2.432,1.8050001
2025-10-03 13:01:42.798001 +00:00,1,5.0309997,1.8050001
2025-10-23 14:09:48.884001 +00:00,1,2.135,9.33
2025-10-23 14:09:48.884001 +00:00,1,1.744,9.33
2025-10-23 14:09:48.884001 +00:00,1,1.6850001,9.33
2025-10-23 14:09:48.884001 +00:00,1,8.854,9.33
2025-10-23 14:09:48.884001 +00:00,1,3.7489998,9.33
2025-10-23 14:09:48.884001 +00:00,1,1.789,9.33
2025-10-23 14:09:48.884001 +00:00,1,4.5369997,9.33
2025-10-23 14:09:48.884001 +00:00,1,1.648,9.33
2025-10-23 14:09:48.884001 +00:00,1,2.606,9.33
2025-10-23 14:09:48.884001 +00:00,1,1.713,9.33
2025-10-03 13:01:42.798001 +00:00,1,1.697,1.8050001
2025-09-10 08:28:48.950001 +00:00,1,6.632,1.886
2025-10-23 14:09:48.884001 +00:00,1,1.58,9.33
2025-10-03 13:01:42.798001 +00:00,1,1.5419999,1.8050001
2025-10-23 14:09:48.884001 +00:00,1,1.6270001,9.33
2025-10-03 13:01:42.798001 +00:00,1,1.51,1.8050001
2025-10-23 14:09:48.884001 +00:00,1,1.672,9.33
2025-10-03 13:01:42.798001 +00:00,1,2.2410002,1.8050001
2025-10-03 13:01:42.798001 +00:00,1,1.559,1.8050001
2025-10-03 13:01:42.798001 +00:00,1,1.712,1.8050001
2025-10-03 13:01:42.798001 +00:00,1,1.576,1.8050001
2025-10-03 13:01:42.798001 +00:00,1,1.636,1.8050001
2025-10-03 13:01:42.798001 +00:00,1,1.555,1.8050001
2025-10-03 13:01:42.798001 +00:00,1,1.724,1.8050001
2025-10-03 13:01:42.798001 +00:00,1,1.699,1.8050001
2025-10-03 13:01:42.798001 +00:00,1,1.564,1.8050001
2025-10-03 13:01:42.798001 +00:00,1,1.687,1.8050001
2025-10-03 13:01:42.798001 +00:00,1,1.607,1.8050001
2025-10-03 13:01:42.798001 +00:00,1,1.626,1.8050001
2025-10-03 13:01:42.798001 +00:00,1,1.521,1.8050001
2025-09-08 10:24:12.813001 +00:00,1,1.853,1.531
2025-09-11 13:39:46.249001 +00:00,1,1.47,2.608
2025-09-08 10:24:12.813001 +00:00,1,3.759,1.531
2025-10-03 13:01:42.798001 +00:00,1,1.739,1.8050001
2025-10-03 13:01:42.798001 +00:00,1,1.618,1.8050001
2025-09-05 12:02:20.313001 +00:00,1,1.718,4.9100003
2025-09-08 10:24:12.813001 +00:00,1,6.9459996,1.531
2025-10-03 13:01:42.798001 +00:00,1,1.704,1.8050001
2025-10-03 13:01:42.798001 +00:00,1,1.713,1.8050001
2025-10-03 13:01:42.798001 +00:00,1,1.586,1.8050001
2025-10-03 13:01:42.798001 +00:00,1,1.875,1.8050001
2025-10-03 13:01:42.798001 +00:00,1,1.7800001,1.8050001
2025-10-03 13:01:42.798001 +00:00,1,1.567,1.8050001
2025-10-03 13:01:42.798001 +00:00,1,4.427,1.8050001
2025-10-03 13:01:42.798001 +00:00,1,5.141,1.8050001
2025-10-03 13:01:42.798001 +00:00,1,1.648,1.8050001
2025-10-03 13:01:42.798001 +00:00,1,5.543,1.8050001
2025-10-03 13:01:42.798001 +00:00,1,1.61,1.8050001
2025-10-03 13:01:42.798001 +00:00,1,1.704,1.8050001
2025-10-03 13:01:42.798001 +00:00,1,1.61,1.8050001
2025-10-03 13:01:42.798001 +00:00,1,8.73,1.8050001
2025-10-03 13:01:42.798001 +00:00,1,5.053,1.8050001
2025-10-03 13:01:42.798001 +00:00,1,1.5660001,1.8050001
2025-10-03 13:01:42.798001 +00:00,1,6.901,1.8050001
2025-10-03 13:01:42.798001 +00:00,1,1.704,1.8050001
2025-10-03 13:01:42.798001 +00:00,1,1.5849999,1.8050001
2025-10-03 13:01:42.798001 +00:00,1,1.645,1.8050001
2025-10-03 13:01:42.798001 +00:00,1,1.6029999,1.8050001
2025-10-03 13:01:42.798001 +00:00,1,1.637,1.8050001
2025-10-03 13:01:42.798001 +00:00,1,1.722,1.8050001
2025-10-03 13:01:42.798001 +00:00,1,1.639,1.8050001
2025-10-03 13:01:42.798001 +00:00,1,4.008,1.8050001
2025-10-03 13:01:42.798001 +00:00,1,1.874,1.8050001
2025-10-03 13:01:42.798001 +00:00,1,2.395,1.8050001
2025-10-03 13:01:42.798001 +00:00,1,6.62,1.8050001
2025-10-03 13:01:42.798001 +00:00,1,1.617,1.8050001
2025-10-03 13:01:42.798001 +00:00,1,4.363,1.8050001
2025-10-03 13:01:42.798001 +00:00,1,1.819,1.8050001
2025-09-10 07:14:42.354001 +00:00,1,2.34,1.643
2025-10-23 14:09:48.884001 +00:00,1,6.947,9.33
2025-10-23 14:09:48.884001 +00:00,1,7.8710003,9.33
2025-10-23 14:09:48.884001 +00:00,1,2.204,9.33
2025-10-23 14:09:48.884001 +00:00,1,1.8119999,9.33
2025-10-03 13:01:42.798001 +00:00,1,1.601,1.8050001
2025-12-05 16:38:36.700001 +00:00,1,1.927,1.796
2025-10-23 14:09:48.884001 +00:00,1,8.087,9.33
2025-10-23 14:09:48.884001 +00:00,1,1.7030001,9.33
2025-10-23 14:09:48.884001 +00:00,1,6.6650004,9.33
2025-10-23 14:09:48.884001 +00:00,1,8.727,9.33
2025-10-23 14:09:48.884001 +00:00,1,8.522,9.33
2025-10-23 14:09:48.884001 +00:00,1,1.8690001,9.33
2025-10-23 14:09:48.884001 +00:00,1,9.383,9.33
2025-10-03 09:43:24.036001 +00:00,1,1.556,1.5389999
2025-10-03 09:43:24.036001 +00:00,1,1.756,1.5389999
2025-10-23 14:09:48.884001 +00:00,1,1.684,9.33
2025-10-23 14:09:48.884001 +00:00,1,1.5849999,9.33
2026-05-06 08:42:18.993001 +00:00,1,13.109,1.6159999
2025-09-03 08:46:50.300001 +00:00,1,1.8,7.268
2025-09-10 10:57:38.410001 +00:00,1,12.943,1.931
2025-10-23 14:09:48.884001 +00:00,1,1.718,9.33
2025-10-23 14:09:48.884001 +00:00,1,8.49,9.33
2025-10-23 14:09:48.884001 +00:00,1,1.62,9.33
2025-10-23 14:09:48.884001 +00:00,1,6.6109996,9.33
2025-09-04 07:16:55.975001 +00:00,1,1.752,4.393
2025-10-23 14:09:48.884001 +00:00,1,2.1069999,9.33
2025-10-23 14:09:48.884001 +00:00,1,1.8260001,9.33
2025-10-23 14:19:22.125001 +00:00,0,2.606,1.809
2025-09-10 08:29:11.870001 +00:00,0,1.605,1.774
2025-10-10 12:51:16.648001 +00:00,0,1.901,3.762
2025-10-10 12:51:16.648001 +00:00,0,1.953,3.762
2025-10-10 12:51:16.648001 +00:00,0,2.5909998,3.762
2025-10-10 12:51:16.648001 +00:00,0,1.6159999,3.762
2025-10-10 12:51:16.648001 +00:00,0,1.621,3.762
2025-10-10 12:51:16.648001 +00:00,0,3.606,3.762
2025-10-10 12:50:55.168001 +00:00,0,2.1869998,3.762
2025-10-10 12:50:55.168001 +00:00,0,1.615,3.762
2025-10-10 12:50:55.168001 +00:00,0,2.273,3.762
2025-10-10 12:50:55.168001 +00:00,0,1.6949999,3.762
2025-10-10 12:50:55.168001 +00:00,0,7.5559998,3.762
2025-10-10 12:50:55.168001 +00:00,0,19.164999,3.762
2025-10-10 12:50:55.168001 +00:00,0,4.056,3.762
2025-10-10 12:50:55.168001 +00:00,0,7.612,3.762
2025-10-10 12:50:55.168001 +00:00,0,1.651,3.762
2025-10-10 12:50:55.168001 +00:00,0,8.491,3.762
2025-10-10 12:50:55.168001 +00:00,0,1.698,3.762
2025-10-10 12:50:55.168001 +00:00,0,6.558,3.762
2025-10-10 12:50:55.168001 +00:00,0,1.676,3.762
2025-10-10 12:50:55.168001 +00:00,0,12.748,3.762
2025-10-10 12:50:55.168001 +00:00,0,2.379,3.762
2025-10-10 12:50:55.168001 +00:00,0,1.804,3.762
2025-10-10 12:50:55.168001 +00:00,0,3.05,3.762
2025-10-10 12:50:55.168001 +00:00,0,1.892,3.762
2025-10-10 12:50:55.168001 +00:00,0,2.397,3.762
2025-10-10 12:50:55.168001 +00:00,0,11.809,3.762
2025-10-10 12:50:55.168001 +00:00,0,1.897,3.762
2025-10-10 12:50:55.168001 +00:00,0,1.883,3.762
2025-10-10 12:50:55.168001 +00:00,0,1.923,3.762
2025-10-10 12:50:55.168001 +00:00,0,8.747001,3.762
2025-10-10 12:50:55.168001 +00:00,0,1.7030001,3.762
2025-10-10 12:50:55.168001 +00:00,0,1.722,3.762
2025-10-10 12:50:55.168001 +00:00,0,2.3660002,3.762
2025-10-10 12:50:55.168001 +00:00,0,4.294,3.762
2025-10-10 12:50:55.168001 +00:00,0,1.6270001,3.762
2025-10-10 12:50:55.168001 +00:00,0,5.443,3.762
2025-10-10 12:50:55.168001 +00:00,0,6.97,3.762
2025-10-10 12:50:55.168001 +00:00,0,1.87,3.762
2025-10-10 12:50:55.168001 +00:00,0,1.54,3.762
2025-10-10 12:50:55.168001 +00:00,0,1.92,3.762
2025-10-10 12:50:55.168001 +00:00,0,12.341001,3.762
2025-10-10 12:50:55.168001 +00:00,0,7.573,3.762
2025-10-10 12:50:55.168001 +00:00,0,2.049,3.762
2025-10-10 12:50:55.168001 +00:00,0,1.556,3.762
2025-10-10 12:50:55.168001 +00:00,0,1.774,3.762
2025-10-10 12:50:55.168001 +00:00,0,1.867,3.762
2025-10-10 12:50:55.168001 +00:00,0,8.745,3.762
2025-10-10 12:50:55.168001 +00:00,0,1.7490001,3.762
2025-10-10 12:50:55.168001 +00:00,0,7.8800006,3.762
2025-10-10 12:50:55.168001 +00:00,0,11.110001,3.762
2025-10-10 12:50:55.168001 +00:00,0,1.594,3.762
2025-10-10 12:50:55.168001 +00:00,0,1.5239999,3.762
2025-10-10 12:50:55.168001 +00:00,0,1.686,3.762
2025-10-10 12:50:55.168001 +00:00,0,5.169,3.762
2025-10-10 12:50:55.168001 +00:00,0,1.541,3.762
2025-10-10 12:50:55.168001 +00:00,0,1.8840001,3.762
2025-10-10 12:50:55.168001 +00:00,0,11.731,3.762
2025-10-23 14:19:22.125001 +00:00,0,2.4880002,1.809
2025-10-10 12:50:55.168001 +00:00,0,6.6,3.762
2025-10-10 12:50:55.168001 +00:00,0,1.691,3.762
2025-10-10 12:50:55.168001 +00:00,0,1.718,3.762
2025-10-10 12:50:55.168001 +00:00,0,4.1530004,3.762
2025-10-10 12:50:55.168001 +00:00,0,1.8110001,3.762
2025-10-10 12:50:55.168001 +00:00,0,9.61,3.762
2025-10-10 12:50:55.168001 +00:00,0,1.5849999,3.762
2025-10-23 14:19:22.125001 +00:00,0,1.648,1.809
2025-10-23 14:19:22.125001 +00:00,0,1.641,1.809
2025-12-05 16:37:40.734001 +00:00,0,12.37,1.708
2025-12-05 16:37:40.734001 +00:00,0,2.6529999,1.708
2025-12-05 16:37:40.734001 +00:00,0,1.914,1.708
2025-12-05 16:37:40.734001 +00:00,0,1.575,1.708
2025-12-05 16:37:40.734001 +00:00,0,1.748,1.708
2025-12-05 16:37:40.734001 +00:00,0,1.623,1.708
2025-12-05 16:37:40.734001 +00:00,0,8.459,1.708
2025-12-05 16:37:40.734001 +00:00,0,2.361,1.708
2025-12-05 16:37:40.734001 +00:00,0,1.519,1.708
2025-10-10 12:50:55.168001 +00:00,0,1.7989999,3.762
2025-10-10 12:50:55.168001 +00:00,0,8.322,3.762
2025-10-10 12:50:55.168001 +00:00,0,9.651,3.762
2025-10-10 12:50:55.168001 +00:00,0,1.706,3.762
2025-10-10 12:50:55.168001 +00:00,0,7.55,3.762
2025-10-10 12:50:55.168001 +00:00,0,1.693,3.762
2025-10-10 12:50:55.168001 +00:00,0,1.871,3.762
2025-10-10 12:50:55.168001 +00:00,0,4.21,3.762
2025-10-10 12:50:55.168001 +00:00,0,1.593,3.762
2025-10-10 12:50:55.168001 +00:00,0,6.572,3.762
2025-10-10 12:50:55.168001 +00:00,0,1.764,3.762
2025-10-10 12:50:55.168001 +00:00,0,1.901,3.762
2025-10-10 12:50:55.168001 +00:00,0,3.8960001,3.762
2025-10-10 12:50:55.168001 +00:00,0,1.953,3.762
2025-10-10 12:50:55.168001 +00:00,0,2.5909998,3.762
2025-10-10 12:50:55.168001 +00:00,0,1.6159999,3.762
2025-10-10 12:50:55.168001 +00:00,0,1.621,3.762
2025-10-10 12:50:55.168001 +00:00,0,3.606,3.762
2025-12-05 16:37:40.734001 +00:00,0,8.756,1.708
2025-10-23 14:19:22.125001 +00:00,0,1.789,1.809
2025-10-23 14:19:22.125001 +00:00,0,1.6850001,1.809
2025-12-05 16:37:40.734001 +00:00,0,7.338,1.708
2025-12-05 16:37:40.734001 +00:00,0,1.572,1.708
2025-12-05 16:37:40.734001 +00:00,0,1.6309999,1.708
2025-12-05 16:37:40.734001 +00:00,0,9.431,1.708
2025-12-05 16:37:40.734001 +00:00,0,2.052,1.708
2025-12-05 16:37:40.734001 +00:00,0,3.849,1.708
2025-12-05 16:37:40.734001 +00:00,0,1.7049999,1.708
2025-12-05 16:37:40.734001 +00:00,0,3.35,1.708
2025-12-05 16:37:40.734001 +00:00,0,1.9749999,1.708
2025-10-03 13:01:42.797001 +00:00,0,1.648,1.8050001
2025-10-03 13:01:42.797001 +00:00,0,8.409,1.8050001
2025-10-03 13:01:42.797001 +00:00,0,2.378,1.8050001
2025-10-03 13:01:42.797001 +00:00,0,4.751,1.8050001
2025-10-03 13:01:42.797001 +00:00,0,1.537,1.8050001
2025-10-03 13:01:42.797001 +00:00,0,1.655,1.8050001
2025-10-03 13:01:42.797001 +00:00,0,1.786,1.8050001
2025-10-03 13:01:42.797001 +00:00,0,1.655,1.8050001
2025-12-05 16:37:40.734001 +00:00,0,1.58,1.708
2025-12-05 16:37:40.734001 +00:00,0,1.573,1.708
2025-12-05 16:37:40.734001 +00:00,0,2.177,1.708
2025-12-05 16:37:40.734001 +00:00,0,1.645,1.708
2025-12-05 16:37:40.734001 +00:00,0,11.941,1.708
2025-12-05 16:37:40.734001 +00:00,0,1.587,1.708
2025-12-05 16:37:40.734001 +00:00,0,4.771,1.708
2025-12-05 16:37:40.734001 +00:00,0,12.604,1.708
2025-12-05 16:37:40.734001 +00:00,0,13.368,1.708
2025-12-05 16:37:40.734001 +00:00,0,1.883,1.708
2025-12-05 16:37:40.734001 +00:00,0,1.8449999,1.708
2025-12-05 16:37:40.734001 +00:00,0,1.537,1.708
2025-12-05 16:37:40.734001 +00:00,0,5.0829997,1.708
2025-12-05 16:37:40.734001 +00:00,0,8.897,1.708
2025-10-03 11:13:02.744001 +00:00,0,,
2025-10-03 11:13:02.744001 +00:00,0,,
2025-09-03 06:58:25.129001 +00:00,0,1.618,1.816
2025-12-05 16:37:40.734001 +00:00,0,1.6270001,1.708
2025-12-05 16:37:40.734001 +00:00,0,1.754,1.708
2025-12-05 16:37:40.734001 +00:00,0,2.081,1.708
2025-12-05 16:37:40.734001 +00:00,0,7.614,1.708
2025-12-05 16:37:40.734001 +00:00,0,20.283,1.708
2025-12-05 16:37:40.734001 +00:00,0,1.9710001,1.708
2025-12-05 16:37:40.734001 +00:00,0,1.855,1.708
2025-12-05 16:37:40.734001 +00:00,0,1.636,1.708
2025-12-05 16:37:40.734001 +00:00,0,1.909,1.708
2025-12-05 16:37:40.734001 +00:00,0,11.438,1.708
2025-12-05 16:37:40.734001 +00:00,0,1.796,1.708
2025-12-05 16:37:40.734001 +00:00,0,1.7190001,1.708
2025-12-05 16:37:40.734001 +00:00,0,1.7199999,1.708
2025-12-05 16:37:40.734001 +00:00,0,4.713,1.708
2025-12-05 16:37:40.734001 +00:00,0,4.5759997,1.708
2025-10-23 14:19:22.125001 +00:00,0,1.744,1.809
2025-10-23 14:19:22.125001 +00:00,0,2.135,1.809
2026-03-06 16:20:14.678001 +00:00,0,4.717,15.294
2026-03-06 16:20:14.678001 +00:00,0,4.416,15.294
2026-03-06 16:20:14.678001 +00:00,0,8.627999,15.294
2026-03-06 16:20:14.678001 +00:00,0,4.668,15.294
2026-03-06 16:20:14.678001 +00:00,0,17.157,15.294
2026-03-06 16:20:14.678001 +00:00,0,5.765,15.294
2026-03-06 16:20:14.678001 +00:00,0,11.303,15.294
2026-03-06 16:20:14.678001 +00:00,0,10.323,15.294
2026-03-06 16:20:14.678001 +00:00,0,14.971,15.294
2026-03-06 16:20:14.678001 +00:00,0,10.54,15.294
2026-03-06 16:20:14.678001 +00:00,0,4.648,15.294
2026-03-06 16:20:14.678001 +00:00,0,14.082,15.294
2026-03-06 16:20:14.678001 +00:00,0,21.806,15.294
2026-03-06 16:20:14.678001 +00:00,0,19.139,15.294
2026-03-06 16:20:14.678001 +00:00,0,5.0690002,15.294
2026-03-06 16:20:14.678001 +00:00,0,15.872,15.294
2026-03-06 16:20:14.678001 +00:00,0,4.86,15.294
2026-03-06 16:20:14.678001 +00:00,0,13.879001,15.294
2026-03-10 15:34:20.915001 +00:00,0,14.936,16.456001
2026-03-10 15:34:20.915001 +00:00,0,10.146999,16.456001
2026-03-10 15:34:20.915001 +00:00,0,4.289,16.456001
2026-03-10 15:34:20.915001 +00:00,0,12.522,16.456001
2026-03-10 15:34:20.915001 +00:00,0,14.431,16.456001
2026-03-10 15:34:20.915001 +00:00,0,12.7699995,16.456001
2026-03-10 15:34:20.915001 +00:00,0,15.208,16.456001
2026-03-10 15:34:20.915001 +00:00,0,1.754,16.456001
2026-03-10 15:34:20.915001 +00:00,0,9.176,16.456001
2026-03-10 15:34:20.915001 +00:00,0,15.749,16.456001
2026-03-10 15:34:20.915001 +00:00,0,15.642,16.456001
2026-03-10 15:34:20.915001 +00:00,0,13.978,16.456001
2026-03-10 15:34:20.915001 +00:00,0,14.427,16.456001
2026-03-10 15:34:20.915001 +00:00,0,5.507,16.456001
2026-03-10 15:34:20.915001 +00:00,0,4.684,16.456001
2026-03-10 15:34:20.915001 +00:00,0,4.779,16.456001
2026-03-10 15:34:20.915001 +00:00,0,6.386,16.456001
2026-03-10 15:34:20.915001 +00:00,0,4.061,16.456001
2026-03-10 15:34:20.915001 +00:00,0,6.459,16.456001
2026-03-11 16:20:28.024001 +00:00,0,1.645,2.6169999
2026-03-11 16:20:28.024001 +00:00,0,8.798,2.6169999
2026-03-11 16:20:28.024001 +00:00,0,9.115001,2.6169999
2026-03-11 16:20:28.024001 +00:00,0,1.787,2.6169999
2026-03-11 16:20:28.024001 +00:00,0,6.046,2.6169999
2026-03-11 16:20:28.024001 +00:00,0,1.714,2.6169999
2026-03-11 16:20:28.024001 +00:00,0,1.68,2.6169999
2026-03-11 16:20:28.024001 +00:00,0,1.636,2.6169999
2026-03-11 16:20:28.024001 +00:00,0,1.615,2.6169999
2026-03-11 16:20:28.024001 +00:00,0,1.665,2.6169999
2026-03-11 16:20:28.024001 +00:00,0,1.479,2.6169999
2026-03-11 16:20:28.024001 +00:00,0,1.7689999,2.6169999
2026-03-11 16:20:28.024001 +00:00,0,1.559,2.6169999
2026-03-11 16:20:28.024001 +00:00,0,1.481,2.6169999
2026-03-11 16:20:28.024001 +00:00,0,1.699,2.6169999
2026-03-11 16:20:28.024001 +00:00,0,11.085,2.6169999
2026-03-11 16:20:28.024001 +00:00,0,2.222,2.6169999
2026-03-11 16:20:28.024001 +00:00,0,1.73,2.6169999
2026-03-11 16:20:28.024001 +00:00,0,1.461,2.6169999
2026-03-11 16:20:28.024001 +00:00,0,2.2169998,2.6169999
2026-03-11 16:20:28.024001 +00:00,0,5.324,2.6169999
2026-03-11 16:20:28.024001 +00:00,0,1.629,2.6169999
2026-03-11 16:20:28.024001 +00:00,0,1.605,2.6169999
2026-03-11 16:20:28.024001 +00:00,0,1.537,2.6169999
2026-03-11 16:20:28.024001 +00:00,0,1.599,2.6169999
2026-03-11 16:20:28.024001 +00:00,0,1.518,2.6169999
2026-03-11 16:20:28.024001 +00:00,0,1.551,2.6169999
2026-03-11 16:20:28.024001 +00:00,0,1.7379999,2.6169999
2026-03-11 16:20:28.024001 +00:00,0,8.801001,2.6169999
2026-03-11 16:20:28.024001 +00:00,0,1.6309999,2.6169999
2026-03-11 16:20:28.024001 +00:00,0,13.985,2.6169999
2026-03-11 16:20:28.024001 +00:00,0,7.211,2.6169999
2026-03-11 16:20:28.024001 +00:00,0,2.59,2.6169999
2026-03-11 16:20:28.024001 +00:00,0,8.381,2.6169999
2026-03-11 16:20:28.024001 +00:00,0,1.577,2.6169999
2026-03-11 16:20:28.024001 +00:00,0,17.614,2.6169999
2026-03-11 16:20:28.024001 +00:00,0,1.6240001,2.6169999
2026-03-11 16:20:28.024001 +00:00,0,1.763,2.6169999
2026-03-11 16:20:28.024001 +00:00,0,5.098,2.6169999
2026-03-11 16:20:28.024001 +00:00,0,1.6420001,2.6169999
2026-03-11 16:20:28.024001 +00:00,0,8.108,2.6169999
2026-03-11 16:20:28.024001 +00:00,0,2.0349998,2.6169999
2026-03-11 16:20:28.024001 +00:00,0,1.626,2.6169999
2026-03-11 16:20:28.024001 +00:00,0,1.565,2.6169999
2026-03-11 16:20:28.024001 +00:00,0,9.734,2.6169999
2026-03-11 16:20:28.024001 +00:00,0,1.607,2.6169999
2026-03-11 16:20:28.024001 +00:00,0,7.9269996,2.6169999
2026-03-11 16:20:28.024001 +00:00,0,13.198,2.6169999
2026-03-11 16:20:28.024001 +00:00,0,1.667,2.6169999
2026-03-11 16:20:28.024001 +00:00,0,1.4959999,2.6169999
2026-03-11 16:20:28.024001 +00:00,0,3.241,2.6169999
2026-03-11 16:20:28.024001 +00:00,0,7.747,2.6169999
2026-03-11 16:20:28.024001 +00:00,0,1.6489999,2.6169999
2026-03-11 16:20:28.024001 +00:00,0,2.812,2.6169999
2026-03-11 16:20:28.024001 +00:00,0,1.63,2.6169999
2026-03-11 16:20:28.024001 +00:00,0,5.488,2.6169999
2026-03-11 16:20:28.024001 +00:00,0,2.159,2.6169999
2026-03-11 16:20:28.024001 +00:00,0,1.482,2.6169999
2026-03-11 16:20:28.024001 +00:00,0,1.541,2.6169999
2026-03-11 16:20:28.024001 +00:00,0,1.4580001,2.6169999
2026-03-11 16:20:28.024001 +00:00,0,1.8119999,2.6169999
2026-03-11 16:20:28.024001 +00:00,0,1.476,2.6169999
2026-03-11 16:20:28.024001 +00:00,0,1.3360001,2.6169999
2026-03-11 16:20:28.024001 +00:00,0,1.6420001,2.6169999
2026-03-11 16:20:28.024001 +00:00,0,6.872,2.6169999
2026-03-11 16:20:28.024001 +00:00,0,1.377,2.6169999
2026-03-11 16:20:28.024001 +00:00,0,12.088,2.6169999
2026-03-11 16:20:28.024001 +00:00,0,1.348,2.6169999
2026-03-11 16:20:28.024001 +00:00,0,1.368,2.6169999
2026-03-11 16:20:28.024001 +00:00,0,1.508,2.6169999
2026-03-11 16:20:28.024001 +00:00,0,1.454,2.6169999
2025-10-23 14:19:22.125001 +00:00,0,1.68,1.809
2025-12-05 16:37:40.734001 +00:00,0,15.908999,1.708
2025-12-05 16:37:40.734001 +00:00,0,3.1959999,1.708
2025-12-05 16:37:40.734001 +00:00,0,6.567,1.708
2025-12-05 16:37:40.734001 +00:00,0,1.942,1.708
2025-12-05 16:37:40.734001 +00:00,0,6.543,1.708
2025-12-05 16:37:40.734001 +00:00,0,9.358,1.708
2025-12-05 16:37:40.734001 +00:00,0,4.454,1.708
2025-12-05 16:37:40.734001 +00:00,0,1.993,1.708
2025-12-05 16:37:40.734001 +00:00,0,2.002,1.708
2025-12-05 16:37:40.734001 +00:00,0,4.874,1.708
2026-03-11 16:22:08.944001 +00:00,0,1.664,2.6169999
2026-03-11 16:22:08.944001 +00:00,0,1.645,2.6169999
2026-03-11 16:22:08.944001 +00:00,0,8.798,2.6169999
2026-03-11 16:22:08.944001 +00:00,0,9.115001,2.6169999
2026-03-11 16:22:08.944001 +00:00,0,9.797999,2.6169999
2026-03-11 16:22:08.944001 +00:00,0,6.046,2.6169999
2026-03-11 16:22:08.944001 +00:00,0,1.492,2.6169999
2026-03-11 16:22:08.944001 +00:00,0,1.68,2.6169999
2026-03-11 16:22:08.944001 +00:00,0,1.636,2.6169999
2026-03-11 16:22:08.944001 +00:00,0,7.953,2.6169999
2026-03-11 16:22:08.944001 +00:00,0,1.484,2.6169999
2026-03-11 16:22:08.944001 +00:00,0,1.615,2.6169999
2026-03-11 16:22:08.944001 +00:00,0,1.665,2.6169999
2026-03-11 16:22:08.944001 +00:00,0,1.479,2.6169999
2026-03-11 16:22:08.944001 +00:00,0,1.8100001,2.6169999
2026-03-11 16:22:08.944001 +00:00,0,1.481,2.6169999
2026-03-11 16:22:08.944001 +00:00,0,1.699,2.6169999
2026-03-11 16:22:08.944001 +00:00,0,2.222,2.6169999
2026-03-11 16:22:08.944001 +00:00,0,1.73,2.6169999
2026-03-11 16:22:08.944001 +00:00,0,1.461,2.6169999
2026-03-11 16:22:08.944001 +00:00,0,5.324,2.6169999
2026-03-11 16:22:08.944001 +00:00,0,1.629,2.6169999
2026-03-11 16:22:08.944001 +00:00,0,1.814,2.6169999
2026-03-11 16:22:08.944001 +00:00,0,1.518,2.6169999
2026-03-11 16:22:08.944001 +00:00,0,1.551,2.6169999
2026-03-11 16:22:08.944001 +00:00,0,1.7379999,2.6169999
2026-03-11 16:22:08.944001 +00:00,0,8.801001,2.6169999
2026-03-11 16:22:08.944001 +00:00,0,1.6309999,2.6169999
2026-03-11 16:22:08.944001 +00:00,0,13.985,2.6169999
2026-03-11 16:22:08.944001 +00:00,0,7.211,2.6169999
2026-03-11 16:22:08.944001 +00:00,0,1.523,2.6169999
2026-03-11 16:22:08.944001 +00:00,0,1.577,2.6169999
2026-03-11 16:22:08.944001 +00:00,0,1.6240001,2.6169999
2026-03-11 16:22:08.944001 +00:00,0,1.645,2.6169999
2026-03-11 16:22:08.944001 +00:00,0,1.752,2.6169999
2026-03-11 16:22:08.944001 +00:00,0,1.763,2.6169999
2026-03-11 16:22:08.944001 +00:00,0,5.098,2.6169999
2026-03-11 16:22:08.944001 +00:00,0,1.742,2.6169999
2026-03-11 16:22:08.944001 +00:00,0,1.6420001,2.6169999
2026-03-11 16:22:08.944001 +00:00,0,8.108,2.6169999
2026-03-11 16:22:08.944001 +00:00,0,2.0349998,2.6169999
2026-03-11 16:22:08.944001 +00:00,0,1.626,2.6169999
2026-03-11 16:22:08.944001 +00:00,0,1.565,2.6169999
2026-03-11 16:22:08.944001 +00:00,0,1.607,2.6169999
2026-03-11 16:22:08.944001 +00:00,0,7.9269996,2.6169999
2026-03-11 16:22:08.944001 +00:00,0,13.198,2.6169999
2026-03-11 16:22:08.944001 +00:00,0,1.4959999,2.6169999
2026-03-11 16:22:08.944001 +00:00,0,3.241,2.6169999
2026-03-11 16:22:08.944001 +00:00,0,7.1419997,2.6169999
2026-03-11 16:22:08.944001 +00:00,0,7.747,2.6169999
2026-03-11 16:22:08.944001 +00:00,0,1.6489999,2.6169999
2026-03-11 16:22:08.944001 +00:00,0,2.812,2.6169999
2026-03-11 16:22:08.944001 +00:00,0,1.63,2.6169999
2026-03-11 16:22:08.944001 +00:00,0,1.3790001,2.6169999
2026-03-11 16:22:08.944001 +00:00,0,6.927,2.6169999
2026-03-11 16:22:08.944001 +00:00,0,5.488,2.6169999
2026-03-11 16:22:08.944001 +00:00,0,1.982,2.6169999
2026-03-11 16:22:08.944001 +00:00,0,2.159,2.6169999
2026-03-11 16:22:08.944001 +00:00,0,1.482,2.6169999
2026-03-11 16:22:08.944001 +00:00,0,1.541,2.6169999
2026-03-11 16:22:08.944001 +00:00,0,1.4580001,2.6169999
2026-03-11 16:22:08.944001 +00:00,0,1.8119999,2.6169999
2026-03-11 16:22:08.944001 +00:00,0,1.3360001,2.6169999
2026-03-11 16:22:08.944001 +00:00,0,1.6420001,2.6169999
2026-03-11 16:22:08.944001 +00:00,0,6.872,2.6169999
2026-03-11 16:22:08.944001 +00:00,0,12.088,2.6169999
2026-03-11 16:22:08.944001 +00:00,0,1.348,2.6169999
2026-03-11 16:22:08.944001 +00:00,0,1.368,2.6169999
2026-03-11 16:22:08.944001 +00:00,0,1.484,2.6169999
2026-03-11 16:22:08.944001 +00:00,0,1.454,2.6169999
2026-03-11 16:22:08.944001 +00:00,0,13.055,2.6169999
2025-12-05 16:37:40.734001 +00:00,0,1.941,1.708
2025-12-05 16:37:40.734001 +00:00,0,4.468,1.708
2025-12-05 16:37:40.734001 +00:00,0,10.273999,1.708
2025-12-05 16:37:40.734001 +00:00,0,2.286,1.708
2025-12-05 16:37:40.734001 +00:00,0,7.7419996,1.708
2025-12-05 16:37:40.734001 +00:00,0,4.383,1.708
2025-12-05 16:37:40.734001 +00:00,0,1.676,1.708
2025-12-05 16:37:40.734001 +00:00,0,2.102,1.708
2025-12-05 16:37:40.734001 +00:00,0,5.572,1.708
2025-12-05 16:37:40.734001 +00:00,0,1.853,1.708
2025-12-05 16:37:40.734001 +00:00,0,2.3360002,1.708
2025-10-23 14:19:22.125001 +00:00,0,2.658,1.809
2025-10-03 09:43:04.844001 +00:00,0,1.6730001,1.7409999
2025-09-11 13:40:12.893001 +00:00,0,3.825,2.471
2025-12-05 16:37:40.734001 +00:00,0,1.661,1.708
2025-10-23 14:19:22.125001 +00:00,0,2.3209999,1.809
2025-12-05 16:37:40.734001 +00:00,0,4.902,1.708
2026-03-11 16:27:53.705001 +00:00,0,11.382999,2.5
2026-03-11 16:27:53.705001 +00:00,0,2.6169999,2.5
2026-03-11 16:27:53.705001 +00:00,0,1.664,2.5
2026-03-11 16:27:53.705001 +00:00,0,1.645,2.5
2026-03-11 16:27:53.705001 +00:00,0,8.798,2.5
2026-03-11 16:27:53.705001 +00:00,0,1.787,2.5
2026-03-11 16:27:53.705001 +00:00,0,9.797999,2.5
2026-03-11 16:27:53.705001 +00:00,0,1.714,2.5
2026-03-11 16:27:53.705001 +00:00,0,1.68,2.5
2026-03-11 16:27:53.705001 +00:00,0,1.636,2.5
2026-03-11 16:27:53.705001 +00:00,0,7.953,2.5
2026-03-11 16:27:53.705001 +00:00,0,1.615,2.5
2026-03-11 16:27:53.705001 +00:00,0,1.665,2.5
2026-03-11 16:27:53.705001 +00:00,0,1.479,2.5
2026-03-11 16:27:53.705001 +00:00,0,2.019,2.5
2026-03-11 16:27:53.705001 +00:00,0,1.7689999,2.5
2026-03-11 16:27:53.705001 +00:00,0,1.481,2.5
2026-03-11 16:27:53.705001 +00:00,0,1.699,2.5
2026-03-11 16:27:53.705001 +00:00,0,11.085,2.5
2026-03-11 16:27:53.705001 +00:00,0,2.222,2.5
2026-03-11 16:27:53.705001 +00:00,0,1.73,2.5
2026-03-11 16:27:53.705001 +00:00,0,1.461,2.5
2026-03-11 16:27:53.705001 +00:00,0,2.2169998,2.5
2026-03-11 16:27:53.705001 +00:00,0,5.324,2.5
2026-03-11 16:27:53.705001 +00:00,0,1.629,2.5
2026-03-11 16:27:53.705001 +00:00,0,1.814,2.5
2026-03-11 16:27:53.705001 +00:00,0,1.605,2.5
2026-03-11 16:27:53.705001 +00:00,0,1.537,2.5
2026-03-11 16:27:53.705001 +00:00,0,1.599,2.5
2026-03-11 16:27:53.705001 +00:00,0,1.518,2.5
2026-03-11 16:27:53.705001 +00:00,0,1.551,2.5
2026-03-11 16:27:53.705001 +00:00,0,1.7379999,2.5
2026-03-11 16:27:53.705001 +00:00,0,8.801001,2.5
2026-03-11 16:27:53.705001 +00:00,0,1.6309999,2.5
2026-03-11 16:27:53.705001 +00:00,0,13.985,2.5
2026-03-11 16:27:53.705001 +00:00,0,7.211,2.5
2026-03-11 16:27:53.705001 +00:00,0,1.523,2.5
2026-03-11 16:27:53.705001 +00:00,0,2.59,2.5
2026-03-11 16:27:53.705001 +00:00,0,1.577,2.5
2026-03-11 16:27:53.705001 +00:00,0,17.614,2.5
2026-03-11 16:27:53.705001 +00:00,0,1.6240001,2.5
2026-03-11 16:27:53.705001 +00:00,0,1.763,2.5
2026-03-11 16:27:53.705001 +00:00,0,1.512,2.5
2026-03-11 16:27:53.705001 +00:00,0,1.763,2.5
2026-03-11 16:27:53.705001 +00:00,0,8.108,2.5
2026-03-11 16:27:53.705001 +00:00,0,2.0349998,2.5
2026-03-11 16:27:53.705001 +00:00,0,1.626,2.5
2026-03-11 16:27:53.705001 +00:00,0,1.565,2.5
2026-03-11 16:27:53.705001 +00:00,0,9.734,2.5
2026-03-11 16:27:53.705001 +00:00,0,1.607,2.5
2026-03-11 16:27:53.705001 +00:00,0,13.198,2.5
2026-03-11 16:27:53.705001 +00:00,0,3.241,2.5
2026-03-11 16:27:53.705001 +00:00,0,7.1419997,2.5
2026-03-11 16:27:53.705001 +00:00,0,7.747,2.5
2026-03-11 16:27:53.705001 +00:00,0,2.812,2.5
2026-03-11 16:27:53.705001 +00:00,0,1.63,2.5
2026-03-11 16:27:53.705001 +00:00,0,1.3790001,2.5
2026-03-11 16:27:53.705001 +00:00,0,6.927,2.5
2026-03-11 16:27:53.705001 +00:00,0,5.488,2.5
2026-03-11 16:27:53.705001 +00:00,0,1.982,2.5
2026-03-11 16:27:53.705001 +00:00,0,2.159,2.5
2026-03-11 16:27:53.705001 +00:00,0,1.541,2.5
2026-03-11 16:27:53.705001 +00:00,0,1.4580001,2.5
2026-03-11 16:27:53.705001 +00:00,0,1.8119999,2.5
2026-03-11 16:27:53.705001 +00:00,0,1.476,2.5
2026-03-11 16:27:53.705001 +00:00,0,1.3360001,2.5
2026-03-11 16:27:53.705001 +00:00,0,1.6420001,2.5
2026-03-11 16:27:53.705001 +00:00,0,2.924,2.5
2026-03-11 16:27:53.705001 +00:00,0,6.872,2.5
2026-03-11 16:27:53.705001 +00:00,0,1.377,2.5
2026-03-11 16:27:53.705001 +00:00,0,12.088,2.5
2026-03-11 16:27:53.705001 +00:00,0,1.348,2.5
2026-03-11 16:27:53.705001 +00:00,0,1.368,2.5
2026-03-11 16:27:53.705001 +00:00,0,1.508,2.5
2026-03-11 16:27:53.705001 +00:00,0,1.484,2.5
2026-03-11 16:27:53.705001 +00:00,0,1.537,2.5
2026-03-11 16:27:53.705001 +00:00,0,13.055,2.5
2025-12-05 16:37:40.734001 +00:00,0,10.359,1.708
2025-09-10 09:03:57.113001 +00:00,0,3.3509998,7.0270004
2025-09-10 09:03:57.113001 +00:00,0,1.6459999,7.0270004
2025-10-23 14:19:22.125001 +00:00,0,1.674,1.809
2025-10-23 14:19:22.125001 +00:00,0,1.76,1.809
2025-10-23 14:19:22.125001 +00:00,0,1.6570001,1.809
2025-10-23 14:19:22.125001 +00:00,0,1.653,1.809
2025-09-05 12:50:42.922001 +00:00,0,3.8600001,13.58
2025-10-23 14:19:22.125001 +00:00,0,1.697,1.809
2025-10-23 14:19:22.125001 +00:00,0,1.825,1.809
2025-09-05 11:46:24.997001 +00:00,0,4.94,1.832
2025-09-10 06:49:38.063001 +00:00,0,1.568,1.725
2025-10-24 09:24:38.059001 +00:00,0,14.126,27.112
2025-10-23 14:19:22.125001 +00:00,0,1.702,1.809
2025-10-23 14:19:22.125001 +00:00,0,7.348,1.809
2025-09-03 08:47:28.172001 +00:00,0,1.861,1.717
2026-05-06 08:42:18.992001 +00:00,0,1.494,1.6159999
2026-05-06 08:42:18.992001 +00:00,0,1.521,1.6159999
2026-05-06 08:42:18.992001 +00:00,0,1.339,1.6159999
2026-05-06 08:42:18.992001 +00:00,0,9.71,1.6159999
2025-10-23 14:19:22.125001 +00:00,0,1.908,1.809
2025-10-23 14:19:22.125001 +00:00,0,1.704,1.809
2025-10-23 14:15:17.744001 +00:00,0,4.2920003,1.809
2025-10-23 14:15:17.744001 +00:00,0,7.596,1.809
2025-10-23 14:15:17.744001 +00:00,0,3.7489998,1.809
2025-10-23 14:15:17.744001 +00:00,0,2.192,1.809
2025-10-23 14:15:17.744001 +00:00,0,9.33,1.809
2025-10-23 14:15:17.744001 +00:00,0,6.487,1.809
2025-10-23 14:19:22.125001 +00:00,0,8.445999,1.809
2025-10-23 14:19:22.125001 +00:00,0,1.62,1.809
2025-09-03 08:47:28.172001 +00:00,0,1.591,1.717
2025-10-23 14:19:22.125001 +00:00,0,1.587,1.809
2025-10-23 14:19:22.125001 +00:00,0,8.49,1.809
2025-10-23 14:19:22.125001 +00:00,0,9.383,1.809
2025-10-23 14:19:22.125001 +00:00,0,1.8690001,1.809
2025-10-23 14:19:22.125001 +00:00,0,8.522,1.809
2025-10-23 14:19:22.125001 +00:00,0,8.087,1.809
2025-10-23 14:19:22.125001 +00:00,0,2.204,1.809
2025-10-23 14:19:22.125001 +00:00,0,1.694,1.809
2025-10-23 14:19:22.125001 +00:00,0,9.648,1.809
2025-10-23 14:19:22.125001 +00:00,0,1.528,1.809
2025-10-23 14:19:22.125001 +00:00,0,1.572,1.809
2025-10-23 14:19:22.125001 +00:00,0,1.576,1.809
2025-10-23 14:19:22.125001 +00:00,0,6.947,1.809
2025-10-23 14:19:22.125001 +00:00,0,7.291,1.809
2025-10-23 14:19:22.125001 +00:00,0,1.8119999,1.809
2025-10-23 14:19:22.125001 +00:00,0,6.582,1.809
2025-10-23 14:19:22.125001 +00:00,0,1.7030001,1.809
2025-10-23 14:19:22.125001 +00:00,0,6.6650004,1.809
2025-10-23 14:19:22.125001 +00:00,0,8.727,1.809
2025-10-23 14:19:22.125001 +00:00,0,1.721,1.809
2025-10-23 14:19:22.125001 +00:00,0,1.634,1.809
2025-10-23 14:19:22.125001 +00:00,0,2.1069999,1.809
2025-09-10 10:12:08.343001 +00:00,0,1.715,1.648
2025-10-23 14:15:17.744001 +00:00,0,1.8260001,1.809
2025-10-23 14:15:17.744001 +00:00,0,6.9300003,1.809
2025-10-23 14:15:17.744001 +00:00,0,1.6129999,1.809
2025-10-23 14:15:17.744001 +00:00,0,1.65,1.809
2025-10-23 14:15:17.744001 +00:00,0,1.7310001,1.809
2025-10-23 14:15:17.744001 +00:00,0,1.722,1.809
2025-10-23 14:15:17.744001 +00:00,0,2.606,1.809
2025-10-23 14:15:17.744001 +00:00,0,2.4880002,1.809
2025-10-23 14:15:17.744001 +00:00,0,1.648,1.809
2025-10-23 14:15:17.744001 +00:00,0,1.641,1.809
2025-10-23 14:15:17.744001 +00:00,0,4.5369997,1.809
2025-10-23 14:15:17.744001 +00:00,0,1.789,1.809
2025-10-23 14:15:17.744001 +00:00,0,1.6850001,1.809
2025-10-23 14:15:17.744001 +00:00,0,2.135,1.809
2025-10-23 14:15:17.744001 +00:00,0,1.7770001,1.809
2025-10-23 14:15:17.744001 +00:00,0,1.68,1.809
2025-10-23 14:15:17.744001 +00:00,0,1.667,1.809
2025-10-23 14:15:17.744001 +00:00,0,2.658,1.809
2025-10-23 14:15:17.744001 +00:00,0,2.3209999,1.809
2025-10-23 14:15:17.744001 +00:00,0,4.048,1.809
2025-10-23 14:15:17.744001 +00:00,0,1.674,1.809
2025-10-23 14:15:17.744001 +00:00,0,1.76,1.809
2025-10-23 14:15:17.744001 +00:00,0,1.6570001,1.809
2025-10-23 14:15:17.744001 +00:00,0,1.653,1.809
2025-10-23 14:15:17.744001 +00:00,0,1.697,1.809
2025-10-23 14:15:17.744001 +00:00,0,1.825,1.809
2025-10-23 14:15:17.744001 +00:00,0,1.663,1.809
2025-10-23 14:15:17.744001 +00:00,0,1.587,1.809
2025-10-23 14:15:17.744001 +00:00,0,1.702,1.809
2025-10-23 14:15:17.744001 +00:00,0,7.6740003,1.809
2025-10-23 14:15:17.744001 +00:00,0,1.908,1.809
2025-10-23 14:15:17.744001 +00:00,0,1.704,1.809
2025-10-23 14:15:17.744001 +00:00,0,1.694,1.809
2025-10-23 14:15:17.744001 +00:00,0,7.348,1.809
2025-10-23 14:15:17.744001 +00:00,0,2.1069999,1.809
2025-10-23 14:15:17.744001 +00:00,0,1.634,1.809
2025-10-23 14:15:17.744001 +00:00,0,1.721,1.809
2025-10-23 14:15:17.744001 +00:00,0,1.684,1.809
2025-10-23 14:15:17.744001 +00:00,0,8.727,1.809
2025-10-23 14:15:17.744001 +00:00,0,6.6650004,1.809
2025-10-23 14:15:17.744001 +00:00,0,1.7030001,1.809
2025-10-23 14:15:17.744001 +00:00,0,6.582,1.809
2025-10-23 14:15:17.744001 +00:00,0,7.291,1.809
2025-10-23 14:15:17.744001 +00:00,0,6.947,1.809
2025-10-23 14:15:17.744001 +00:00,0,1.576,1.809
2025-10-23 14:15:17.744001 +00:00,0,1.618,1.809
2025-10-23 14:15:17.744001 +00:00,0,1.572,1.809
2025-10-23 14:15:17.744001 +00:00,0,7.8710003,1.809
2025-10-23 14:15:17.744001 +00:00,0,2.204,1.809
2025-10-23 14:15:17.744001 +00:00,0,8.087,1.809
2025-10-23 14:15:17.744001 +00:00,0,8.522,1.809
2025-10-23 14:15:17.744001 +00:00,0,1.8690001,1.809
2025-10-23 14:15:17.744001 +00:00,0,9.383,1.809
2025-10-23 14:15:17.744001 +00:00,0,8.49,1.809
2025-10-23 14:15:17.744001 +00:00,0,6.98,1.809
2025-10-23 14:15:17.744001 +00:00,0,8.445999,1.809
2025-10-23 14:15:17.744001 +00:00,0,7.2460003,1.809
2025-10-23 14:15:17.744001 +00:00,0,6.6109996,1.809
2025-10-23 14:15:17.744001 +00:00,0,1.718,1.809
2025-10-23 14:15:17.744001 +00:00,0,1.5849999,1.809
2025-10-23 14:15:17.744001 +00:00,0,1.7229999,1.809
2025-10-23 14:15:17.744001 +00:00,0,2.099,1.809
2025-10-23 14:15:17.744001 +00:00,0,1.658,1.809
2025-10-23 14:15:17.744001 +00:00,0,7.8530006,1.809
2025-10-23 14:15:17.744001 +00:00,0,5.184,1.809
2025-10-23 14:15:17.744001 +00:00,0,6.91,1.809
2025-10-23 14:15:17.744001 +00:00,0,1.713,1.809
2025-10-23 14:15:17.744001 +00:00,0,1.672,1.809
2025-10-23 14:15:17.744001 +00:00,0,1.567,1.809
2025-10-23 14:15:17.744001 +00:00,0,1.791,1.809
2025-10-23 14:15:17.744001 +00:00,0,1.58,1.809
2025-10-23 14:15:17.744001 +00:00,0,7.763,1.809
2025-10-23 14:19:22.125001 +00:00,0,3.7489998,1.809
2025-10-23 14:19:22.125001 +00:00,0,2.192,1.809
2025-10-23 14:19:22.125001 +00:00,0,6.487,1.809
2025-10-23 14:19:22.125001 +00:00,0,7.763,1.809
2025-10-23 14:19:22.125001 +00:00,0,1.58,1.809
2025-10-23 14:19:22.125001 +00:00,0,1.791,1.809
2025-10-23 14:19:22.125001 +00:00,0,1.672,1.809
2025-10-23 14:19:22.125001 +00:00,0,1.6270001,1.809
2025-10-23 14:19:22.125001 +00:00,0,1.713,1.809
2025-10-23 14:19:22.125001 +00:00,0,6.91,1.809
2025-10-23 14:19:22.125001 +00:00,0,5.184,1.809
2025-10-23 14:19:22.125001 +00:00,0,7.8530006,1.809
2025-10-23 14:19:22.125001 +00:00,0,1.664,1.809
2025-10-23 14:19:22.125001 +00:00,0,1.9150001,1.809
2025-10-23 14:19:22.125001 +00:00,0,1.635,1.809
2025-10-23 14:19:22.125001 +00:00,0,1.658,1.809
2025-10-23 14:19:22.125001 +00:00,0,1.7229999,1.809
2025-10-23 14:19:22.125001 +00:00,0,1.5849999,1.809
2025-10-23 14:19:22.125001 +00:00,0,1.718,1.809
2025-10-23 14:19:22.125001 +00:00,0,1.8260001,1.809
2025-10-23 14:19:22.125001 +00:00,0,6.9300003,1.809
2025-10-23 14:19:22.125001 +00:00,0,1.6129999,1.809
2025-10-23 13:49:14.941001 +00:00,0,,
2025-10-23 13:49:14.941001 +00:00,0,,
2025-10-23 13:49:14.941001 +00:00,0,,
2025-10-23 13:49:14.941001 +00:00,0,,
2025-10-23 13:49:14.941001 +00:00,0,,
2025-10-23 13:49:14.941001 +00:00,0,,
2025-10-23 13:49:14.941001 +00:00,0,,
2025-10-23 13:49:14.941001 +00:00,0,,
2025-10-23 13:49:14.941001 +00:00,0,,
2025-10-23 13:49:14.941001 +00:00,0,,
2025-10-23 13:49:14.941001 +00:00,0,,
2025-10-23 13:49:14.941001 +00:00,0,,
2025-10-23 13:49:14.941001 +00:00,0,,
2025-10-23 13:49:14.941001 +00:00,0,,
2025-10-23 13:49:14.941001 +00:00,0,,
2025-10-23 13:49:14.941001 +00:00,0,,
2025-10-23 13:49:14.941001 +00:00,0,,
2025-10-23 13:49:14.941001 +00:00,0,,
2025-10-23 13:49:14.941001 +00:00,0,,
2025-10-23 13:49:14.941001 +00:00,0,,
2025-10-23 13:49:14.941001 +00:00,0,,
2025-10-23 13:49:14.941001 +00:00,0,,
2025-10-23 13:49:14.941001 +00:00,0,,
2025-10-23 13:49:14.941001 +00:00,0,,
2025-10-23 13:49:14.941001 +00:00,0,,
2025-10-23 13:49:14.941001 +00:00,0,,
2025-10-23 13:49:14.941001 +00:00,0,,
2025-10-23 13:49:14.941001 +00:00,0,,
2025-10-23 13:49:14.941001 +00:00,0,2.432,
2025-10-23 13:49:14.941001 +00:00,0,,
2025-10-23 13:49:14.941001 +00:00,0,,
2025-10-23 13:49:14.941001 +00:00,0,,
2025-10-23 13:49:14.941001 +00:00,0,,
2025-10-23 13:49:14.941001 +00:00,0,,
2025-10-23 13:49:14.941001 +00:00,0,,
2025-10-23 13:49:14.941001 +00:00,0,,
2025-10-23 13:49:14.941001 +00:00,0,,
2025-10-23 13:49:14.941001 +00:00,0,,
2025-09-05 12:49:46.072001 +00:00,0,5.2840004,11.649
2025-12-17 13:32:16.523001 +00:00,0,,
2025-10-23 13:49:14.941001 +00:00,0,,
2025-10-23 13:49:14.941001 +00:00,0,,
2025-10-23 13:49:14.941001 +00:00,0,,
2025-10-23 13:49:14.941001 +00:00,0,,
2025-10-23 13:49:14.941001 +00:00,0,,
2025-10-23 13:49:14.941001 +00:00,0,,
2025-10-23 13:49:14.941001 +00:00,0,,
2025-10-23 13:49:14.941001 +00:00,0,,
2025-10-23 13:49:14.941001 +00:00,0,,
2025-10-23 13:49:14.941001 +00:00,0,,
2025-10-23 13:49:14.941001 +00:00,0,,
2025-10-23 13:49:14.941001 +00:00,0,,
2025-10-23 13:49:14.941001 +00:00,0,,
2025-10-23 13:49:14.941001 +00:00,0,,
2025-10-23 13:49:14.941001 +00:00,0,,
2025-10-23 13:49:14.941001 +00:00,0,,
2025-10-23 13:49:14.941001 +00:00,0,,
2025-10-23 13:49:14.941001 +00:00,0,,
2025-09-05 12:49:46.072001 +00:00,0,3.9329998,11.649
2025-10-23 13:49:14.941001 +00:00,0,,
2025-12-17 14:11:59.854001 +00:00,0,7.8459997,4.8980002
2025-12-17 14:11:59.854001 +00:00,0,14.897,4.8980002
2025-12-17 14:11:59.854001 +00:00,0,15.522,4.8980002
2025-12-17 14:11:59.854001 +00:00,0,13.572,4.8980002
2025-12-17 14:11:59.854001 +00:00,0,12.632,4.8980002
2025-12-17 14:11:59.854001 +00:00,0,10.053,4.8980002
2025-12-17 14:11:59.854001 +00:00,0,6.166,4.8980002
2025-12-17 14:11:59.854001 +00:00,0,4.155,4.8980002
2025-12-17 14:11:59.854001 +00:00,0,13.635,4.8980002
2025-12-17 14:11:59.854001 +00:00,0,4.952,4.8980002
2025-12-17 14:11:59.854001 +00:00,0,22.482,4.8980002
2025-12-17 14:11:59.854001 +00:00,0,5.346,4.8980002
2025-12-17 14:11:59.854001 +00:00,0,8.348001,4.8980002
2025-12-17 14:11:59.854001 +00:00,0,9.262,4.8980002
2025-12-17 14:11:59.854001 +00:00,0,11.611,4.8980002
2025-12-17 14:11:59.854001 +00:00,0,8.441,4.8980002
2025-12-17 14:11:59.854001 +00:00,0,9.765,4.8980002
2025-12-17 14:11:59.854001 +00:00,0,13.574,4.8980002
2025-12-17 14:11:59.854001 +00:00,0,4.767,4.8980002
2025-10-23 13:49:14.941001 +00:00,0,,
2025-10-23 13:49:14.941001 +00:00,0,,
2025-10-23 13:49:14.941001 +00:00,0,,
2025-10-23 13:49:14.941001 +00:00,0,,
2025-12-17 14:23:08.435001 +00:00,0,14.897,4.8980002
2025-12-17 14:23:08.435001 +00:00,0,15.522,4.8980002
2025-12-17 14:23:08.435001 +00:00,0,13.572,4.8980002
2025-12-17 14:23:08.435001 +00:00,0,12.632,4.8980002
2025-12-17 14:23:08.435001 +00:00,0,7.938,4.8980002
2025-12-17 14:23:08.435001 +00:00,0,10.053,4.8980002
2025-12-17 14:23:08.435001 +00:00,0,6.166,4.8980002
2025-12-17 14:23:08.435001 +00:00,0,4.155,4.8980002
2025-12-17 14:23:08.435001 +00:00,0,4.815,4.8980002
2025-12-17 14:23:08.435001 +00:00,0,8.589001,4.8980002
2025-12-17 14:23:08.435001 +00:00,0,10.889,4.8980002
2025-12-17 14:23:08.435001 +00:00,0,4.952,4.8980002
2025-12-17 14:23:08.435001 +00:00,0,8.348001,4.8980002
2025-12-17 14:23:08.435001 +00:00,0,9.262,4.8980002
2025-12-17 14:23:08.435001 +00:00,0,11.611,4.8980002
2025-12-17 14:23:08.435001 +00:00,0,8.441,4.8980002
2025-12-17 14:23:08.435001 +00:00,0,13.574,4.8980002
2025-12-17 14:23:08.435001 +00:00,0,4.767,4.8980002
2025-12-17 14:23:08.435001 +00:00,0,4.676,4.8980002
2025-12-17 14:23:08.435001 +00:00,0,15.269,4.8980002
2025-12-17 14:23:08.435001 +00:00,0,4.613,4.8980002
2025-12-17 14:23:08.435001 +00:00,0,4.586,4.8980002
2025-12-17 14:23:08.435001 +00:00,0,5.131,4.8980002
2025-12-17 14:23:08.435001 +00:00,0,13.1310005,4.8980002
2025-12-17 14:23:08.435001 +00:00,0,5.607,4.8980002
2025-12-17 14:23:08.435001 +00:00,0,4.703,4.8980002
2025-12-17 14:23:08.435001 +00:00,0,13.339,4.8980002
2025-12-17 14:23:08.435001 +00:00,0,22.556,4.8980002
2025-12-17 14:23:08.435001 +00:00,0,14.825001,4.8980002
2025-12-17 14:23:08.435001 +00:00,0,21.296,4.8980002
2025-12-17 14:23:08.435001 +00:00,0,12.394,4.8980002
2025-12-17 14:23:08.435001 +00:00,0,4.703,4.8980002
2025-12-17 14:23:08.435001 +00:00,0,4.297,4.8980002
2025-12-17 14:23:08.435001 +00:00,0,11.735,4.8980002
2025-12-17 14:23:08.435001 +00:00,0,4.744,4.8980002
2025-12-17 14:23:08.435001 +00:00,0,12.709001,4.8980002
2025-12-17 14:23:08.435001 +00:00,0,4.491,4.8980002
2025-12-17 14:23:08.435001 +00:00,0,10.882,4.8980002
2025-12-17 14:23:08.435001 +00:00,0,11.309,4.8980002
2025-12-17 14:23:08.435001 +00:00,0,22.288,4.8980002
2025-12-17 14:23:08.435001 +00:00,0,10.215,4.8980002
2025-12-17 14:23:08.435001 +00:00,0,10.036,4.8980002
2025-12-17 14:23:08.435001 +00:00,0,11.552,4.8980002
2025-12-17 14:23:08.435001 +00:00,0,4.375,4.8980002
2025-12-17 14:23:08.435001 +00:00,0,10.42,4.8980002
2025-12-17 14:23:08.435001 +00:00,0,6.621,4.8980002
2025-12-17 14:23:08.435001 +00:00,0,4.967,4.8980002
2025-12-17 14:23:08.435001 +00:00,0,13.752001,4.8980002
2025-12-17 14:23:08.435001 +00:00,0,4.6540003,4.8980002
2025-12-17 14:23:08.435001 +00:00,0,17.267,4.8980002
2025-12-17 14:23:08.435001 +00:00,0,13.663,4.8980002
2025-12-17 14:23:08.435001 +00:00,0,4.4979997,4.8980002
2025-12-17 14:23:08.435001 +00:00,0,8.306001,4.8980002
2025-12-17 14:23:08.435001 +00:00,0,6.229,4.8980002
2025-12-17 14:23:08.435001 +00:00,0,1.662,4.8980002
2025-12-17 14:23:08.435001 +00:00,0,13.415,4.8980002
2025-12-17 14:23:08.435001 +00:00,0,4.483,4.8980002
2025-12-17 14:23:08.435001 +00:00,0,27.23,4.8980002
2025-12-17 14:23:08.435001 +00:00,0,12.403,4.8980002
2025-12-17 14:23:08.435001 +00:00,0,12.762,4.8980002
2025-12-17 14:23:08.435001 +00:00,0,4.75,4.8980002
2025-12-17 14:23:08.435001 +00:00,0,7.414,4.8980002
2025-12-17 14:23:08.435001 +00:00,0,8.418,4.8980002
2025-12-17 14:23:08.435001 +00:00,0,12.667,4.8980002
2025-12-17 14:23:08.435001 +00:00,0,11.907001,4.8980002
2025-12-17 14:23:08.435001 +00:00,0,13.0460005,4.8980002
2025-12-17 14:23:08.435001 +00:00,0,4.257,4.8980002
2025-12-17 14:23:08.435001 +00:00,0,4.936,4.8980002
2025-12-17 14:23:08.435001 +00:00,0,7.158,4.8980002
2025-12-17 14:23:08.435001 +00:00,0,4.667,4.8980002
2025-12-17 14:23:08.435001 +00:00,0,13.599,4.8980002
2025-12-17 14:23:08.435001 +00:00,0,4.842,4.8980002
2025-12-17 14:23:08.435001 +00:00,0,13.969999,4.8980002
2025-12-17 14:23:08.435001 +00:00,0,6.834,4.8980002
2025-12-17 14:23:08.435001 +00:00,0,4.339,4.8980002
2025-10-23 13:49:14.941001 +00:00,0,,
2025-10-23 13:49:14.941001 +00:00,0,,
2025-10-23 13:49:14.941001 +00:00,0,,
2025-10-23 13:49:14.941001 +00:00,0,,
2025-10-23 13:49:14.941001 +00:00,0,,
2025-10-23 13:49:14.941001 +00:00,0,,
2025-10-10 12:51:32.008001 +00:00,0,5.91,3.762
2025-10-10 12:51:32.008001 +00:00,0,2.1869998,3.762
2025-10-10 12:51:32.008001 +00:00,0,1.615,3.762
2025-10-10 12:51:32.008001 +00:00,0,2.273,3.762
2025-10-10 12:51:32.008001 +00:00,0,1.6949999,3.762
2025-10-10 12:51:32.008001 +00:00,0,7.5559998,3.762
2025-10-10 12:51:32.008001 +00:00,0,19.164999,3.762
2025-10-10 12:51:32.008001 +00:00,0,4.056,3.762
2025-10-10 12:51:32.008001 +00:00,0,7.612,3.762
2025-10-10 12:51:32.008001 +00:00,0,2.8939998,3.762
2025-10-10 12:51:32.008001 +00:00,0,1.651,3.762
2025-10-10 12:51:32.008001 +00:00,0,2.119,3.762
2025-10-10 12:51:32.008001 +00:00,0,1.5,3.762
2026-01-05 14:24:05.967001 +00:00,0,4.552,1.883
2026-01-05 14:27:25.768001 +00:00,0,10.517,12.342
2025-10-10 12:51:32.008001 +00:00,0,8.491,3.762
2026-01-05 14:31:02.549001 +00:00,0,10.517,4.373
2025-10-10 12:51:32.008001 +00:00,0,1.698,3.762
2025-10-23 13:49:14.941001 +00:00,0,,
2025-10-10 12:51:32.008001 +00:00,0,6.558,3.762
2025-10-23 13:49:14.941001 +00:00,0,,
2025-10-10 12:51:32.008001 +00:00,0,1.676,3.762
2026-01-22 15:46:19.420001 +00:00,0,13.877,5.147
2026-01-22 15:46:19.420001 +00:00,0,19.549,5.147
2026-01-22 15:46:19.420001 +00:00,0,10.0199995,5.147
2025-10-23 13:49:14.941001 +00:00,0,,
2025-10-23 13:49:14.941001 +00:00,0,,
2025-10-23 13:49:14.941001 +00:00,0,,
2025-10-23 13:49:14.941001 +00:00,0,,
2025-10-23 14:09:48.883001 +00:00,0,7.763,9.33
2025-10-23 14:09:48.883001 +00:00,0,6.276,9.33
2025-10-23 14:09:48.883001 +00:00,0,1.664,9.33
2025-10-23 14:09:48.883001 +00:00,0,1.8759999,9.33
2025-10-23 14:09:48.883001 +00:00,0,1.5849999,9.33
2025-10-23 14:09:48.883001 +00:00,0,2.4880002,9.33
2025-10-23 14:09:48.883001 +00:00,0,1.674,9.33
2025-10-23 14:09:48.883001 +00:00,0,1.704,9.33
2025-10-23 14:19:22.125001 +00:00,0,1.5849999,1.809
2025-10-10 12:51:32.008001 +00:00,0,12.748,3.762
2025-10-10 12:51:32.008001 +00:00,0,2.379,3.762
2025-10-10 12:51:32.008001 +00:00,0,1.804,3.762
2025-10-10 12:51:32.008001 +00:00,0,3.05,3.762
2025-10-10 12:51:32.008001 +00:00,0,1.892,3.762
2025-10-10 12:51:32.008001 +00:00,0,2.397,3.762
2025-10-10 12:51:32.008001 +00:00,0,11.809,3.762
2025-10-10 12:51:32.008001 +00:00,0,1.897,3.762
2025-10-10 12:51:32.008001 +00:00,0,7.031,3.762
2025-10-10 12:51:32.008001 +00:00,0,1.883,3.762
2025-10-10 12:51:32.008001 +00:00,0,1.923,3.762
2025-10-10 12:51:32.008001 +00:00,0,8.747001,3.762
2025-10-10 12:51:32.008001 +00:00,0,8.476999,3.762
2025-10-10 12:51:32.008001 +00:00,0,1.7030001,3.762
2025-10-10 12:51:32.008001 +00:00,0,2.3660002,3.762
2025-10-10 12:51:32.008001 +00:00,0,1.6270001,3.762
2025-10-10 12:51:32.008001 +00:00,0,5.443,3.762
2025-10-10 12:51:32.008001 +00:00,0,6.97,3.762
2025-10-10 12:51:32.008001 +00:00,0,1.92,3.762
2025-10-10 12:51:32.008001 +00:00,0,5.784,3.762
2025-10-10 12:51:32.008001 +00:00,0,5.481,3.762
2025-10-10 12:51:32.008001 +00:00,0,12.341001,3.762
2025-10-10 12:51:32.008001 +00:00,0,2.049,3.762
2025-10-10 12:51:32.008001 +00:00,0,1.867,3.762
2025-10-10 12:51:32.008001 +00:00,0,8.745,3.762
2025-10-10 12:51:32.008001 +00:00,0,1.7490001,3.762
2025-10-10 12:51:32.008001 +00:00,0,7.999,3.762
2025-10-10 12:51:32.008001 +00:00,0,1.594,3.762
2025-10-10 12:51:32.008001 +00:00,0,1.5239999,3.762
2025-10-10 12:51:32.008001 +00:00,0,7.229,3.762
2025-10-10 12:51:32.008001 +00:00,0,1.686,3.762
2025-10-10 12:51:32.008001 +00:00,0,5.169,3.762
2025-10-10 12:51:32.008001 +00:00,0,5.931,3.762
2025-10-10 12:51:32.008001 +00:00,0,1.541,3.762
2025-10-10 12:51:32.008001 +00:00,0,1.8840001,3.762
2025-10-10 12:51:32.008001 +00:00,0,11.731,3.762
2025-10-10 12:51:32.008001 +00:00,0,1.602,3.762
2025-10-10 12:51:32.008001 +00:00,0,6.6,3.762
2025-10-10 12:51:32.008001 +00:00,0,1.691,3.762
2025-10-10 12:51:32.008001 +00:00,0,1.718,3.762
2025-10-10 12:51:32.008001 +00:00,0,4.1530004,3.762
2025-10-10 12:51:32.008001 +00:00,0,1.8110001,3.762
2025-10-10 12:51:32.008001 +00:00,0,9.61,3.762
2025-10-10 12:51:32.008001 +00:00,0,1.5849999,3.762
2025-10-10 12:51:32.008001 +00:00,0,1.745,3.762
2025-10-10 12:51:32.008001 +00:00,0,3.547,3.762
2025-10-10 12:51:32.008001 +00:00,0,9.651,3.762
2025-10-10 12:51:32.008001 +00:00,0,7.55,3.762
2025-10-10 12:51:32.008001 +00:00,0,1.871,3.762
2025-10-10 12:51:32.008001 +00:00,0,6.921,3.762
2025-10-10 12:51:32.008001 +00:00,0,4.21,3.762
2025-10-10 12:51:32.008001 +00:00,0,1.593,3.762
2025-10-10 12:51:32.008001 +00:00,0,6.572,3.762
2025-10-10 12:51:32.008001 +00:00,0,1.764,3.762
2025-10-10 12:51:32.008001 +00:00,0,1.901,3.762
2025-10-10 12:51:32.008001 +00:00,0,1.953,3.762
2025-09-03 11:00:20.864001 +00:00,0,1.778,2.024
2025-10-23 14:19:22.125001 +00:00,0,1.65,1.809
2025-10-10 12:51:32.008001 +00:00,0,2.5909998,3.762
2025-10-10 12:51:32.008001 +00:00,0,1.6159999,3.762
2025-10-10 12:51:32.008001 +00:00,0,1.621,3.762
2025-10-10 12:51:32.008001 +00:00,0,3.606,3.762
2025-10-10 12:51:16.648001 +00:00,0,5.91,3.762
2025-10-10 12:51:16.648001 +00:00,0,1.615,3.762
2025-10-10 12:51:16.648001 +00:00,0,2.273,3.762
2025-10-10 12:51:16.648001 +00:00,0,7.5559998,3.762
2025-10-10 12:51:16.648001 +00:00,0,19.164999,3.762
2025-09-10 09:03:37.133001 +00:00,0,1.5350001,1.875
2025-10-10 12:51:16.648001 +00:00,0,4.056,3.762
2026-01-22 15:48:20.020001 +00:00,0,19.549,5.147
2025-10-23 14:19:22.125001 +00:00,0,1.7310001,1.809
2025-09-10 09:03:37.133001 +00:00,0,2.085,1.875
2025-10-23 14:19:22.125001 +00:00,0,1.722,1.809
2025-10-10 12:51:16.648001 +00:00,0,7.612,3.762
2025-10-10 12:51:16.648001 +00:00,0,2.8939998,3.762
2025-10-10 12:51:16.648001 +00:00,0,1.651,3.762
2025-10-10 12:51:16.648001 +00:00,0,2.119,3.762
2025-10-10 12:51:16.648001 +00:00,0,8.491,3.762
2025-10-10 12:51:16.648001 +00:00,0,1.698,3.762
2025-10-10 12:51:16.648001 +00:00,0,6.558,3.762
2025-10-10 12:51:16.648001 +00:00,0,1.676,3.762
2025-10-10 12:51:16.648001 +00:00,0,12.748,3.762
2025-10-10 12:51:16.648001 +00:00,0,2.379,3.762
2025-10-10 12:51:16.648001 +00:00,0,1.804,3.762
2025-10-10 12:51:16.648001 +00:00,0,3.05,3.762
2025-10-10 12:51:16.648001 +00:00,0,1.892,3.762
2025-10-10 12:51:16.648001 +00:00,0,2.397,3.762
2025-10-10 12:51:16.648001 +00:00,0,11.809,3.762
2025-10-10 12:51:16.648001 +00:00,0,1.897,3.762
2025-10-10 12:51:16.648001 +00:00,0,7.031,3.762
2025-10-10 12:51:16.648001 +00:00,0,1.883,3.762
2025-10-10 12:51:16.648001 +00:00,0,8.747001,3.762
2025-10-10 12:51:16.648001 +00:00,0,8.476999,3.762
2025-10-10 12:51:16.648001 +00:00,0,1.7030001,3.762
2025-10-10 12:51:16.648001 +00:00,0,1.722,3.762
2025-10-10 12:51:16.648001 +00:00,0,2.3660002,3.762
2025-10-10 12:51:16.648001 +00:00,0,4.294,3.762
2025-10-10 12:51:16.648001 +00:00,0,1.6270001,3.762
2025-10-10 12:51:16.648001 +00:00,0,6.97,3.762
2025-10-10 12:51:16.648001 +00:00,0,1.87,3.762
2025-10-10 12:51:16.648001 +00:00,0,1.54,3.762
2025-10-10 12:51:16.648001 +00:00,0,1.92,3.762
2025-10-10 12:51:16.648001 +00:00,0,5.784,3.762
2025-10-10 12:51:16.648001 +00:00,0,5.481,3.762
2025-10-10 12:51:16.648001 +00:00,0,12.341001,3.762
2025-10-10 12:51:16.648001 +00:00,0,7.573,3.762
2025-10-10 12:51:16.648001 +00:00,0,2.049,3.762
2025-10-10 12:51:16.648001 +00:00,0,1.556,3.762
2025-10-10 12:51:16.648001 +00:00,0,1.512,3.762
2025-10-10 12:51:16.648001 +00:00,0,1.867,3.762
2025-10-10 12:51:16.648001 +00:00,0,8.745,3.762
2025-10-10 12:51:16.648001 +00:00,0,7.8800006,3.762
2025-10-10 12:51:16.648001 +00:00,0,11.110001,3.762
2025-10-10 12:51:16.648001 +00:00,0,7.999,3.762
2025-10-10 12:51:16.648001 +00:00,0,1.594,3.762
2025-10-10 12:51:16.648001 +00:00,0,1.5239999,3.762
2025-10-10 12:51:16.648001 +00:00,0,7.229,3.762
2025-10-10 12:51:16.648001 +00:00,0,1.686,3.762
2025-10-10 12:51:16.648001 +00:00,0,5.169,3.762
2025-10-10 12:51:16.648001 +00:00,0,5.931,3.762
2025-10-10 12:51:16.648001 +00:00,0,1.541,3.762
2025-10-10 12:51:16.648001 +00:00,0,1.8840001,3.762
2025-10-10 12:51:16.648001 +00:00,0,11.731,3.762
2025-10-10 12:51:16.648001 +00:00,0,1.9180001,3.762
2025-10-10 12:51:16.648001 +00:00,0,6.6,3.762
2025-10-10 12:51:16.648001 +00:00,0,1.691,3.762
2025-10-10 12:51:16.648001 +00:00,0,1.718,3.762
2025-10-10 12:51:16.648001 +00:00,0,4.1530004,3.762
2025-10-10 12:51:16.648001 +00:00,0,1.8110001,3.762
2025-10-10 12:51:16.648001 +00:00,0,9.61,3.762
2025-10-10 12:51:16.648001 +00:00,0,1.7989999,3.762
2025-10-10 12:51:16.648001 +00:00,0,8.322,3.762
2025-10-10 12:51:16.648001 +00:00,0,1.745,3.762
2025-10-10 12:51:16.648001 +00:00,0,3.547,3.762
2025-10-10 12:51:16.648001 +00:00,0,9.651,3.762
2025-10-10 12:51:16.648001 +00:00,0,1.706,3.762
2025-10-10 12:51:16.648001 +00:00,0,7.55,3.762
2025-10-10 12:51:16.648001 +00:00,0,1.693,3.762
2025-10-10 12:51:16.648001 +00:00,0,1.871,3.762
2025-10-10 12:51:16.648001 +00:00,0,4.21,3.762
2025-10-10 12:51:16.648001 +00:00,0,1.593,3.762
2025-10-10 12:51:16.648001 +00:00,0,6.572,3.762
2025-10-10 12:51:16.648001 +00:00,0,1.764,3.762
2026-01-22 15:58:30.102001 +00:00,0,19.549,5.147
2026-01-22 15:58:30.102001 +00:00,0,9.549999,5.147
