D6,14.046000480651855
C2,9.901000022888184
N3,1.715000033378601
E3,3.7019999027252197
H1,1.7310000658035278
F3,1.5500000715255737
L2,1.584999918937683
K6,1.6670000553131104
P5,2.0139999389648438
F5,24.733999252319336
O1,1.3989999294281006
G1,6.2330002784729
O5,13.891000747680664
K4,7.9150004386901855
K5,6.568000316619873
F4,1.680999994277954
I1,4.747000217437744
L5,1.5630000829696655
H1,1.593000054359436
E4,1.562000036239624
E5,1.7869999408721924
A4,1.6579999923706055
B1,5.28000020980835
G6,1.628000020980835
N2,1.5870000123977661
A5,4.433000087738037
A5,1.7699999809265137
F1,7.799999713897705
O3,2.866999864578247
P2,1.5889999866485596
J2,4.455999851226807
F2,1.4329999685287476
L5,11.206000328063965
G4,20.05500030517578
E5,7.524999618530273
B6,1.5600000619888306
K1,1.7130000591278076
O3,6.01800012588501
I2,1.5260000228881836
D3,1.6230000257492065
C6,1.7400000095367432
F3,19.641998291015625
H5,4.220999717712402
K1,6.634000301361084
H4,1.7920000553131104
H1,16.215999603271484
F3,1.7630000114440918
E6,2.2169997692108154
H4,10.031000137329102
O6,7.370999813079834
G5,3.064000129699707
I3,2.072999954223633
G4,1.6029999256134033
O3,1.753999948501587
J1,1.4359999895095825
J4,27.679000854492188
H4,5.923000335693359
K6,1.5260000228881836
B6,3.187999963760376
J3,1.8119999170303345
G1,5.696000099182129
D2,10.080999374389648
F4,1.6710000038146973
E5,5.565000057220459
L6,9.73799991607666
N1,1.6510000228881836
F1,2.6570000648498535
A5,1.3619999885559082
G1,1.5519999265670776
M6,2.9240000247955322
I4,1.555999994277954
L4,7.747000217437744
H5,8.753999710083008
D3,1.3790000677108765
A6,14.832999229431152
A3,7.675000190734863
F5,4.654999732971191
P2,1.6619999408721924
M5,1.9819999933242798
L5,1.7979999780654907
P6,2.200000047683716
C1,1.5269999504089355
P1,1.3899999856948853
P3,11.472000122070312
I4,12.547999382019043
A6,1.5759999752044678
K4,1.6850000619888306
E6,1.444000005722046
K2,1.4570000171661377
N5,5.442999839782715
E1,12.052000045776367
I1,1.5549999475479126
M6,12.729999542236328
E4,1.471000075340271
N1,1.746999979019165
L4,2.1490001678466797
N1,2.180000066757202
O3,1.5999999046325684
I1,1.7869999408721924
K4,5.520999908447266
C5,1.7130000591278076
K5,14.218999862670898
E4,1.6679999828338623
C6,14.543999671936035
J4,1.3869999647140503
A5,1.777000069618225
B2,8.937000274658203
B4,21.928998947143555
H5,1.6059999465942383
M4,1.596000075340271
A6,1.7209999561309814
H1,1.746000051498413
J3,1.6029999256134033
K4,6.368000030517578
F3,1.9640001058578491
C5,1.6360000371932983
E5,4.327000141143799
I4,1.6230000257492065
D4,2.8289999961853027
G3,20.6560001373291
A5,10.918999671936035
N5,3.0820000171661377
O4,14.090999603271484
D5,7.807999610900879
D5,1.8410000801086426
L6,4.075999736785889
P6,2.984999895095825
H3,1.722999930381775
D3,1.597000002861023
P1,4.1579999923706055
L5,4.401000022888184
C1,1.7519999742507935
G6,1.7409999370574951
D3,1.3320000171661377
A1,1.9010000228881836
D2,1.847999930381775
B5,4.382999897003174
K2,8.961999893188477
H2,6.310999870300293
D5,1.8070000410079956
N1,1.5200001001358032
M3,1.6410000324249268
O2,1.937999963760376
A4,1.7699999809265137
C3,1.7030000686645508
M4,1.437000036239624
P3,1.6820000410079956
E2,3.1489999294281006
G3,7.391000270843506
I1,2.634999990463257
L5,1.5040000677108765
E4,1.5609999895095825
P6,9.557999610900879
A1,1.781000018119812
H5,2.500999927520752
C3,11.883999824523926
P1,8.59000015258789
F1,1.4759999513626099
M2,1.5140000581741333
M1,1.694000005722046
M1,1.9799998998641968
G5,2.99399995803833
K4,8.16200065612793
D4,1.6820000410079956
E4,1.4600000381469727
O4,1.5800000429153442
F6,1.6330000162124634
J4,1.3680000305175781
A1,1.6369999647140503
M6,1.5920000076293945
C2,1.722000002861023
M1,1.7879999876022339
O4,11.815999984741211
N1,6.390999794006348
G3,2.453000068664551
F3,1.625
B1,1.7419999837875366
F3,1.4730000495910645
B3,1.3820000886917114
P1,22.110000610351562
F4,1.4989999532699585
H4,6.785000324249268
O5,5.160999774932861
M6,13.302999496459961
F4,2.0450000762939453
M3,14.668000221252441
C5,1.4270000457763672
M6,1.4989999532699585
J5,2.994999885559082
H5,3.8510000705718994
E4,5.572999954223633
O4,1.6890000104904175
M3,13.90999984741211
G1,4.586999893188477
D6,1.9279999732971191
P1,1.71999990940094
F3,13.071000099182129
F4,1.621999979019165
K1,8.47599983215332
A5,14.984999656677246
L2,15.74899959564209
G3,4.736999988555908
A4,1.6749999523162842
K1,1.7340000867843628
M1,1.5119999647140503
D4,1.875
E2,1.6309999227523804
D3,2.3960001468658447
L1,6.546000003814697
F3,1.3640000820159912
O5,2.434999942779541
L3,1.7350000143051147
E6,2.7340002059936523
J4,2.13700008392334
P5,1.7710000276565552
G2,11.38700008392334
D2,2.7730000019073486
A5,7.684999942779541
N4,1.474000096321106
J4,1.7350000143051147
J3,1.4670000076293945
I4,1.7409999370574951
N4,15.169000625610352
C2,75.23699951171875
K3,1.7049999237060547
H6,6.674999713897705
F3,1.5519999265670776
M6,4.308000087738037
C3,1.6019999980926514
G6,8.565000534057617
I3,15.206999778747559
D3,1.5130000114440918
A4,2.3239998817443848
P2,1.9690001010894775
P6,8.403000831604004
I4,4.424999713897705
M5,4.610000133514404
B4,8.52400016784668
B1,1.440999984741211
E3,1.5759999752044678
C5,10.308000564575195
P4,1.5200001001358032
P6,8.942999839782715
B5,1.3389999866485596
J4,6.308000087738037
M2,9.890999794006348
M4,1.569000005722046
A5,7.503000259399414
I5,1.6319999694824219
F5,15.16200065612793
A2,10.269000053405762
D2,1.8309999704360962
D5,1.5379999876022339
G1,1.4520000219345093
N1,2.7790000438690186
O4,2.0290000438690186
I4,1.440999984741211
J2,2.4749999046325684
E6,2.0399999618530273
B5,1.6619999408721924
B5,1.6090000867843628
O3,5.392000198364258
D5,1.6449999809265137
A5,1.5429999828338623
N1,8.380999565124512
F5,1.8939999341964722
B6,11.055000305175781
B6,1.5320000648498535
L1,1.88100004196167
B2,1.7310000658035278
P5,8.348999977111816
O4,1.597000002861023
C4,1.4929999113082886
N3,1.472000002861023
H4,12.085000038146973
N3,3.5169999599456787
M4,1.5720000267028809
C2,6.008999824523926
K5,18.60099983215332
I5,1.5609999895095825
M4,16.327999114990234
M5,1.9859999418258667
H3,1.8509999513626099
B5,14.015000343322754
K1,1.5360000133514404
B4,9.812000274658203
M5,1.5110000371932983
H6,1.5920000076293945
M1,1.7740000486373901
M3,1.6769999265670776
I1,1.5089999437332153
L2,11.57699966430664
A3,1.6790000200271606
I3,2.1449999809265137
D3,6.514999866485596
D1,1.6790000200271606
G6,7.927999973297119
J4,5.264999866485596
H6,11.967000007629395
I2,4.6479997634887695
H6,1.4989999532699585
J3,4.125
G6,4.747000217437744
E5,1.3009999990463257
L2,8.427000045776367
E6,3.750999927520752
B6,1.559000015258789
E1,3.2210001945495605
I2,1.6799999475479126
E1,13.965999603271484
C4,3.8360002040863037
A3,1.4789999723434448
O2,1.71999990940094
F4,1.8680000305175781
P3,2.4140000343322754
E6,2.2929999828338623
K6,9.984999656677246
A4,1.6790000200271606
D1,4.089000225067139
N2,1.7079999446868896
E4,13.963000297546387
E5,1.5470000505447388
B3,1.6299999952316284
J3,16.888999938964844
L4,4.658999919891357
N3,58.21799850463867
P5,1.7209999561309814
F4,1.4909999370574951
M5,1.7049999237060547
B1,1.6469999551773071
F6,1.534000039100647
M4,2.681999921798706
C5,1.5399999618530273
H3,1.4869999885559082
C2,1.7620000839233398
G4,5.375999927520752
D6,13.879000663757324
M5,1.5640000104904175
G6,5.0279998779296875
H1,1.4759999513626099
M2,7.096999645233154
C4,1.7100000381469727
I3,1.8830000162124634
D6,1.6050000190734863
P2,1.5140000581741333
O3,1.7170000076293945
A2,1.6080000400543213
I3,13.913000106811523
M4,1.6309999227523804
A3,1.4779999256134033
M4,4.488000392913818
A1,6.544000148773193
I6,2.437000036239624
N4,1.3820000886917114
L1,1.440000057220459
G6,1.656000018119812
L6,2.4200000762939453
D3,1.6349999904632568
A1,1.4490000009536743
I1,3.5240001678466797
G4,13.427999496459961
L5,1.8299999237060547
M4,1.5059999227523804
G4,1.5829999446868896
F6,6.164999961853027
G4,1.6579999923706055
C1,1.3940000534057617
H1,4.900000095367432
O5,2.307000160217285
I1,7.005999565124512
I1,1.3880000114440918
G2,1.5859999656677246
G1,1.746999979019165
L4,12.47599983215332
D4,6.572999954223633
J4,1.6349999904632568
F5,1.627000093460083
P2,1.496999979019165
N4,4.093000411987305
L6,11.769000053405762
O2,1.5350000858306885
I2,3.5199999809265137
C5,2.6029999256134033
I4,12.177000045776367
J4,1.8040000200271606
L3,1.8350000381469727
I1,2.1649999618530273
J4,10.95199966430664
I6,14.111000061035156
H3,1.562000036239624
P2,3.7639999389648438
P1,1.5500000715255737
B1,1.5770000219345093
A5,1.9930000305175781
D1,1.5059999227523804
O6,1.6679999828338623
J3,13.222999572753906
I1,1.5889999866485596
M6,1.534000039100647
I2,2.058000087738037
C3,5.109000205993652
H6,1.5290000438690186
I2,1.6100000143051147
O4,1.5119999647140503
K3,5.9070000648498535
A6,5.284999847412109
M1,1.5399999618530273
E6,8.33799934387207
P3,7.052999973297119
K6,1.7009999752044678
B4,1.808000087738037
N3,13.425000190734863
M2,4.678000450134277
C6,1.6829999685287476
D6,1.3640000820159912
P5,3.174999952316284
N6,1.4880000352859497
G4,8.801000595092773
I6,1.75600004196167
J6,2.565000057220459
B5,1.753999948501587
N2,2.180999994277954
B2,1.5989999771118164
K4,1.61899995803833
H3,2.3980000019073486
A5,1.559000015258789
E4,6.823999881744385
A5,3.566999912261963
D1,3.388000011444092
O3,15.027999877929688
P5,2.2730000019073486
D5,1.5519999265670776
A1,1.6129999160766602
A4,6.329999923706055
B3,15.208000183105469
O2,1.5759999752044678
O1,1.6430000066757202
J1,5.129000186920166
C1,2.8899998664855957
O3,2.126999855041504
A5,1.4639999866485596
O2,1.553999900817871
A4,1.6169999837875366
N5,1.590000033378601
G3,3.8340001106262207
H1,13.822999954223633
I5,4.59499979019165
N3,1.9320000410079956
M3,13.28700065612793
O4,1.7269999980926514
C2,23.181001663208008
M6,1.553999900817871
E2,1.8050000667572021
I3,3.5390000343322754
P5,14.38599967956543
L3,4.776000022888184
E4,1.3820000886917114
J3,1.5210000276565552
H1,7.844000339508057
I1,1.4490000009536743
B6,1.5329999923706055
P6,1.5210000276565552
N3,1.4359999895095825
L1,56.6879997253418
E1,1.5329999923706055
A1,9.765000343322754
D3,4.7789998054504395
P2,1.746000051498413
M3,5.200999736785889
C2,1.5429999828338623
N3,2.877000093460083
J4,1.7280000448226929
G2,7.8520002365112305
H1,1.4900000095367432
J5,1.412000060081482
H1,12.835000038146973
A4,5.313000202178955
H6,18.168001174926758
L6,7.799999713897705
B1,5.9679999351501465
B2,1.3940000534057617
A2,1.7030000686645508
A2,2.804999828338623
F3,4.565999984741211
J5,1.5800000429153442
K3,1.4730000495910645
E2,1.6090000867843628
H4,4.203999996185303
L2,22.631999969482422
I6,7.947999954223633
E5,1.5290000438690186
N6,3.107999801635742
O4,11.943999290466309
O2,4.644000053405762
I1,1.6579999923706055
J3,7.728000164031982
H6,1.4499999284744263
P6,6.951999664306641
O6,1.6629999876022339
O6,1.5740000009536743
G3,1.4670000076293945
K4,1.781000018119812
N1,1.3960000276565552
A3,1.5789999961853027
N2,1.3700000047683716
C4,1.6420000791549683
J6,1.474000096321106
N6,1.3530000448226929
L2,2.7760000228881836
F5,1.5019999742507935
M3,1.8939999341964722
P2,15.043000221252441
H2,1.6399999856948853
A3,1.5709999799728394
E5,14.423999786376953
E5,1.4989999532699585
D4,1.430999994277954
J5,1.8739999532699585
H2,8.84000015258789
P4,2.2770001888275146
M4,1.4980000257492065
A6,5.171999931335449
M2,1.3790000677108765
H5,1.4860000610351562
A1,1.399999976158142
L5,1.5989999771118164
E3,1.5389999151229858
H1,1.6339999437332153
D1,7.9760003089904785
K6,5.195000171661377
D3,1.7269999980926514
D6,21.4060001373291
O1,1.781999945640564
C3,1.4670000076293945
K1,9.579000473022461
G2,1.6159999370574951
G1,1.7790000438690186
P3,1.6850000619888306
H3,3.7760000228881836
C5,1.9850000143051147
O6,1.3960000276565552
L1,1.7920000553131104
L3,5.220000267028809
H5,2.9690001010894775
A2,10.053000450134277
M5,2.317999839782715
P3,1.9789999723434448
M3,4.093000411987305
G1,8.343000411987305
F5,6.5
N1,1.6100000143051147
L3,7.904999732971191
M5,5.5829997062683105
B1,3.2269999980926514
J3,13.392000198364258
N4,4.447000026702881
B1,8.593999862670898
N3,3.42900013923645
K6,128.406005859375
I2,11.003999710083008
P4,10.680000305175781
H5,1.4529999494552612
N4,1.321000099182129
H1,1.8260000944137573
F3,1.590000033378601
J4,3.8379998207092285
J4,1.5160000324249268
O4,1.8990000486373901
P3,1.3389999866485596
B4,4.946000099182129
K5,2.572000026702881
I2,1.5219999551773071
J5,9.973999977111816
P5,8.47599983215332
P6,3.8910000324249268
O5,1.4819999933242798
E2,4.433000087738037
B4,1.555999994277954
A1,3.3980000019073486
I3,10.321000099182129
M3,1.5519999265670776
G1,1.5859999656677246
J2,10.47599983215332
M2,1.5509999990463257
P5,1.4850000143051147
H5,16.751001358032227
C4,1.811000108718872
J1,3.2669999599456787
P6,1.840000033378601
F6,4.753999710083008
B3,7.670000076293945
L2,2.11299991607666
B1,9.344999313354492
G3,5.175000190734863
I6,1.6100000143051147
N3,6.14900016784668
P5,1.378000020980835
G1,1.6720000505447388
G4,1.7089999914169312
D1,2.8399999141693115
G5,12.998000144958496
D4,3.439000129699707
J2,6.369999885559082
N1,2.18500018119812
D1,4.999000072479248
E3,5.135000228881836
B5,5.052999973297119
E4,9.595000267028809
L3,6.888000011444092
P4,3.450000047683716
C5,6.9019999504089355
F2,1.6779999732971191
O6,1.8309999704360962
B3,1.6330000162124634
B5,8.263999938964844
L2,8.835000038146973
A6,7.565000057220459
I1,1.784999966621399
B1,11.07599925994873
A1,4.960000038146973
A2,4.171999931335449
A5,1.4550000429153442
I3,1.5859999656677246
L4,1.503000020980835
B2,1.5440000295639038
J1,5.160000324249268
D6,1.7259999513626099
O1,1.3869999647140503
B1,1.4909999370574951
K2,2.6679999828338623
P1,1.5019999742507935
D6,6.459000110626221
E2,1.878000020980835
D4,13.725000381469727
I3,1.5920000076293945
O2,12.329000473022461
M1,1.4359999895095825
B5,2.440999984741211
D6,1.8040000200271606
G4,11.527999877929688
B2,4.639999866485596
E5,1.7610000371932983
N6,7.9629998207092285
C2,2.681999921798706
C2,1.5660001039505005
K6,1.6540000438690186
B4,27.381999969482422
D1,9.928000450134277
C4,4.627999782562256
M2,1.5410000085830688
P3,1.5379999876022339
F3,5.323999881744385
O1,3.2829999923706055
M5,6.194000244140625
O5,1.5140000581741333
B3,5.764999866485596
F6,1.7170000076293945
E2,1.8739999532699585
J2,1.6629999876022339
F4,4.002999782562256
F5,1.6380000114440918
B3,9.552000045776367
E5,1.503000020980835
O3,1.4110000133514404
P2,14.456000328063965
B5,1.8769999742507935
E3,9.886000633239746
E2,29.660999298095703
I2,1.5579999685287476
K3,3.9169998168945312
P1,3.2840001583099365
B4,3.421999931335449
O4,1.350000023841858
O2,1.690999984741211
K4,8.532999992370605
A4,6.281000137329102
N1,4.563000202178955
A2,7.052000045776367
D2,1.3429999351501465
P6,1.5410000085830688
H5,5.064000129699707
P6,11.935999870300293
J5,1.690999984741211
C5,1.9580000638961792
N5,4.461000442504883
J6,1.7070000171661377
P3,1.6469999551773071
D1,7.404999732971191
L6,6.579999923706055
K1,1.6390000581741333
N5,9.795000076293945
D6,8.710000038146973
O3,1.7269999980926514
I3,1.350000023841858
K5,1.5299999713897705
F2,3.559000015258789
K6,11.472000122070312
K5,1.6660000085830688
C3,8.378000259399414
L1,1.6230000257492065
F3,3.3910000324249268
C4,1.49399995803833
L2,17.034000396728516
I4,2.4179999828338623
L2,1.7480000257492065
K5,17.828998565673828
H1,7.210999965667725
M1,1.565000057220459
I3,1.3429999351501465
E2,15.736001014709473
M4,1.8739999532699585
B1,1.503000020980835
C3,1.409000039100647
O3,5.624000072479248
K6,7.759000301361084
C5,1.49399995803833
L1,3.322000026702881
P1,1.9930000305175781
N6,13.202000617980957
M1,1.6339999437332153
L4,1.434000015258789
K1,1.5780000686645508
G5,6.5320000648498535
F3,1.7209999561309814
I5,1.472000002861023
D4,1.6159999370574951
C4,1.4199999570846558
O6,2.615999937057495
A3,1.4670000076293945
L1,3.1679999828338623
N4,1.437999963760376
E3,4.765999794006348
C4,7.4629998207092285
D2,4.188000202178955
E2,1.7890000343322754
A3,12.552000045776367
D5,1.5149999856948853
C4,8.023999214172363
A2,2.4509999752044678
I3,1.3790000677108765
H5,3.809999942779541
P4,1.5110000371932983
E4,1.3429999351501465
E3,15.010000228881836
C3,2.4509999752044678
C5,1.7059999704360962
O2,1.6159999370574951
N4,1.7760000228881836
F4,2.174999952316284
I6,6.3939995765686035
K5,1.5759999752044678
I2,1.7359999418258667
M2,1.3849999904632568
A2,1.5699999332427979
B1,11.10099983215332
D2,6.845000267028809
D1,1.7680000066757202
K3,1.7319999933242798
F2,1.6339999437332153
G2,1.4449999332427979
K1,1.565000057220459
A2,8.38700008392334
L2,1.406999945640564
B1,15.942999839782715
A5,13.550000190734863
B3,1.7719999551773071
O6,2.950000047683716
M5,5.8510003089904785
B3,16.209999084472656
H4,7.36899995803833
D1,8.494999885559082
E2,1.5999999046325684
G3,1.3619999885559082
H2,1.5369999408721924
M3,6.927000045776367
F6,2.184000015258789
B2,1.4900000095367432
M1,14.946000099182129
H6,2.1530001163482666
C6,4.153000354766846
D5,3.6659998893737793
I4,2.494999885559082
C5,1.7719999551773071
N3,1.7620000839233398
C2,1.400999903678894
O4,9.890999794006348
C1,4.302999973297119
A5,1.49399995803833
A5,1.6069999933242798
N3,1.684000015258789
A5,1.819000005722046
B5,4.960999965667725
H3,1.4860000610351562
E5,7.195000171661377
G6,1.6019999980926514
F3,1.7929999828338623
L6,2.812000036239624
E6,1.5579999685287476
G2,5.534999847412109
C5,2.114000082015991
D6,1.777000069618225
A3,1.4580000638961792
M3,1.5160000324249268
C1,1.6039999723434448
H4,8.057000160217285
E2,1.4639999866485596
J5,1.3660000562667847
G4,3.4159998893737793
I1,2.3540000915527344
I3,1.7519999742507935
L5,1.5049999952316284
K4,1.5600000619888306
P1,1.624000072479248
F4,2.072000026702881
A1,1.5989999771118164
M3,8.3149995803833
O6,1.5460000038146973
D3,15.151999473571777
A3,1.319000005722046
K2,12.606999397277832
M3,2.2100000381469727
P5,3.5480000972747803
M4,1.7009999752044678
F5,5.049999713897705
J2,1.3880000114440918
B5,1.4909999370574951
M1,1.4919999837875366
A4,1.524999976158142
H1,1.8489999771118164
L6,4.050000190734863
C5,2.927000045776367
H2,4.929999828338623
E1,2.0769999027252197
P2,1.4280000925064087
F2,12.474000930786133
P2,1.4210000038146973
F5,1.597999930381775
C4,1.4919999837875366
B6,1.6319999694824219
J3,1.6420000791549683
D5,1.3170000314712524
M6,1.475000023841858
A4,1.468000054359436
A2,1.7269999980926514
B1,13.939000129699707
K4,3.181999921798706
H1,1.7730000019073486
H2,7.296999931335449
O3,7.247000217437744
N4,1.3940000534057617
H4,10.574999809265137
C3,1.4539999961853027
G6,1.4850000143051147
B5,14.77199935913086
N3,8.484999656677246
L2,2.75
E6,1.3579999208450317
L5,18.111000061035156
M2,4.931999683380127
N1,1.4299999475479126
P3,1.4830000400543213
I4,1.5069999694824219
C6,3.1459999084472656
H3,1.7529999017715454
I4,2.6600000858306885
M2,15.038999557495117
F3,1.475000023841858
C4,1.4839999675750732
I1,1.4869999885559082
L3,1.6629999876022339
I4,1.8370000123977661
B4,1.7790000438690186
G6,7.271999835968018
J4,10.192999839782715
F4,2.3469998836517334
L3,1.6069999933242798
C1,4.2079997062683105
C1,14.717000007629395
K3,14.845999717712402
N4,5.0229997634887695
M3,2.058000087738037
A5,3.746999979019165
G4,1.9600000381469727
N5,1.3650000095367432
P6,1.5320000648498535
H2,1.4850000143051147
H1,1.7379999160766602
G1,4.364999771118164
K5,1.9160000085830688
G2,1.3459999561309814
I4,1.5290000438690186
A2,1.4919999837875366
B5,1.6549999713897705
J3,8.422999382019043
O4,1.8939999341964722
M5,1.5180000066757202
F1,2.883000135421753
H2,4.960999965667725
A4,4.289000034332275
I4,1.475000023841858
M3,1.5329999923706055
E3,2.1480000019073486
N4,1.7630000114440918
C5,12.350000381469727
D1,2.815000057220459
A5,1.9720001220703125
J1,1.6169999837875366
A4,1.409000039100647
M3,1.7350000143051147
B2,1.777000069618225
C1,9.444000244140625
A1,1.5829999446868896
O1,1.71999990940094
O1,2.1460001468658447
O1,13.63700008392334
I3,2.7739999294281006
I6,1.527999997138977
O6,1.6570000648498535
K1,2.187999963760376
C1,6.645999908447266
G1,1.777000069618225
N1,1.503000020980835
F6,4.548999786376953
L6,8.395999908447266
D3,7.048999786376953
M3,3.868000030517578
E5,14.210000038146973
E6,1.4160000085830688
M1,2.0260000228881836
H5,1.5770000219345093
D6,1.402999997138977
L6,1.8919999599456787
L4,2.242000102996826
D3,8.918000221252441
K3,5.039999961853027
F6,1.4190000295639038
K2,1.4290000200271606
L6,1.5729999542236328
I5,8.550000190734863
N1,1.6640000343322754
G1,3.747999906539917
G1,1.3930000066757202
C2,1.4779999256134033
A3,5.181999683380127
B3,4.6080002784729
C6,8.515999794006348
J3,1.781000018119812
I2,15.049999237060547
D1,4.684000015258789
P6,1.7519999742507935
O6,1.9930000305175781
H5,4.184999942779541
H2,4.8989996910095215
M3,1.4989999532699585
F4,1.5989999771118164
O2,5.276000022888184
L6,5.065999984741211
D6,1.7369999885559082
A6,1.8739999532699585
E4,7.984999656677246
G3,1.503000020980835
A4,1.4909999370574951
P2,1.8260000944137573
F3,1.5989999771118164
B6,3.0290000438690186
L4,17.195999145507812
O2,2.872999906539917
O3,1.4779999256134033
G4,1.75600004196167
I4,1.5180000066757202
C5,1.5040000677108765
I5,1.4759999513626099
J3,3.739000082015991
P4,1.6799999475479126
P4,1.8350000381469727
N4,1.8140000104904175
A2,1.6859999895095825
J4,1.5999999046325684
O1,1.6850000619888306
M5,4.59499979019165
D4,8.995999336242676
A5,1.8149999380111694
B1,1.7109999656677246
M5,4.422999858856201
A6,1.5789999961853027
E5,24.189998626708984
J6,1.4459999799728394
L3,1.6710000038146973
J3,1.5369999408721924
F2,1.7910000085830688
L4,1.777000069618225
K2,6.730000019073486
B4,1.5999999046325684
M6,2.6059999465942383
L2,1.6829999685287476
I6,5.145999908447266
O1,1.5600000619888306
G3,13.96500015258789
J1,8.034000396728516
G3,1.475000023841858
L2,1.7989999055862427
N2,1.565000057220459
P4,1.593000054359436
B5,1.5119999647140503
E3,3.552999973297119
C2,15.199000358581543
O6,1.4950000047683716
P4,1.7669999599456787
B3,1.7160000801086426
M5,1.7059999704360962
K4,1.7190001010894775
I2,5.98199987411499
J3,1.8960000276565552
F4,7.904999732971191
D1,10.369000434875488
A2,7.325000286102295
C5,8.677000045776367
O1,1.9850000143051147
D2,1.5609999895095825
D2,1.3320000171661377
L2,15.109999656677246
H4,1.4539999961853027
G4,7.9110002517700195
L6,14.27500057220459
N4,1.3619999885559082
J4,1.5329999923706055
B4,23.052000045776367
L4,1.6230000257492065
K6,5.158999919891357
I5,1.6150000095367432
D3,8.484000205993652
A1,5.459000110626221
O6,1.4130001068115234
C5,29.240999221801758
C4,15.72599983215332
D2,4.941999912261963
M2,1.4919999837875366
N3,7.394000053405762
P6,7.014999866485596
P3,7.244000434875488
L4,9.04699993133545
F4,1.7450000047683716
N6,1.9559999704360962
M1,9.13700008392334
F4,1.503000020980835
F2,1.4479999542236328
F6,1.3559999465942383
J4,1.562000036239624
E6,1.7899999618530273
D6,1.6029999256134033
P5,1.7330000400543213
E5,8.755000114440918
G1,1.5200001001358032
O3,8.487000465393066
K3,1.5269999504089355
M1,1.496999979019165
H3,1.781000018119812
M4,1.5679999589920044
I5,4.974999904632568
P5,7.5279998779296875
D6,2.9130001068115234
J4,1.5080000162124634
K2,3.8610000610351562
I4,1.4580000638961792
D2,5.0829997062683105
M4,1.6540000438690186
O4,2.8399999141693115
B1,2.5360000133514404
C1,1.3549998998641968
B6,1.9720001220703125
F2,2.0959999561309814
C3,16.001998901367188
C2,1.9779999256134033
I4,1.465000033378601
D4,15.67400074005127
L3,4.188000202178955
N5,3.7839999198913574
P1,1.6120001077651978
K5,5.23199987411499
G6,1.559000015258789
C5,1.4220000505447388
P1,3.058000087738037
K2,1.4539999961853027
E5,5.861000061035156
B1,1.5920000076293945
D5,1.347000002861023
P1,7.521000385284424
J1,1.5490000247955322
G5,5.269999980926514
O2,9.668000221252441
K1,1.6890000104904175
H3,11.552000045776367
C5,2.0979998111724854
G2,4.11400032043457
J2,1.871000051498413
P1,1.9739998579025269
K4,10.800000190734863
G1,1.5059999227523804
I5,1.590999960899353
N5,1.7740000486373901
H2,9.543000221252441
H3,12.937000274658203
H1,4.61899995803833
M6,5.305000305175781
K6,1.8370000123977661
L4,1.7070000171661377
L6,1.7160000801086426
L6,7.797999858856201
E4,5.526000022888184
N1,4.99399995803833
J5,5.748000144958496
B5,13.442000389099121
J4,12.998000144958496
J1,1.6309999227523804
M6,6.757999897003174
L5,13.109000205993652
C1,15.642000198364258
D2,5.069000244140625
G2,9.008999824523926
O2,1.430999994277954
I4,2.4700000286102295
N1,1.8200000524520874
B3,1.6890000104904175
F5,1.4210000038146973
K5,6.297000408172607
I6,11.713000297546387
A1,4.605000019073486
A1,1.7089999914169312
H1,8.011000633239746
E6,9.708000183105469
M2,1.6319999694824219
M6,1.6120001077651978
K1,7.153000354766846
L5,4.796999931335449
G3,4.455999851226807
B1,1.443000078201294
C3,1.472000002861023
H4,6.513000011444092
K2,33.031002044677734
P4,1.471000075340271
B5,1.4459999799728394
D4,2.0439999103546143
L5,7.223999977111816
G6,1.9869999885559082
J1,6.080000400543213
A5,4.415999889373779
M6,1.7689999341964722
L5,1.5170000791549683
J3,1.409000039100647
F6,2.1649999618530273
F5,3.2319998741149902
F2,8.53499984741211
J5,14.038000106811523
H4,8.364999771118164
N2,4.238999843597412
H4,1.562000036239624
B2,8.289999961853027
E5,1.3600000143051147
A6,1.6150000095367432
J2,1.5999999046325684
G1,1.3640000820159912
K6,10.142999649047852
K3,4.605999946594238
E3,6.252999782562256
B5,1.6700000762939453
J6,6.252999782562256
G6,1.9980000257492065
B2,1.7630000114440918
G2,12.324999809265137
L4,3.013000011444092
A4,13.42199993133545
B2,2.697999954223633
G6,1.7419999837875366
G4,2.1659998893737793
J1,3.88700008392334
K2,17.90799903869629
G5,8.33899974822998
H3,10.95199966430664
N3,2.699000120162964
C6,7.313999652862549
J4,1.3170000314712524
M3,6.26800012588501
A3,8.270999908447266
B4,1.6610000133514404
I2,1.6480000019073486
D5,1.4290000200271606
K2,11.685999870300293
L2,1.4179999828338623
I6,1.694000005722046
G4,1.5640000104904175
P3,1.5670000314712524
N6,4.184999942779541
I4,1.5200001001358032
E2,1.4499999284744263
P2,4.821000099182129
I6,1.4019999504089355
H5,1.4490000009536743
C5,7.009999752044678
M6,1.5729999542236328
A5,13.482999801635742
G6,4.546000003814697
F6,1.5149999856948853
P4,7.605000019073486
J1,1.7419999837875366
B5,1.4869999885559082
C1,1.4529999494552612
L2,1.38100004196167
E1,1.9519999027252197
J5,1.5839999914169312
F1,1.496999979019165
E3,3.062000036239624
G4,1.6459999084472656
O6,2.2260000705718994
D5,1.6439999341964722
P1,1.5089999437332153
L2,4.213000297546387
P5,1.402999997138977
M2,12.772000312805176
D5,8.782999992370605
F5,1.6309999227523804
H2,16.897001266479492
A4,1.465999960899353
L2,3.240999937057495
G5,14.246000289916992
G1,1.5230000019073486
B3,3.9639999866485596
B5,2.319999933242798
K1,8.609999656677246
M6,1.5509999990463257
A4,9.75
K5,1.4779999256134033
L1,2.1510000228881836
C5,4.069999694824219
O1,1.624000072479248
M1,4.928999900817871
M6,2.1589999198913574
A5,6.164000034332275
E3,8.329999923706055
H6,6.526000022888184
G4,1.4079999923706055
H1,1.4550000429153442
D6,10.755000114440918
G4,7.201999664306641
O5,1.4850000143051147
N2,1.6549999713897705
J5,5.156000137329102
P4,11.714000701904297
M5,1.3899999856948853
N1,7.687000274658203
G5,1.3600000143051147
I3,1.4589999914169312
J2,1.687000036239624
J5,6.132999897003174
N6,12.546000480651855
E6,12.446999549865723
M2,8.538000106811523
M5,13.958999633789062
I1,5.248000144958496
J5,6.405999660491943
I4,5.121000289916992
F6,1.8029999732971191
G4,10.550999641418457
F1,1.850000023841858
B4,1.4929999113082886
O2,1.7079999446868896
A5,1.5
A3,7.27400016784668
I1,1.7369999885559082
F6,1.7580000162124634
D5,1.5479999780654907
D1,2.877000093460083
O3,14.043999671936035
H3,1.3799999952316284
D5,1.4390000104904175
O4,2.9070000648498535
F1,4.244999885559082
D4,15.753999710083008
C6,1.78000009059906
B6,1.4869999885559082
M4,2.8339998722076416
I4,1.7740000486373901
H5,4.883999824523926
D2,1.687000036239624
H5,22.256000518798828
G4,9.628999710083008
L3,8.381999969482422
O1,1.5389999151229858
O1,1.9219999313354492
K2,6.5279998779296875
H1,1.4890000820159912
J2,5.974999904632568
F5,8.898999214172363
E1,26.956998825073242
L2,1.4100000858306885
P1,1.8100000619888306
N5,19.321001052856445
F6,8.652999877929688
L4,14.982000350952148
P2,12.87399959564209
A3,9.265000343322754
C5,2.0840001106262207
F2,1.6019999980926514
K5,4.120999813079834
G1,1.5180000066757202
C2,5.534999847412109
D3,1.8309999704360962
G2,1.3769999742507935
A1,1.406999945640564
F2,17.253000259399414
G3,1.6120001077651978
A5,1.3650000095367432
I5,3.2160000801086426
J6,14.164999961853027
L2,19.737998962402344
N5,1.7989999055862427
D5,1.5320000648498535
E2,2.0290000438690186
N4,10.231999397277832
B5,1.6230000257492065
O5,1.75600004196167
L5,1.3849999904632568
O1,1.6100000143051147
E2,1.9369999170303345
O5,1.6009999513626099
C4,1.5999999046325684
G5,4.197999954223633
L6,1.593999981880188
I5,1.4199999570846558
J4,1.6090000867843628
B1,2.1569998264312744
N2,5.302000045776367
K5,1.400999903678894
K5,1.6480000019073486
A1,1.7030000686645508
K4,4.3919997215271
P6,1.6129999160766602
A6,6.473999977111816
L5,1.6740000247955322
P1,5.772000312805176
H6,1.281999945640564
G1,1.555999994277954
A6,2.6750001907348633
C3,7.677000045776367
C1,9.342000007629395
P5,2.685999870300293
C2,1.319000005722046
E1,1.8949999809265137
O6,1.430999994277954
I4,13.031000137329102
H3,1.8250000476837158
B3,5.97599983215332
I2,9.024999618530273
A2,1.4509999752044678
H4,1.5019999742507935
D2,3.132000207901001
B3,5.516000270843506
L4,1.4509999752044678
P6,1.746999979019165
P1,14.062999725341797
K4,14.967000007629395
J2,1.587999939918518
C6,9.449999809265137
M5,1.468000054359436
H4,21.173999786376953
E1,1.4789999723434448
G4,1.7569999694824219
K4,5.386000156402588
B2,12.769999504089355
F3,11.82800006866455
I4,1.5299999713897705
H6,1.5210000276565552
F6,3.5319998264312744
M1,8.852999687194824
O3,1.621999979019165
P6,25.937999725341797
H6,1.8550000190734863
M2,6.589000225067139
A3,1.7869999408721924
L3,7.1419997215271
C6,5.067999839782715
K5,1.5
B2,3.3340001106262207
I6,1.475000023841858
M6,1.555999994277954
C1,3.3519999980926514
N2,7.938999652862549
B4,11.362000465393066
O1,1.4789999723434448
F4,2.379999876022339
M6,1.8630000352859497
A3,14.307000160217285
P3,1.7450000047683716
K6,1.659999966621399
A3,1.8830000162124634
I4,8.343000411987305
E6,1.7989999055862427
J3,1.5110000371932983
L3,12.588000297546387
D3,2.0409998893737793
L1,2.2219998836517334
C2,10.539999961853027
E2,1.7419999837875366
O6,1.403999924659729
H5,1.6619999408721924
N2,3.437000036239624
A4,1.5269999504089355
G6,1.3730000257492065
F4,1.5389999151229858
H2,4.685999870300293
C4,1.4580000638961792
K2,1.5399999618530273
N1,1.593999981880188
L1,8.050000190734863
D1,1.4900000095367432
B4,13.818000793457031
F5,1.5519999265670776
P6,13.20300006866455
G5,11.756000518798828
G6,1.3289999961853027
O2,4.59499979019165
M1,11.89799976348877
A6,14.291999816894531
M5,1.6670000553131104
L6,6.7779998779296875
O3,1.3769999742507935
K2,1.7950000762939453
C1,9.398999214172363
G2,1.5780000686645508
C2,1.7680000066757202
C3,7.953000068664551
H6,17.61400032043457
F6,1.3619999885559082
F4,1.6759999990463257
H1,9.456000328063965
P5,5.954999923706055
C4,1.3079999685287476
I3,2.059000015258789
D2,2.2150001525878906
P3,1.562000036239624
P4,1.3980000019073486
M6,5.0189995765686035
N3,8.843999862670898
O3,2.497999906539917
N4,1.440000057220459
H5,1.4929999113082886
K1,3.748999834060669
G2,1.777999997138977
L3,1.3820000886917114
D3,1.6570000648498535
M1,3.254000186920166
A1,1.8680000305175781
A6,1.5329999923706055
C6,1.691999912261963
D4,5.377999782562256
K2,5.164000034332275
N4,5.977999687194824
N2,17.3799991607666
E3,2.3450000286102295
A3,1.6150000095367432
J6,2.5239999294281006
J5,1.7130000591278076
P1,5.103000164031982
A4,1.746999979019165
K2,2.993000030517578
G3,9.13599967956543
P5,11.222999572753906
N2,1.6410000324249268
B5,2.5339999198913574
P4,1.7330000400543213
L4,1.587999939918518
M4,5.48799991607666
A1,8.430000305175781
K1,1.4980000257492065
F1,1.4479999542236328
E2,11.085000038146973
H1,2.194999933242798
K4,1.684000015258789
D4,1.5679999589920044
G2,6.51200008392334
J2,1.5119999647140503
P4,7.020999908447266
E4,1.7030000686645508
O2,1.6670000553131104
P2,4.559999942779541
B5,1.7839999198913574
A2,1.6670000553131104
G2,1.6260000467300415
M2,1.690999984741211
M6,1.6859999895095825
N5,11.40000057220459
E1,1.6200000047683716
C3,20.75
A1,1.715000033378601
M5,1.7000000476837158
D1,2.2780001163482666
I1,1.6100000143051147
L4,1.569000005722046
J3,1.555999994277954
C5,26.388999938964844
A4,1.843999981880188
O1,1.4580000638961792
E2,1.527999997138977
M4,8.012999534606934
C3,1.5329999923706055
P3,3.575000047683716
L4,1.7409999370574951
C2,1.3989999294281006
M3,2.0290000438690186
F4,12.718999862670898
F2,12.70300006866455
A2,1.7020000219345093
P2,18.208999633789062
H6,7.247000217437744
D5,1.5089999437332153
H5,1.556999921798706
N5,7.770999908447266
B2,2.860999822616577
A5,1.6260000467300415
E1,1.784999966621399
J6,1.5660001039505005
A1,1.6700000762939453
G4,6.889999866485596
A6,8.79800033569336
I5,1.7259999513626099
F1,1.7239999771118164
E1,1.933000087738037
P2,1.6150000095367432
G3,1.6640000343322754
B3,1.680999994277954
P1,2.192999839782715
C4,11.153000831604004
O4,16.21099853515625
M3,7.567999839782715
I1,1.5770000219345093
G1,10.017000198364258
A1,1.6820000410079956
F4,1.621000051498413
D6,1.718000054359436
K5,1.808000087738037
C2,1.750999927520752
L4,1.694000005722046
J5,1.468000054359436
N4,1.3350000381469727
D4,1.3880000114440918
I1,3.315000057220459
E1,1.6069999933242798
C1,1.6349999904632568
D6,9.991999626159668
G2,1.5509999990463257
J1,1.3949999809265137
F4,5.741000175476074
D4,1.5210000276565552
G2,15.86299991607666
F4,13.678999900817871
J3,5.079999923706055
O2,1.8380000591278076
D1,1.4779999256134033
J4,8.107999801635742
E6,2.0190000534057617
H3,2.9639999866485596
N3,6.6620001792907715
J6,1.7910000085830688
O5,4.0960001945495605
K4,3.9750001430511475
I3,1.8919999599456787
K6,13.415999412536621
G3,1.6549999713897705
M6,7.474999904632568
B6,1.4359999895095825
N5,1.4140000343322754
D5,1.61899995803833
L1,3.073000192642212
O2,1.781000018119812
G3,4.124000072479248
B2,2.9760000705718994
L6,6.955999851226807
J2,6.514999866485596
E2,11.4350004196167
P3,6.269999980926514
M3,2.109999895095825
H3,14.705999374389648
C6,7.895000457763672
C4,7.158999919891357
I1,2.174999952316284
C6,5.185999870300293
A4,4.4730000495910645
C3,11.727999687194824
A5,15.125
P2,15.5339994430542
J5,1.722999930381775
C6,8.456000328063965
A1,1.5839999914169312
A1,1.5789999961853027
K3,1.6069999933242798
G5,1.6309999227523804
E4,1.440000057220459
B6,10.869000434875488
D6,3.2119998931884766
H6,4.5269999504089355
C5,1.555999994277954
L4,6.155999660491943
E3,2.239000082015991
O1,4.934000015258789
N2,1.4989999532699585
P4,1.746999979019165
N4,13.548999786376953
E5,3.9059998989105225
A1,1.5269999504089355
J6,2.2780001163482666
C6,1.496999979019165
K5,7.946999549865723
H5,7.4019999504089355
O2,1.7049999237060547
A4,8.116999626159668
A3,13.168999671936035
A2,1.3140000104904175
J1,6.6010003089904785
K1,6.97599983215332
E2,5.801000118255615
I1,17.838998794555664
A2,1.6430000066757202
O5,9.604999542236328
H2,2.3559999465942383
E1,5.036999702453613
F6,1.5099999904632568
G6,2.7689998149871826
L3,1.559000015258789
N2,1.6100000143051147
M1,1.5759999752044678
M4,7.7920002937316895
P1,1.915000081062317
E6,5.648000240325928
E6,2.7890000343322754
L1,1.5600000619888306
D1,13.36199951171875
N4,11.961000442504883
C5,1.5010000467300415
P6,1.4860000610351562
B1,2.9679999351501465
H3,3.437000036239624
P3,2.642000198364258
K1,1.6769999265670776
M3,1.6039999723434448
B5,8.518000602722168
N4,10.585000038146973
G5,14.941999435424805
P1,14.805999755859375
M1,1.4860000610351562
A4,1.5810000896453857
E4,1.5479999780654907
F4,1.6050000190734863
O5,9.972999572753906
H3,5.073000431060791
F2,6.628000259399414
G4,1.4919999837875366
H4,1.6489999294281006
N6,1.5
B5,1.75
D5,14.711999893188477
K2,1.8320000171661377
A6,3.6440000534057617
J5,1.5429999828338623
H1,2.809999942779541
O5,1.5449999570846558
K2,24.61199951171875
P3,1.7580000162124634
G3,1.7680000066757202
K1,1.5470000505447388
K6,4.991999626159668
K4,7.820000171661377
K4,1.5269999504089355
I6,14.909000396728516
F5,1.4989999532699585
D2,16.701000213623047
F1,14.402999877929688
H3,3.63100004196167
O1,21.78499984741211
B5,8.800000190734863
G5,3.0149998664855957
J5,2.0349998474121094
A6,1.74399995803833
L6,2.5859999656677246
B2,12.696000099182129
N6,1.5529999732971191
J6,1.627000093460083
I3,9.267999649047852
O4,1.5260000228881836
F3,1.6759999990463257
O3,7.182000160217285
B6,5.979000091552734
A5,1.6670000553131104
J3,1.4359999895095825
P1,1.7319999933242798
A4,1.878000020980835
B5,9.175999641418457
J6,1.5810000896453857
A1,15.293999671936035
I2,1.4839999675750732
N3,2.364000082015991
L3,13.734000205993652
E1,1.6990000009536743
N2,1.819000005722046
P5,1.3940000534057617
E5,7.814999580383301
I1,1.3680000305175781
N3,1.649999976158142
N2,1.5630000829696655
K5,8.542999267578125
K2,1.878000020980835
N6,1.6660000085830688
N4,2.1760001182556152
L3,1.7130000591278076
I2,2.0789999961853027
A5,1.5479999780654907
K4,8.04699993133545
P2,1.6360000371932983
I6,1.9769998788833618
J6,13.499000549316406
O3,10.413000106811523
C2,1.6649999618530273
I3,10.688000679016113
M1,8.898999214172363
H2,2.4149999618530273
I6,1.7030000686645508
J6,1.559000015258789
F1,5.675000190734863
D5,1.5609999895095825
K2,1.5839999914169312
N5,4.5929999351501465
G6,1.5210000276565552
K3,3.127000093460083
D2,1.6489999294281006
P2,1.5399999618530273
I2,2.5959999561309814
K6,1.6110000610351562
O4,20.298999786376953
K3,7.553999900817871
K6,9.452000617980957
D1,1.5889999866485596
L5,2.3519999980926514
B6,1.5670000314712524
H3,1.850000023841858
B3,14.718999862670898
H1,1.746999979019165
H2,1.5069999694824219
K1,8.770000457763672
P5,2.571000099182129
J1,1.5329999923706055
J2,1.4759999513626099
C5,1.690999984741211
O1,1.3360000848770142
E2,1.4179999828338623
N6,1.5870000123977661
D2,5.266000270843506
B5,14.631999969482422
O1,1.6159999370574951
B2,2.2750000953674316
J5,4.732999801635742
O3,1.7350000143051147
P2,7.322999954223633
B1,8.461999893188477
P4,1.9880000352859497
P6,1.7079999446868896
P3,1.7239999771118164
K4,22.722000122070312
O4,1.4390000104904175
O3,3.6689999103546143
K5,1.5829999446868896
B2,3.934000253677368
N3,5.09499979019165
F5,9.307000160217285
N3,1.75600004196167
N5,5.72599983215332
L3,1.9950000047683716
P6,1.4759999513626099
F2,1.534000039100647
O5,1.8489999771118164
F4,14.042999267578125
A5,10.232999801635742
D2,2.305000066757202
K1,7.073999881744385
N4,1.75
D3,2.0870001316070557
M3,7.159999847412109
C6,1.6319999694824219
F2,1.555999994277954
F1,1.7529999017715454
D2,1.5529999732971191
O1,1.8980000019073486
K1,4.780999660491943
O4,8.701000213623047
K3,1.840000033378601
E5,1.6489999294281006
H4,3.7839999198913574
M2,1.7109999656677246
G3,2.2939999103546143
C4,2.3550000190734863
H6,1.4229999780654907
B4,9.766000747680664
E2,8.513999938964844
G1,7.730999946594238
I4,1.6619999408721924
P3,1.5609999895095825
D1,4.228999614715576
H2,2.257999897003174
D5,7.974999904632568
G3,1.3589999675750732
I4,1.8429999351501465
J6,5.700000286102295
N1,2.194999933242798
L4,1.440999984741211
D2,1.8019999265670776
B3,1.9739998579025269
M6,1.3600000143051147
G1,1.4259999990463257
L1,1.3650000095367432
M4,2.180000066757202
I2,6.375
F6,13.686999320983887
M5,1.6260000467300415
I4,10.067999839782715
O5,3.1590001583099365
G5,3.380999803543091
J6,1.5429999828338623
B6,2.927000045776367
G2,20.71000099182129
A6,1.4509999752044678
B1,1.5379999876022339
A3,1.5810000896453857
A6,1.9240000247955322
H5,1.553999900817871
C4,1.5889999866485596
J6,1.569000005722046
E5,1.4609999656677246
C6,1.7730000019073486
E4,7.215000152587891
L5,10.527999877929688
O4,5.158999919891357
N3,9.630000114440918
J4,7.503999710083008
N3,2.7089998722076416
B2,14.027000427246094
A6,9.913000106811523
N3,1.6449999809265137
J2,1.4869999885559082
N4,2.0480000972747803
F1,2.008999824523926
F3,1.6139999628067017
I4,1.8680000305175781
C5,14.427000045776367
I2,8.020999908447266
M1,12.243000030517578
O1,1.6260000467300415
M4,16.927000045776367
K6,1.5750000476837158
H5,4.565999984741211
H4,7.663000106811523
P3,1.5299999713897705
F1,5.377999782562256
L6,5.371999740600586
C4,11.056999206542969
D5,1.3660000562667847
K6,8.90999984741211
P5,2.0199999809265137
N3,11.562000274658203
F1,1.6710000038146973
K6,6.86400032043457
G6,1.3790000677108765
O4,1.4980000257492065
O5,6.493000030517578
N6,1.61899995803833
G6,2.0789999961853027
F2,4.789999961853027
A3,15.806000709533691
K2,8.753000259399414
B4,1.8769999742507935
G4,1.5329999923706055
L2,1.5350000858306885
B2,1.5999999046325684
P2,1.9180001020431519
P2,1.5080000162124634
O5,10.779000282287598
F5,2.42900013923645
I5,6.815000057220459
L3,4.8379998207092285
B1,9.447999954223633
G1,1.5609999895095825
L4,14.324000358581543
K5,1.912000060081482
L5,4.166999816894531
K6,16.33799934387207
N1,2.11299991607666
L6,7.060000419616699
D6,1.8889999389648438
A3,1.597000002861023
B4,7.360000133514404
K1,8.734000205993652
D1,1.4789999723434448
C3,23.8700008392334
D5,7.236000061035156
E1,1.7379999160766602
D3,1.7719999551773071
K3,6.478000164031982
B2,10.03600025177002
K4,10.38700008392334
A3,5.305000305175781
M3,1.5190000534057617
O1,3.234999895095825
C2,11.215999603271484
E4,1.437000036239624
D6,14.496999740600586
B6,1.7369999885559082
B1,1.75
G5,1.8250000476837158
I6,1.7160000801086426
J4,9.720999717712402
J2,1.3760000467300415
D4,1.6390000581741333
P2,3.504999876022339
K4,8.64900016784668
O5,1.5470000505447388
N4,1.5470000505447388
O6,1.628000020980835
F1,4.5269999504089355
P6,1.6929999589920044
H1,12.229000091552734
O3,1.5399999618530273
H2,24.411001205444336
N2,7.880000591278076
L5,7.563999652862549
O5,6.5410003662109375
M1,1.899999976158142
J5,1.5389999151229858
C6,5.644000053405762
C3,3.0169999599456787
B4,1.6309999227523804
F5,14.072999954223633
B1,1.430999994277954
D4,4.860000133514404
N6,1.8350000381469727
B3,1.909000039100647
B2,11.142999649047852
O2,6.104000091552734
E2,1.524999976158142
B1,1.5720000267028809
J5,5.413000106811523
D2,7.63700008392334
A4,11.284000396728516
G1,4.76200008392334
G5,1.440999984741211
G4,8.469000816345215
D3,1.5740000009536743
M4,2.75
M5,1.340999960899353
A3,4.464000225067139
M5,1.7890000343322754
P2,7.117000102996826
N6,2.452000141143799
F6,3.6059999465942383
N3,1.5670000314712524
H5,1.915000081062317
E3,2.2219998836517334
D1,1.9570000171661377
I4,1.6390000581741333
F2,4.9120001792907715
F6,1.7070000171661377
J1,1.4270000457763672
N1,6.440999984741211
C6,5.177000045776367
J3,1.9610000848770142
M1,1.6299999952316284
N6,4.7769999504089355
P1,1.6019999980926514
C2,1.6610000133514404
N6,5.065999984741211
G6,1.403999924659729
G6,1.6949999332427979
M4,1.6710000038146973
N1,8.781000137329102
K5,1.5699999332427979
A1,1.6759999990463257
B3,1.656000018119812
O5,1.5829999446868896
P3,1.4290000200271606
I3,4.836999893188477
M1,1.8700000047683716
A1,16.45600128173828
F6,1.7089999914169312
G3,1.5660001039505005
J4,1.659999966621399
N6,10.46500015258789
B4,1.74399995803833
D1,1.5329999923706055
L1,1.5149999856948853
J2,1.7340000867843628
E4,1.6640000343322754
N3,1.5600000619888306
F2,1.7960000038146973
C5,2.4619998931884766
P3,1.746999979019165
D5,1.7730000019073486
M2,2.5410001277923584
L6,1.6730000972747803
I2,2.455000162124634
O6,8.54800033569336
M6,4.956999778747559
F4,3.5949997901916504
I2,1.749000072479248
N1,1.781999945640564
E2,1.6080000400543213
I3,4.480999946594238
N6,1.7120000123977661
L1,13.86299991607666
O4,1.6959999799728394
M3,1.7529999017715454
D4,4.61899995803833
M3,1.8909999132156372
P3,6.369999885559082
B6,2.1490001678466797
A1,1.8380000591278076
G3,1.496999979019165
B1,1.9889999628067017
M6,2.109999895095825
F1,17.027999877929688
A4,7.238000392913818
N5,17.24700164794922
J1,12.973000526428223
N4,9.98799991607666
J1,13.51200008392334
G5,2.2199997901916504
A5,5.49500036239624
M5,6.001999855041504
M1,12.809000015258789
C1,2.2899999618530273
B3,1.3670001029968262
F5,1.8930000066757202
B3,1.5699999332427979
M4,1.808000087738037
C6,1.9429999589920044
F1,10.053000450134277
A1,1.8570001125335693
G5,1.6299999952316284
D1,2.9079999923706055
N4,2.7749998569488525
B2,8.486000061035156
M1,6.89300012588501
K1,1.4280000925064087
E5,4.550000190734863
I6,1.7020000219345093
E2,5.0279998779296875
O5,6.796999931335449
A4,6.9710001945495605
G5,5.736000061035156
N5,5.033999919891357
O2,8.529000282287598
G3,6.577000141143799
P3,13.302000045776367
H5,1.3480000495910645
H4,1.5800000429153442
H2,1.5609999895095825
C6,1.6740000247955322
O3,6.872000217437744
M3,1.6829999685287476
G6,9.065999984741211
G5,1.3869999647140503
G4,1.565000057220459
N6,1.5049999952316284
E6,1.7940000295639038
C1,14.842000007629395
P4,1.3889999389648438
N4,1.5780000686645508
M1,2.0739998817443848
D4,2.993000030517578
M1,1.5750000476837158
A6,2.257999897003174
O4,16.123001098632812
J4,1.7710000276565552
F2,13.330000877380371
E5,22.135000228881836
B5,1.4110000133514404
H6,1.7899999618530273
K3,2.2179999351501465
C5,5.069000244140625
M4,2.8429999351501465
M4,1.6700000762939453
N6,1.746000051498413
A6,12.522000312805176
K3,5.573999881744385
H3,1.621999979019165
G2,3.6710000038146973
B5,1.7130000591278076
H6,4.427999973297119
E6,1.6129999160766602
G3,2.1700000762939453
K3,2.32099986076355
J3,3.243000030517578
P1,4.881999969482422
M1,6.867000102996826
H1,1.5609999895095825
M2,1.878999948501587
C5,1.6150000095367432
L2,1.6120001077651978
J1,1.659999966621399
C4,7.116000175476074
E3,3.873999834060669
P4,1.4839999675750732
C4,13.508999824523926
L1,9.448999404907227
F5,1.3240000009536743
N2,1.434000015258789
P4,1.4730000495910645
H2,3.4650001525878906
C3,1.6629999876022339
K2,19.571001052856445
K3,1.4550000429153442
K4,1.694000005722046
P4,1.8700000047683716
P1,1.4809999465942383
A1,1.7379999160766602
G2,1.5180000066757202
H6,7.896999835968018
H6,9.747000694274902
O6,6.026000022888184
C6,1.7580000162124634
K6,1.687000036239624
P5,8.463000297546387
H5,1.6449999809265137
B4,3.0220000743865967
C4,4.656000137329102
D4,12.248000144958496
N3,1.403999924659729
G4,8.375
G4,7.59499979019165
E5,1.6159999370574951
M4,1.753999948501587
D6,5.01800012588501
H4,8.076000213623047
J3,12.965999603271484
F2,1.4280000925064087
L1,1.847000002861023
I6,4.473999977111816
H6,1.9229999780654907
M3,1.7030000686645508
P1,14.085000038146973
N3,1.3989999294281006
O6,2.3340001106262207
F1,6.415999889373779
G2,12.064000129699707
I5,8.407000541687012
O6,1.4900000095367432
D6,7.703999996185303
G2,1.7079999446868896
N2,1.4869999885559082
K3,8.114999771118164
J4,14.163999557495117
P4,4.59499979019165
C4,2.06499981880188
F2,1.593999981880188
F1,8.470999717712402
L3,1.5290000438690186
K1,1.5350000858306885
N4,1.406000018119812
D5,1.7899999618530273
I3,1.628999948501587
K3,1.4700000286102295
C4,1.6990000009536743
L3,5.748000144958496
O5,3.9240000247955322
O1,4.593999862670898
M1,6.374000072479248
N2,5.232999801635742
E4,1.7039999961853027
L4,14.848999977111816
O5,7.521000385284424
B6,15.74899959564209
E3,6.589000225067139
L2,1.5130000114440918
M1,1.5040000677108765
I4,5.97599983215332
F3,10.269000053405762
A3,13.565000534057617
E3,6.562000274658203
O1,12.741999626159668
F5,1.4299999475479126
F5,20.043001174926758
E3,9.066999435424805
B4,1.9550000429153442
E3,1.8009999990463257
A2,1.8560000658035278
O5,3.240999937057495
D2,1.5140000581741333
E5,1.431999921798706
F6,7.190999984741211
K5,2.1510000228881836
D4,1.3660000562667847
K5,1.6420000791549683
F6,1.774999976158142
A5,5.870999813079834
P5,7.428999900817871
L4,2.0889999866485596
J4,1.5870000123977661
G3,1.5740000009536743
M1,1.6690000295639038
P6,4.441999912261963
J1,8.403000831604004
B3,5.181000232696533
A2,1.5210000276565552
E6,1.3919999599456787
D2,3.6530001163482666
P6,1.684000015258789
O6,1.7409999370574951
P1,1.5269999504089355
E5,1.7109999656677246
C1,1.996000051498413
A3,1.915000081062317
E5,4.2170000076293945
I1,1.6829999685287476
G1,8.228999137878418
J1,1.6090000867843628
J5,1.6449999809265137
B2,4.970999717712402
M2,1.7549999952316284
P4,1.6690000295639038
E4,10.204000473022461
F1,1.3459999561309814
F4,3.0889999866485596
A5,1.3739999532699585
C1,1.7640000581741333
D3,1.8930000066757202
D6,4.761000156402588
O5,11.394000053405762
L6,1.6799999475479126
L2,2.2939999103546143
E1,17.71000099182129
J2,7.328000068664551
I3,6.868000030517578
I6,1.4479999542236328
C2,1.7730000019073486
E6,1.6260000467300415
K5,1.402999997138977
F5,11.663000106811523
K5,2.5999999046325684
F4,1.3970000743865967
L3,1.4570000171661377
L5,12.581000328063965
J6,17.233999252319336
B4,1.753999948501587
E5,8.381999969482422
G3,2.0320000648498535
C5,7.7669997215271
H2,1.4989999532699585
H6,2.046999931335449
I2,1.5389999151229858
B1,7.796999931335449
L5,9.13700008392334
I1,8.403999328613281
K1,20.548999786376953
L5,7.656000137329102
M5,2.1009998321533203
P2,9.295000076293945
H6,1.5479999780654907
N2,1.4800000190734863
J6,9.16200065612793
M3,2.243000030517578
A1,1.6430000066757202
H4,10.52199935913086
A4,1.5509999990463257
J2,7.799999713897705
N5,1.940999984741211
J5,1.627000093460083
K1,1.590000033378601
O5,1.812999963760376
P5,1.8260000944137573
A2,1.5360000133514404
L5,1.6489999294281006
H3,4.23199987411499
N5,9.890999794006348
A6,4.424999713897705
C6,1.8350000381469727
I5,3.2330000400543213
J3,7.519000053405762
G3,1.4639999866485596
D6,1.5759999752044678
N2,7.488999843597412
I1,1.7280000448226929
I3,2.057000160217285
O2,12.915999412536621
F6,6.601999759674072
A1,1.5490000247955322
O2,1.6090000867843628
A2,2.4099998474121094
O3,4.348999977111816
P5,1.5369999408721924
E6,1.5260000228881836
O6,11.185999870300293
D6,1.628999948501587
I3,1.4929999113082886
B3,1.8860000371932983
C3,8.404999732971191
M4,1.3910000324249268
G1,7.7669997215271
D3,1.6579999923706055
G1,4.986999988555908
H6,14.14900016784668
F6,2.0209999084472656
J4,2.812999963760376
N6,8.577000617980957
D2,5.365000247955322
J4,1.3660000562667847
H4,8.380999565124512
B3,14.576000213623047
M4,33.557003021240234
J6,3.5199999809265137
L5,1.3739999532699585
A5,12.136000633239746
O6,7.907000541687012
A1,1.8609999418258667
M3,1.4130001068115234
H1,3.628000020980835
D2,6.318999767303467
F2,16.6200008392334
D1,1.4229999780654907
C5,1.3579999208450317
C2,2.4099998474121094
K2,5.588000297546387
K6,1.624000072479248
J1,9.731999397277832
B1,9.11500072479248
H4,1.4779999256134033
A1,1.5470000505447388
P3,10.243000030517578
O6,13.318000793457031
E2,14.970000267028809
I5,1.7330000400543213
I6,10.545999526977539
A5,1.8420000076293945
P1,1.475000023841858
D5,7.273000240325928
N1,1.8209999799728394
E1,1.8179999589920044
D4,3.0139999389648438
J2,7.440999984741211
I5,1.4049999713897705
B2,9.348999977111816
K1,1.5820000171661377
L6,13.72700023651123
E4,1.7450000047683716
H1,2.8350000381469727
G6,7.193999767303467
K5,1.9600000381469727
C2,1.5509999990463257
H2,5.5970001220703125
O1,2.0920000076293945
E4,1.4959999322891235
H6,7.253000259399414
J6,23.29800033569336
K2,1.6360000371932983
H3,1.649999976158142
E3,1.7389999628067017
G2,1.6790000200271606
D5,2.705000162124634
G6,1.5239999294281006
C2,1.8589999675750732
B6,1.5950000286102295
A4,1.4980000257492065
M1,13.210999488830566
H1,8.507999420166016
M5,9.847999572753906
O3,1.5019999742507935
O4,1.4210000038146973
G3,2.9179999828338623
P4,1.7300000190734863
K1,8.449999809265137
D5,1.6880000829696655
J2,1.584999918937683
O2,11.9350004196167
O4,13.934999465942383
K3,13.782999992370605
I4,7.325000286102295
G4,15.14699935913086
H4,1.6080000400543213
F4,1.7269999980926514
H6,1.371999979019165
E5,1.5699999332427979
P2,4.464000225067139
B3,1.4499999284744263
L1,1.4830000400543213
L1,1.753999948501587
G4,1.3389999866485596
F3,2.6630001068115234
M3,2.3489999771118164
N5,1.7170000076293945
M5,1.628000020980835
M4,2.440000057220459
P1,1.9049999713897705
B4,8.347000122070312
D1,7.123000144958496
F6,3.120000123977661
I4,7.918000221252441
D6,1.8299999237060547
A4,5.303999900817871
D3,1.4509999752044678
M6,1.6959999799728394
D5,1.687000036239624
G4,4.470999717712402
M2,10.508999824523926
D2,1.409000039100647
G5,1.5389999151229858
G2,1.659999966621399
G1,3.5199999809265137
I6,1.5449999570846558
N2,1.8410000801086426
K1,5.328000068664551
H1,6.23799991607666
O2,7.7920002937316895
F2,7.52400016784668
N1,3.1429998874664307
I3,8.356999397277832
K3,8.532999992370605
J4,1.4809999465942383
C3,5.144000053405762
E1,1.847000002861023
N6,8.63700008392334
L5,1.6679999828338623
J2,1.7300000190734863
K6,9.385000228881836
F6,1.690999984741211
O4,7.397000312805176
B2,1.621999979019165
H1,11.289999961853027
K4,1.7049999237060547
H3,2.765000104904175
I6,2.497999906539917
J1,14.705999374389648
L1,1.6740000247955322
D2,2.065999984741211
E1,1.597999930381775
B6,1.7730000019073486
B3,1.569000005722046
N5,3.243000030517578
B6,1.6859999895095825
F1,1.5750000476837158
F2,1.4529999494552612
D1,9.592999458312988
K5,2.2819998264312744
F3,1.3350000381469727
I6,13.105999946594238
O2,2.5869998931884766
O1,1.6380000114440918
J2,8.5
E1,3.4700000286102295
K3,11.668000221252441
M1,1.7190001010894775
J3,1.6159999370574951
M3,6.559000015258789
L1,1.8250000476837158
F1,1.5130000114440918
F3,1.8050000667572021
F4,1.8830000162124634
J3,1.9270000457763672
P3,7.486999988555908
F5,1.3709999322891235
O4,4.2079997062683105
I4,1.6019999980926514
D6,1.4809999465942383
C6,13.991000175476074
I1,4.61299991607666
K1,1.6019999980926514
H6,13.517000198364258
E6,1.7079999446868896
K5,15.954000473022461
N3,1.4329999685287476
F3,1.9919999837875366
H3,1.524999976158142
N1,1.746000051498413
E5,1.652999997138977
H4,2.241000175476074
I4,1.7650001049041748
I5,1.531000018119812
N3,1.3739999532699585
M2,3.3519999980926514
E1,15.24899959564209
G3,1.753999948501587
J4,4.240999698638916
B6,1.534000039100647
I1,2.878999948501587
B5,1.5350000858306885
G2,4.388000011444092
F6,1.5709999799728394
P6,1.559000015258789
K6,3.303999900817871
D6,14.953999519348145
K3,6.455999851226807
H5,1.597999930381775
H6,13.704999923706055
N4,1.6540000438690186
A2,18.392000198364258
P5,14.577000617980957
C2,1.812999963760376
M3,1.593000054359436
H2,1.5470000505447388
H3,1.7950000762939453
J6,13.915999412536621
P2,1.4819999933242798
D2,1.6299999952316284
K5,1.6080000400543213
B6,1.6629999876022339
B6,2.1659998893737793
B4,15.573999404907227
E1,11.38700008392334
K1,13.926000595092773
F4,12.822000503540039
L6,2.4719998836517334
I3,1.5200001001358032
H2,1.4819999933242798
F5,1.9369999170303345
D4,6.386000156402588
F1,2.9539999961853027
E3,14.21500015258789
E6,1.5780000686645508
L1,11.227999687194824
B2,1.6449999809265137
P5,1.7910000085830688
G5,1.6820000410079956
D3,11.581999778747559
J1,2.066999912261963
F1,5.323999881744385
E4,1.6469999551773071
G6,5.929999828338623
N3,5.301000118255615
L2,13.017999649047852
F6,7.644999980926514
G6,14.904000282287598
F5,3.193000078201294
G6,5.226999759674072
J1,2.7709999084472656
D4,1.8100000619888306
B1,1.5110000371932983
M2,2.0429999828338623
N5,1.8170000314712524
E3,7.430000305175781
H1,4.861000061035156
O6,1.5210000276565552
N6,10.842000007629395
O6,5.121000289916992
O1,15.869998931884766
G5,1.468000054359436
O4,1.3769999742507935
N2,1.5789999961853027
E3,1.430999994277954
G4,4.12999963760376
G6,1.624000072479248
I3,1.4299999475479126
A4,1.715000033378601
E3,2.7200000286102295
M5,1.4459999799728394
M1,6.599999904632568
C3,13.152999877929688
N4,1.8579999208450317
A5,1.7630000114440918
F3,17.61400032043457
D4,1.6710000038146973
B3,6.078999996185303
B3,1.5750000476837158
B3,7.559000015258789
O5,7.871000289916992
K4,1.4459999799728394
E6,1.7340000867843628
M6,12.770999908447266
P1,1.5040000677108765
N2,5.640000343322754
K4,8.829000473022461
O1,9.51300048828125
C1,14.364999771118164
L1,1.6619999408721924
I2,1.659999966621399
N1,13.454999923706055
O6,8.859000205993652
K2,1.5149999856948853
L6,13.37399959564209
A3,5.067999839782715
B3,4.6020002365112305
D2,1.4670000076293945
C6,2.75600004196167
C6,2.243000030517578
H2,5.677999973297119
L5,7.954999923706055
N5,15.514999389648438
D3,1.5800000429153442
C5,7.7820000648498535
L1,5.615000247955322
N3,1.6740000247955322
N1,1.8309999704360962
G4,13.982999801635742
N1,1.4819999933242798
J5,2.1080000400543213
F3,10.664999961853027
E1,6.688000202178955
H5,2.188999891281128
C6,19.461000442504883
A2,5.35099983215332
D4,1.3389999866485596
G5,1.3610000610351562
C4,1.4989999532699585
D4,1.465000033378601
L6,1.6319999694824219
J2,2.7809998989105225
I3,1.430999994277954
M6,1.3889999389648438
C5,2.5420000553131104
M4,2.2160000801086426
M4,4.446000099182129
M5,1.5130000114440918
M3,3.432000160217285
P3,6.629000186920166
C1,1.4019999504089355
B6,1.694000005722046
B3,10.12399959564209
A3,1.9539999961853027
E3,7.895000457763672
P1,1.7100000381469727
I1,1.5479999780654907
I1,7.428999900817871
F5,17.020000457763672
M2,1.4049999713897705
K4,1.5410000085830688
O5,1.6120001077651978
G4,1.6330000162124634
B4,23.031999588012695
A1,3.884999990463257
H4,1.5299999713897705
G6,3.4030001163482666
P5,1.5759999752044678
I4,10.572000503540039
J3,1.722999930381775
H6,2.062000036239624
M6,8.45300006866455
E5,12.97599983215332
C2,18.01599884033203
G6,5.741000175476074
O3,1.5160000324249268
F2,4.388999938964844
D3,1.3989999294281006
O4,2.925999879837036
G3,1.4730000495910645
I2,14.747000694274902
J4,16.628000259399414
O4,13.372000694274902
P6,1.4980000257492065
I2,1.8019999265670776
C2,1.4959999322891235
H6,1.6829999685287476
B6,25.0939998626709
O3,2.631999969482422
K6,1.7359999418258667
A1,1.6029999256134033
D6,1.587999939918518
D1,1.475000023841858
H3,8.536999702453613
P2,2.565999984741211
G2,1.5200001001358032
E6,1.350000023841858
K6,1.8870000839233398
K2,11.380000114440918
F1,1.3769999742507935
C6,11.515999794006348
C4,1.6579999923706055
N5,11.428000450134277
I1,8.053999900817871
J6,1.74399995803833
G2,1.5110000371932983
J6,1.5010000467300415
G1,1.443000078201294
J5,2.9800000190734863
K4,4.22599983215332
J1,1.5410000085830688
E1,7.605000019073486
D1,1.559000015258789
A6,11.833000183105469
O6,1.7450000047683716
D3,1.5509999990463257
B2,1.5460000038146973
A6,1.5660001039505005
C5,1.8870000839233398
G3,2.684999942779541
M3,1.7089999914169312
L4,2.678999900817871
C6,1.6120001077651978
J2,1.7630000114440918
C2,9.680000305175781
D6,1.6829999685287476
N4,11.357000350952148
G5,3.6640000343322754
J6,1.597000002861023
E3,5.121000289916992
P6,13.055000305175781
N3,1.3919999599456787
M2,2.5920000076293945
J5,2.1430001258850098
D3,1.5609999895095825
F5,1.5379999876022339
B5,8.67300033569336
L5,1.5600000619888306
G1,1.6459999084472656
G1,9.175999641418457
K3,1.9399999380111694
N2,1.4240000247955322
N1,1.9690001010894775
B2,1.555999994277954
B6,10.322999954223633
B3,7.238000392913818
N2,1.8619999885559082
D1,17.024999618530273
P4,10.755000114440918
O3,9.005000114440918
A3,16.618000030517578
B3,1.4550000429153442
I3,1.4850000143051147
C2,1.440000057220459
F4,7.645999908447266
G6,1.6009999513626099
I5,10.776000022888184
K5,7.1419997215271
P4,4.868000030517578
K1,1.6799999475479126
O1,1.4160000085830688
B4,1.5640000104904175
F2,10.045999526977539
F5,1.3700000047683716
K2,1.6570000648498535
J1,51.27799987792969
I1,2.86899995803833
O5,1.5759999752044678
E4,1.7300000190734863
I1,6.583000183105469
P4,1.4539999961853027
H2,1.5230000019073486
B2,1.4980000257492065
F5,6.547999858856201
P2,1.878000020980835
L2,10.055999755859375
B1,7.144999980926514
B5,7.085999965667725
F5,2.639000177383423
P3,2.0859999656677246
H5,1.4850000143051147
H3,1.9490000009536743
P2,1.524999976158142
A6,8.627999305725098
A1,1.61899995803833
L5,1.812999963760376
A1,9.744999885559082
L5,15.91100025177002
L6,6.942999839782715
O4,1.5180000066757202
L3,1.5059999227523804
F4,1.6339999437332153
D4,7.447000026702881
O6,17.211999893188477
H3,1.8690000772476196
E5,2.2179999351501465
F5,1.5800000429153442
N3,1.5820000171661377
N1,1.5640000104904175
L3,1.5410000085830688
E6,1.808000087738037
H4,6.526000022888184
G5,4.6419997215271
F1,10.22700023651123
P4,1.555999994277954
B6,1.7089999914169312
G2,1.4589999914169312
A3,2.4830000400543213
B2,1.6640000343322754
P2,1.915000081062317
N6,1.3360000848770142
J4,1.5670000314712524
I5,1.3859999179840088
K5,9.011000633239746
E6,1.4550000429153442
J1,1.4559999704360962
H2,1.930999994277954
E2,1.8799999952316284
N1,1.5999999046325684
M1,6.963000297546387
J6,7.723999977111816
C4,1.5360000133514404
F4,13.864999771118164
N3,2.0230000019073486
P4,1.3640000820159912
J6,2.0490000247955322
O2,1.6369999647140503
P5,4.263999938964844
A3,5.242000102996826
D6,2.4149999618530273
I1,1.503000020980835
L6,1.440000057220459
A4,13.163000106811523
A3,5.4079999923706055
J1,1.5350000858306885
K4,7.349999904632568
E5,7.898000240325928
E1,12.980999946594238
B2,7.11400032043457
O3,1.402999997138977
H6,12.307999610900879
G6,2.4749999046325684
F2,6.508999824523926
H4,4.60699987411499
L2,1.462999939918518
A2,8.355000495910645
P3,14.36199951171875
O4,7.495999813079834
H2,8.873000144958496
K1,4.539999961853027
L3,1.4869999885559082
L2,13.614999771118164
D3,1.7699999809265137
J1,14.888999938964844
C1,1.7100000381469727
E2,1.6319999694824219
H5,13.95199966430664
B5,1.5470000505447388
J2,4.853000164031982
O4,1.5509999990463257
O2,1.5839999914169312
L4,1.7680000066757202
O1,1.4880000352859497
J5,29.722999572753906
I5,1.503000020980835
F4,1.4950000047683716
A3,6.538000106811523
N4,9.772000312805176
I1,12.961000442504883
G6,1.6039999723434448
G1,2.2720000743865967
E3,4.253000259399414
O5,2.1430001258850098
F2,1.628999948501587
E1,8.147000312805176
H4,1.3700000047683716
G3,14.114999771118164
O1,4.581999778747559
O3,3.32099986076355
I5,1.5019999742507935
K5,12.425999641418457
O4,8.881999969482422
D1,1.628999948501587
B5,23.48900032043457
I4,1.4520000219345093
G4,14.467000007629395
B6,1.5299999713897705
N6,1.6430000066757202
O4,8.379000663757324
D1,19.138999938964844
G4,1.5859999656677246
C5,2.30899977684021
K6,2.055000066757202
I2,2.3630001544952393
N4,1.5699999332427979
I4,4.78000020980835
I3,15.026000022888184
B6,1.4919999837875366
K6,1.7049999237060547
G5,1.7910000085830688
K6,1.5839999914169312
D5,1.3730000257492065
M6,2.4570000171661377
P2,1.5720000267028809
M2,1.4789999723434448
H4,1.3600000143051147
F4,3.557000160217285
K1,11.47599983215332
B5,2.2980000972747803
F3,13.331999778747559
J6,1.6260000467300415
P1,1.6339999437332153
G2,1.6459999084472656
F3,1.5329999923706055
B3,8.348000526428223
N3,1.7979999780654907
F2,1.6420000791549683
B6,6.054999828338623
C6,1.474000096321106
M6,1.9160000085830688
A4,1.6640000343322754
K1,1.9390000104904175
O2,3.4260001182556152
E2,1.5059999227523804
B5,11.303000450134277
P5,4.703000068664551
J4,1.8889999389648438
D2,1.4580000638961792
E4,1.7350000143051147
K5,1.750999927520752
H5,1.503000020980835
J1,1.7569999694824219
C4,7.486999988555908
P6,1.6859999895095825
M2,1.6480000019073486
G3,4.767000198364258
A4,1.6050000190734863
O3,1.5660001039505005
G6,3.6700000762939453
C3,12.920000076293945
K3,2.4099998474121094
G1,1.5239999294281006
A5,5.3329997062683105
M1,1.7109999656677246
J4,1.7239999771118164
K2,1.5019999742507935
L1,7.586999893188477
O4,9.108000755310059
J5,12.875
J3,1.7109999656677246
I2,5.489999771118164
A4,1.4110000133514404
P4,16.209999084472656
A6,1.5609999895095825
C5,4.174999713897705
I2,1.7109999656677246
A6,1.8009999990463257
D1,1.3739999532699585
O1,2.937000036239624
B6,8.468000411987305
E3,18.060001373291016
M2,1.5640000104904175
I1,2.0139999389648438
P2,1.5069999694824219
A3,4.949000358581543
D1,10.427000045776367
B2,4.298999786376953
O6,4.74399995803833
L5,3.2210001945495605
D4,2.063999891281128
H5,5.539999961853027
K2,2.0179998874664307
G5,1.4919999837875366
D4,1.7960000038146973
O5,6.515999794006348
D1,15.357999801635742
J4,1.5379999876022339
I6,1.840000033378601
E1,12.334000587463379
G3,3.430000066757202
I2,1.624000072479248
P3,13.523000717163086
L5,1.6890000104904175
P6,8.78600025177002
F1,10.670000076293945
D2,14.163999557495117
C1,7.5980000495910645
J4,3.115000009536743
I3,1.5210000276565552
G3,7.569000244140625
N4,8.394000053405762
H4,1.3730000257492065
D5,14.503999710083008
H1,2.2929999828338623
K5,1.6779999732971191
J6,7.209000110626221
C1,1.8070000410079956
P4,1.437999963760376
K5,1.4900000095367432
H1,1.584999918937683
O5,11.352999687194824
L1,1.9290000200271606
O6,1.5
E2,12.292000770568848
O5,1.5660001039505005
J1,1.5810000896453857
C2,1.7049999237060547
H5,1.6039999723434448
B2,1.6080000400543213
C3,2.2639999389648438
H2,5.681000232696533
L5,4.361999988555908
C3,4.6479997634887695
J5,3.747999906539917
D2,10.151000022888184
E6,1.6690000295639038
D3,1.6769999265670776
C2,2.240000009536743
J3,1.400999903678894
B3,9.797999382019043
B2,1.624000072479248
G6,4.189999580383301
F3,1.9859999418258667
C3,1.5660001039505005
P5,1.4190000295639038
A4,3.6569998264312744
E1,4.464000225067139
M5,11.788000106811523
K6,5.413999557495117
B3,1.5449999570846558
K1,3.1969997882843018
N5,5.351999759674072
E6,6.353000164031982
F3,1.4469999074935913
J5,7.478000164031982
D2,1.5920000076293945
B6,1.8600000143051147
L3,1.5789999961853027
N4,7.256999969482422
O1,1.4100000858306885
K4,2.1629998683929443
I5,11.907999992370605
L3,5.489999771118164
O3,1.7659999132156372
F3,1.3799999952316284
D4,1.4730000495910645
L1,1.6850000619888306
G5,10.0600004196167
N1,7.26200008392334
E5,8.306000709533691
M5,4.354000091552734
M2,1.3630000352859497
G4,6.499000072479248
B4,1.7940000295639038
I5,1.3680000305175781
N4,7.207000255584717
N5,9.413000106811523
E2,1.5490000247955322
L6,3.0769999027252197
N6,7.2079997062683105
G1,5.838000297546387
L4,1.6850000619888306
P1,2.681999921798706
I2,1.3650000095367432
N2,6.558000087738037
E4,9.562999725341797
C4,3.432000160217285
K1,1.6549999713897705
C6,14.282000541687012
B1,13.376999855041504
B3,6.083000183105469
A4,1.7089999914169312
L2,8.404999732971191
O2,2.9240000247955322
J2,4.572000026702881
C2,1.6890000104904175
H3,8.460000038146973
E1,2.7769999504089355
G4,3.5409998893737793
F5,1.746999979019165
F3,1.5729999542236328
E5,1.3240000009536743
I3,1.6510000228881836
P6,6.4810004234313965
K1,13.77500057220459
C1,1.5219999551773071
I5,4.418999671936035
F1,1.4639999866485596
G6,1.5040000677108765
D5,4.53000020980835
L2,1.912000060081482
N5,3.7269999980926514
C3,3.4010000228881836
L6,7.340000152587891
M4,4.934000015258789
B5,2.9130001068115234
G3,5.01200008392334
J2,8.441999435424805
J1,7.565000057220459
D1,14.222999572753906
P6,1.7310000658035278
L5,6.550000190734863
K2,1.400999903678894
F3,1.3910000324249268
G5,1.75
F5,1.5410000085830688
I3,3.7170000076293945
P4,9.6589994430542
O4,8.453999519348145
G5,7.360000133514404
J5,1.4130001068115234
E3,2.3970000743865967
K3,7.994999885559082
N3,1.7950000762939453
P3,1.440999984741211
H6,5.7179999351501465
A6,6.490999698638916
F6,1.412000060081482
I1,1.8600000143051147
B6,4.011000156402588
M4,1.4600000381469727
O5,7.801999568939209
G3,1.687000036239624
C4,2.4149999618530273
N6,1.5369999408721924
A2,9.344000816345215
A6,1.6779999732971191
E6,1.3519999980926514
N4,1.5920000076293945
B6,1.4580000638961792
A2,5.636000156402588
K2,13.866000175476074
M6,1.7640000581741333
G3,1.7379999160766602
M4,5.019999980926514
E5,1.534000039100647
H6,1.7289999723434448
J2,12.001999855041504
M3,1.5759999752044678
O2,1.4509999752044678
B1,7.178999900817871
D4,1.590999960899353
C3,1.4900000095367432
H2,1.7869999408721924
M6,8.333000183105469
P5,1.6679999828338623
G1,1.4830000400543213
B4,3.069000005722046
E6,4.730000019073486
D1,7.02400016784668
I2,7.565999984741211
A6,16.25200080871582
A2,1.7620000839233398
P6,7.896999835968018
D5,1.562000036239624
P2,1.8070000410079956
M3,7.901000022888184
O6,4.358999729156494
I1,1.4550000429153442
O5,1.5479999780654907
N6,4.707000255584717
J4,1.587999939918518
J3,7.019999980926514
P5,1.9270000457763672
G3,14.945000648498535
I4,1.840000033378601
C3,14.331999778747559
C6,2.0979998111724854
P2,1.468999981880188
I5,1.4019999504089355
P5,3.7159998416900635
G4,1.6150000095367432
H3,7.259000301361084
G2,1.5579999685287476
H3,4.714999675750732
F1,7.286999702453613
L4,2.0850000381469727
F2,1.8380000591278076
F6,1.5449999570846558
B1,1.3569999933242798
J5,1.6080000400543213
K4,1.3330000638961792
C3,1.6029999256134033
P3,2.0959999561309814
B6,11.947000503540039
F4,1.7999999523162842
H1,1.7389999628067017
M2,7.464000225067139
I2,3.2210001945495605
F3,2.367000102996826
L2,1.6330000162124634
M1,6.564000129699707
N5,13.720000267028809
J1,2.5480000972747803
H2,1.4919999837875366
H5,4.246999740600586
I2,5.139999866485596
P4,1.4670000076293945
P3,15.792999267578125
A4,1.808000087738037
G4,1.5
M2,3.1419999599456787
N4,1.5219999551773071
F2,16.804000854492188
A6,1.4390000104904175
G6,3.0350000858306885
N2,6.6539998054504395
H6,3.944999933242798
J6,6.077000141143799
A6,1.3760000467300415
P5,4.726999759674072
A3,1.4989999532699585
D4,1.934999942779541
P3,2.691999912261963
C3,12.79699993133545
D3,1.6299999952316284
D1,5.135000228881836
I2,2.013000011444092
L3,10.043000221252441
B6,1.5509999990463257
L6,1.5770000219345093
H4,1.6299999952316284
E4,5.0169997215271
O2,13.85099983215332
F1,2.1490001678466797
C5,21.805999755859375
I6,1.7450000047683716
C3,7.253999710083008
B2,17.156999588012695
C3,1.4509999752044678
H6,19.796001434326172
I4,2.4110000133514404
K1,2.250999927520752
G1,4.651000022888184
D4,2.2350001335144043
B4,6.872000217437744
H4,7.76200008392334
A3,8.32800006866455
D5,2.98799991607666
I3,1.8530000448226929
C3,7.409999847412109
B2,2.628999948501587
B6,1.7669999599456787
O6,5.125999927520752
F4,2.4809999465942383
F6,1.8179999589920044
E3,2.5759999752044678
H4,1.5449999570846558
M1,2.0810000896453857
K1,1.3109999895095825
M2,1.4149999618530273
H1,2.7869999408721924
J1,11.696000099182129
J1,1.850000023841858
O2,6.818999767303467
A2,8.378000259399414
N1,1.6890000104904175
K5,14.744999885559082
B2,8.255999565124512
P3,1.5170000791549683
H6,6.333000183105469
B1,1.9859999418258667
L5,5.6670002937316895
P5,5.605999946594238
I6,6.860000133514404
D3,1.4730000495910645
I6,1.691999912261963
E1,11.133000373840332
P3,9.710000038146973
I2,1.4229999780654907
H4,1.659999966621399
P3,1.4880000352859497
E6,1.805999994277954
F3,1.400999903678894
D6,13.348999977111816
F6,1.5989999771118164
C3,1.6459999084472656
J1,1.6970000267028809
M6,14.928999900817871
B3,9.690999984741211
I2,2.9589998722076416
G2,1.6749999523162842
J2,9.072000503540039
A2,1.6610000133514404
C2,1.4800000190734863
M2,8.527999877929688
K5,1.6730000972747803
L3,1.6890000104904175
I2,1.6059999465942383
H4,1.2979999780654907
M2,4.578000068664551
F2,1.7640000581741333
H6,1.4789999723434448
E2,8.817999839782715
D2,1.7480000257492065
N6,1.3960000276565552
N3,1.8600000143051147
E2,2.194999933242798
K5,10.104999542236328
B4,1.6339999437332153
G1,1.5399999618530273
C5,1.5419999361038208
K2,1.805999994277954
A4,1.5709999799728394
G5,1.4459999799728394
J4,1.5419999361038208
P4,2.5869998931884766
K5,1.462999939918518
P3,1.3229999542236328
K6,1.7300000190734863
H5,1.6690000295639038
H2,15.227999687194824
D2,1.556999921798706
H2,2.691999912261963
I5,5.25100040435791
A3,1.774999976158142
G6,1.996000051498413
G3,2.256999969482422
M3,2.6469998359680176
J5,1.4789999723434448
D3,15.871999740600586
L4,1.4909999370574951
A4,8.605999946594238
J5,2.562000036239624
J3,1.6929999589920044
J6,1.7319999933242798
J5,14.206999778747559
B6,2.8489999771118164
G2,1.7139999866485596
H6,2.4850001335144043
O2,1.4880000352859497
E4,5.238999843597412
G6,33.303001403808594
L4,1.7319999933242798
D2,1.8100000619888306
F6,4.985000133514404
H4,1.4049999713897705
A2,2.0409998893737793
L6,1.621000051498413
H2,2.248999834060669
A2,2.046999931335449
E2,6.556000232696533
G4,1.400999903678894
D1,1.5269999504089355
J2,2.6730000972747803
J6,1.71999990940094
K5,11.944999694824219
G6,7.310999870300293
M2,2.809000015258789
B2,2.569999933242798
L1,1.5999999046325684
H2,1.5190000534057617
O3,1.7310000658035278
O5,1.4420000314712524
H5,8.952000617980957
O5,1.652999997138977
L2,11.741999626159668
M2,1.6299999952316284
J4,11.642999649047852
D2,11.843999862670898
I6,1.808000087738037
M6,4.545000076293945
N1,7.453999996185303
P3,1.5269999504089355
B5,3.6490001678466797
N1,4.654000282287598
O5,2.503999948501587
L2,1.8909999132156372
D6,6.4730000495910645
A6,1.406000018119812
P5,3.2319998741149902
A3,1.7170000076293945
F2,1.4600000381469727
M3,1.8389999866485596
N4,4.8560004234313965
K1,8.13599967956543
E3,1.5069999694824219
O5,1.6979999542236328
O6,1.6180000305175781
A1,2.73799991607666
A2,3.296999931335449
O2,11.715999603271484
F3,7.2860002517700195
K2,1.6339999437332153
H4,7.5849995613098145
G2,1.6230000257492065
L3,1.7659999132156372
P4,1.4179999828338623
D3,1.9010000228881836
G6,13.984999656677246
N2,1.8240000009536743
N1,1.5190000534057617
F6,1.6899999380111694
K3,14.476999282836914
E6,7.3520002365112305
L6,19.9689998626709
J1,1.7699999809265137
M5,2.4659998416900635
I2,4.86899995803833
E3,1.6690000295639038
F1,1.590999960899353
N4,2.496999979019165
E6,1.5180000066757202
E3,1.4789999723434448
N5,7.879000186920166
P3,4.506999969482422
O3,1.5500000715255737
N5,2.809000015258789
E2,1.4110000133514404
M4,30.053001403808594
L2,1.5740000009536743
K4,1.4730000495910645
M4,1.5440000295639038
H2,8.391000747680664
H3,1.4539999961853027
I4,1.6510000228881836
E4,8.484999656677246
E4,8.070000648498535
I3,3.2029998302459717
P6,7.685999870300293
L4,8.360000610351562
F2,6.409999847412109
L5,1.555999994277954
M2,6.244999885559082
O4,1.590999960899353
M2,1.4880000352859497
B2,1.4730000495910645
D5,1.4449999332427979
K6,12.39699935913086
H4,1.5119999647140503
E3,1.4869999885559082
B1,6.4579997062683105
L3,4.509999752044678
H6,6.553999900817871
I1,8.84000015258789
H5,1.909000039100647
N2,2.9739999771118164
M4,6.900000095367432
B1,1.5440000295639038
B3,6.959000110626221
J6,1.7109999656677246
D6,1.6540000438690186
L4,8.376999855041504
C1,8.32599925994873
K2,1.559000015258789
N2,4.865000247955322
E6,1.3279999494552612
L4,1.6200000047683716
A2,1.78000009059906
C2,4.3420000076293945
H5,12.934999465942383
M3,2.633000135421753
C5,1.5549999475479126
E5,1.8849999904632568
B4,1.5820000171661377
H1,1.8140000104904175
C1,21.12299919128418
B5,4.069000244140625
A4,1.7979999780654907
E1,7.199999809265137
N2,1.527999997138977
M5,1.3820000886917114
E5,1.6959999799728394
L5,5.7789998054504395
L2,7.298000335693359
I3,1.5110000371932983
P4,1.9499999284744263
I3,3.623000144958496
I6,4.9730000495910645
K5,1.6330000162124634
E2,3.2269999980926514
B4,8.46500015258789
K3,1.5989999771118164
J3,14.108000755310059
L4,2.05400013923645
E2,6.812999725341797
O2,1.6420000791549683
A2,2.0179998874664307
K5,13.197999954223633
L5,21.908000946044922
C2,1.49399995803833
O3,17.211999893188477
K6,1.3790000677108765
L5,1.8570001125335693
F2,3.563999891281128
A6,5.072000026702881
I1,1.746000051498413
L1,3.496999979019165
K6,1.468000054359436
J3,1.3849999904632568
H6,1.722999930381775
J3,14.590999603271484
L2,8.855000495910645
N6,7.642000198364258
I5,1.5119999647140503
D4,8.538000106811523
F5,1.8410000801086426
D4,1.6019999980926514
J2,1.6959999799728394
C2,2.25600004196167
C4,2.3519999980926514
E1,1.6120001077651978
M4,3.9820001125335693
E2,10.010000228881836
D1,1.3670001029968262
L4,2.114000082015991
I5,3.827000141143799
F4,1.5679999589920044
J1,1.8429999351501465
H3,1.805999994277954
H5,1.440000057220459
I6,8.375
A5,12.223999977111816
P6,11.03600025177002
M6,2.0330002307891846
K4,7.926999568939209
N5,5.785999774932861
G6,15.657000541687012
F4,1.8909999132156372
L5,1.590000033378601
P4,1.4529999494552612
G5,1.5660001039505005
K5,1.6679999828338623
D2,1.6410000324249268
L1,1.5429999828338623
J6,21.95600128173828
D3,1.375
K4,5.357999801635742
B4,16.43400001525879
N4,1.9589999914169312
A6,1.5810000896453857
N3,8.282000541687012
A5,1.5040000677108765
B2,1.8870000839233398
C2,1.906000018119812
M1,1.8819999694824219
K4,1.5190000534057617
E5,6.808000087738037
M1,34.21799850463867
O1,1.5360000133514404
H2,1.5260000228881836
C2,2.3630001544952393
P6,1.587999939918518
N4,1.597000002861023
B5,1.649999976158142
N3,1.6039999723434448
K1,1.6589999198913574
K6,6.414000034332275
M6,1.3389999866485596
N4,5.011000156402588
O3,13.753999710083008
N1,1.9279999732971191
C5,1.9559999704360962
H5,1.8170000314712524
O1,8.469000816345215
K2,1.4800000190734863
B4,6.046000003814697
E5,1.4919999837875366
P1,1.6059999465942383
I1,2.369999885559082
B4,11.467999458312988
P6,13.961000442504883
H5,1.5049999952316284
L1,1.4730000495910645
C6,14.562999725341797
P4,17.389999389648438
E4,8.492000579833984
H4,1.5789999961853027
N2,7.114999771118164
A4,1.7680000066757202
F1,8.402000427246094
N2,1.3949999809265137
G3,1.715000033378601
A3,1.5999999046325684
F6,3.8480000495910645
A5,6.550999641418457
C3,18.067001342773438
N1,1.7669999599456787
L3,1.7259999513626099
G4,1.5369999408721924
E2,13.74000072479248
A5,4.505000114440918
L1,1.9809999465942383
D2,4.61299991607666
I5,1.4800000190734863
J2,1.7599999904632568
E4,1.3899999856948853
L5,1.524999976158142
L6,2.5810000896453857
N3,6.105000019073486
H3,1.7839999198913574
B4,7.220999717712402
D1,1.6990000009536743
A4,1.684000015258789
M4,1.7020000219345093
L5,1.569000005722046
B2,1.6720000505447388
M5,37.7239990234375
E2,4.621999740600586
K2,1.4459999799728394
O2,1.7599999904632568
B5,1.691999912261963
C6,1.9970000982284546
B3,2.2239999771118164
G5,5.7210001945495605
B2,12.834000587463379
M5,2.1530001163482666
P1,1.5699999332427979
D4,1.6080000400543213
J6,6.9070000648498535
G2,3.0220000743865967
D5,2.1059999465942383
L3,1.7760000228881836
P3,3.6599998474121094
F6,1.8380000591278076
J6,1.8140000104904175
O4,2.4619998931884766
J2,14.325000762939453
D1,1.468999981880188
L4,1.8299999237060547
M6,1.878999948501587
O5,5.2179999351501465
O5,1.5329999923706055
F3,17.37900161743164
O3,1.3389999866485596
P5,2.927000045776367
B6,3.121999979019165
A2,1.7950000762939453
A2,1.4589999914169312
G2,3.2029998302459717
C6,8.473999977111816
P4,1.3820000886917114
I5,1.8830000162124634
P1,1.3680000305175781
D6,1.4600000381469727
A2,5.0320000648498535
N2,2.753999948501587
J6,7.005000114440918
L5,1.4179999828338623
M2,1.652999997138977
J3,6.632999897003174
H4,4.288000106811523
F1,14.38599967956543
M6,1.6349999904632568
J4,2.9700000286102295
O5,1.6890000104904175
P3,1.437000036239624
I3,1.3270000219345093
A1,3.736999988555908
C3,13.574000358581543
E3,13.442999839782715
C2,1.4830000400543213
D2,9.166999816894531
E5,8.337000846862793
L1,2.9559998512268066
L1,1.4229999780654907
I6,2.0139999389648438
F1,5.917999744415283
N5,8.435999870300293
A2,1.753999948501587
H3,1.5679999589920044
H6,6.125
L5,8.88599967956543
F2,1.7740000486373901
I2,1.5080000162124634
I4,1.6899999380111694
P2,14.210999488830566
L6,1.437999963760376
K2,9.734000205993652
L2,1.5010000467300415
L6,7.014999866485596
O5,2.688999891281128
I5,9.762999534606934
N2,1.78000009059906
P4,1.7409999370574951
J4,4.145999908447266
C1,31.952001571655273
I5,8.45300006866455
F4,6.565999984741211
G5,2.3330001831054688
J2,13.392000198364258
P1,1.5429999828338623
C2,5.7179999351501465
O3,1.4479999542236328
P1,2.1089999675750732
B6,1.6979999542236328
M3,4.997000217437744
H2,1.819000005722046
E1,1.7130000591278076
I1,3.830000162124634
I3,3.5360000133514404
M3,1.4220000505447388
H2,1.5299999713897705
G2,4.647000312805176
B2,1.5810000896453857
H4,2.7920000553131104
J1,1.815999984741211
K6,1.9640001058578491
K3,1.746000051498413
E4,1.402999997138977
L1,2.190999984741211
M4,6.9720001220703125
G3,2.1649999618530273
P1,4.376999855041504
J2,8.361000061035156
H5,1.6110000610351562
B1,1.7910000085830688
G2,1.406000018119812
H6,2.0390000343322754
O4,5.3329997062683105
C4,14.293000221252441
O2,1.556999921798706
E4,6.715000152587891
D6,1.878999948501587
I4,1.6690000295639038
G1,1.7030000686645508
G6,1.5490000247955322
K6,5.278000354766846
E1,1.7100000381469727
J5,1.6410000324249268
I6,15.75200080871582
J5,11.044000625610352
B3,1.3289999961853027
K5,7.488000392913818
J3,4.861999988555908
I2,13.131999969482422
D3,1.808000087738037
F1,4.871000289916992
C4,1.8570001125335693
D1,1.6459999084472656
A6,4.6620001792907715
H1,1.9589999914169312
F2,17.31399917602539
O3,1.9229999780654907
I4,1.4809999465942383
F5,1.5509999990463257
H1,1.7079999446868896
D1,1.5829999446868896
D3,1.7689999341964722
E5,1.4950000047683716
D6,1.4169999361038208
L4,1.5369999408721924
K3,6.88599967956543
P4,1.5059999227523804
D4,1.5399999618530273
A4,1.5089999437332153
O5,1.7740000486373901
N4,8.510000228881836
A1,1.628000020980835
L2,2.315999984741211
A1,3.2990000247955322
H6,1.559000015258789
K5,1.3730000257492065
M4,1.684000015258789
B5,1.4880000352859497
E4,1.6090000867843628
P5,9.73900032043457
I1,1.4779999256134033
N5,1.559000015258789
P6,1.8289999961853027
M6,16.8439998626709
I6,3.13100004196167
H2,15.654999732971191
G1,1.593999981880188
I5,1.4670000076293945
I5,8.71399974822998
G4,4.946000099182129
H5,2.07099986076355
M4,1.815999984741211
L5,2.7709999084472656
C4,1.628000020980835
B3,1.5419999361038208
M4,2.5169999599456787
P6,1.4929999113082886
P3,21.67300033569336
N4,10.490999221801758
K2,6.730999946594238
F3,1.6110000610351562
B2,3.0149998664855957
B2,2.569000005722046
M2,3.7230000495910645
A3,1.9799998998641968
I3,8.440999984741211
M3,13.690000534057617
B3,12.281000137329102
F4,1.3240000009536743
K6,1.9759999513626099
O6,2.5929999351501465
J1,13.571000099182129
L4,1.5449999570846558
M6,1.4550000429153442
E3,1.7730000019073486
K4,1.6759999990463257
E4,14.397000312805176
L1,1.49399995803833
A5,1.4909999370574951
I3,9.506999969482422
D2,1.7059999704360962
F4,1.462999939918518
B5,1.4559999704360962
E4,18.48900032043457
F5,8.461000442504883
O1,2.1419999599456787
M2,2.123000144958496
H3,1.5299999713897705
M5,1.5350000858306885
F3,1.6589999198913574
M1,1.5239999294281006
C5,1.7890000343322754
D2,1.5449999570846558
H6,1.659999966621399
O6,1.3839999437332153
K3,15.000999450683594
N5,1.5490000247955322
I5,7.044000148773193
N5,12.119999885559082
K6,2.4739999771118164
L6,1.6069999933242798
G3,3.061000108718872
H1,1.5080000162124634
K6,1.5019999742507935
G3,1.4950000047683716
C5,1.6390000581741333
A1,2.5
N6,9.545999526977539
L2,1.5230000019073486
D6,1.3589999675750732
I6,11.496000289916992
D4,1.933000087738037
P3,6.9039998054504395
A4,1.3980000019073486
E2,4.825000286102295
P5,1.5699999332427979
D3,1.553999900817871
H2,14.584000587463379
P1,1.8630000352859497
F2,5.080999851226807
O3,1.78000009059906
D5,1.7869999408721924
M3,1.7109999656677246
A2,1.6069999933242798
B6,8.486000061035156
K2,1.656000018119812
N4,6.674000263214111
E3,7.25600004196167
B4,1.4779999256134033
M5,1.6949999332427979
J1,7.360000133514404
F2,1.5399999618530273
M3,13.565000534057617
O3,3.558000087738037
F3,8.199999809265137
M4,13.869999885559082
C6,7.494999885559082
L3,8.802999496459961
E1,1.5490000247955322
J1,5.0360002517700195
N6,3.5230000019073486
G5,1.6349999904632568
N3,1.6150000095367432
N5,1.3450000286102295
D4,1.5859999656677246
M1,1.3220000267028809
K6,1.6730000972747803
K3,2.065999984741211
G1,1.749000072479248
D6,1.406000018119812
M3,1.7960000038146973
L1,4.689000129699707
B6,1.8700000047683716
D5,2.2720000743865967
L4,2.3420000076293945
O3,14.36199951171875
F4,11.333000183105469
H2,8.809000015258789
H2,4.980000019073486
D2,3.569999933242798
F2,1.5660001039505005
D3,1.781999945640564
H2,1.375
P6,1.400999903678894
P4,1.5040000677108765
A2,6.095000267028809
I3,16.2189998626709
E5,1.6069999933242798
G1,18.718000411987305
A5,23.815000534057617
L3,1.899999976158142
O3,2.8510000705718994
I6,1.9450000524520874
H1,1.4580000638961792
H4,11.980999946594238
I2,2.369000196456909
B6,11.89900016784668
I6,6.1579999923706055
J1,1.8240000009536743
N3,16.342998504638672
H4,15.5649995803833
N2,2.61899995803833
M5,1.7039999961853027
B2,1.3510000705718994
M5,2.2150001525878906
I4,1.399999976158142
J3,1.5149999856948853
G4,1.7350000143051147
P6,1.909000039100647
M1,6.552000045776367
M1,7.440999984741211
E4,8.709000587463379
D4,1.6150000095367432
P5,1.5080000162124634
O1,1.6420000791549683
B4,1.811000108718872
M5,1.7699999809265137
K3,1.71999990940094
E6,11.505000114440918
L6,3.42900013923645
I5,1.406999945640564
F1,3.322000026702881
P2,8.677000045776367
O2,1.9219999313354492
F1,1.5299999713897705
O3,2.200000047683716
L4,1.5089999437332153
E4,4.888000011444092
E2,14.530000686645508
I6,1.412000060081482
P6,1.7009999752044678
H6,1.972999930381775
N4,1.6880000829696655
F4,1.4390000104904175
D4,13.949000358581543
D2,6.639999866485596
B4,2.633000135421753
C4,2.2239999771118164
B1,24.290998458862305
E6,4.523000240325928
P3,1.6200000047683716
I5,1.627000093460083
I2,9.615999221801758
A5,1.7669999599456787
K2,1.7120000123977661
E3,1.3730000257492065
P1,5.266000270843506
E6,1.9930000305175781
I4,13.307999610900879
B5,1.4479999542236328
P3,13.33899974822998
H2,1.8050000667572021
N2,6.151000022888184
L4,6.382999897003174
K4,1.524999976158142
J1,12.570000648498535
B4,8.810999870300293
N4,2.940999984741211
G1,3.5999999046325684
N3,5.861999988555908
F5,8.279000282287598
E5,7.439000129699707
L4,1.6610000133514404
K2,1.6779999732971191
F5,1.3980000019073486
M2,2.065999984741211
O5,1.9470000267028809
N2,1.9519999027252197
N2,4.530999660491943
L3,1.7430000305175781
J4,3.050999879837036
A2,14.935999870300293
H1,6.996000289916992
D2,2.002999782562256
B6,14.538000106811523
O2,1.8819999694824219
M4,2.067999839782715
G1,1.444000005722046
E4,4.406000137329102
L3,1.621999979019165
P5,4.132999897003174
P3,1.6169999837875366
C5,1.6410000324249268
B2,1.722999930381775
O1,1.774999976158142
N5,1.628000020980835
J6,24.452999114990234
H1,11.77299976348877
P2,6.539999961853027
G6,1.5299999713897705
D4,1.624000072479248
I2,1.8960000276565552
N5,1.5080000162124634
P5,7.542999744415283
O1,8.515999794006348
M3,14.821000099182129
B1,3.246000051498413
C1,1.6589999198913574
L2,1.4559999704360962
I6,2.2130000591278076
L1,8.663999557495117
P6,1.75600004196167
F4,3.0820000171661377
I3,1.5389999151229858
G3,5.681000232696533
C5,8.711000442504883
C3,1.6670000553131104
K6,1.8909999132156372
L4,2.9549999237060547
D4,1.7940000295639038
N2,5.263000011444092
K4,3.980999708175659
B3,1.5519999265670776
B2,1.627000093460083
H4,1.6459999084472656
E6,13.1850004196167
O3,12.552000045776367
H3,1.6549999713897705
H3,3.1480000019073486
H6,4.273000240325928
J4,4.368000030517578
B3,3.944000244140625
B3,8.454999923706055
A6,5.185999870300293
F3,1.8230000734329224
P2,8.871999740600586
B2,1.7869999408721924
B4,1.7239999771118164
F1,9.20300006866455
G5,1.5399999618530273
E1,4.708000183105469
E3,1.4880000352859497
O3,6.2829999923706055
J1,2.200000047683716
H5,1.6319999694824219
I3,5.5370001792907715
J4,1.4570000171661377
C1,1.7049999237060547
O5,9.640999794006348
P5,1.774999976158142
C6,1.774999976158142
H1,6.50600004196167
J2,1.5399999618530273
K4,10.48900032043457
K1,2.756999969482422
A1,3.796999931335449
F2,10.49899959564209
C2,1.652999997138977
F5,5.284000396728516
B3,16.269001007080078
A5,1.6449999809265137
E4,7.2779998779296875
J6,1.7979999780654907
H5,4.666999816894531
B4,8.920000076293945
I5,1.562000036239624
G1,1.7879999876022339
D5,4.4760003089904785
G6,5.417999744415283
B4,6.949999809265137
F3,3.0929999351501465
B2,3.0749998092651367
A4,4.687000274658203
O3,1.6690000295639038
J1,8.831999778747559
F5,7.193999767303467
G2,4.656000137329102
G5,8.416999816894531
A5,1.6019999980926514
M6,4.621999740600586
A1,1.3730000257492065
J5,1.5019999742507935
J6,1.8830000162124634
N2,2.806999921798706
H2,1.5709999799728394
G5,1.5500000715255737
E4,1.75600004196167
P3,1.4839999675750732
F5,5.5829997062683105
M4,1.3559999465942383
B6,1.5709999799728394
A5,1.6629999876022339
P6,1.8880000114440918
F4,1.7620000839233398
L2,1.6949999332427979
G4,1.3240000009536743
P1,1.5859999656677246
N6,1.937999963760376
G2,16.15799903869629
G3,11.661999702453613
K6,1.4700000286102295
I2,2.4880001544952393
N5,13.769000053405762
E5,1.5149999856948853
P3,1.781999945640564
B4,4.105999946594238
G4,8.42199993133545
I1,10.432999610900879
N4,1.6759999990463257
M5,13.708000183105469
N5,1.6039999723434448
J4,9.717000007629395
A1,18.41899871826172
B4,1.7359999418258667
L4,1.597000002861023
N1,1.5040000677108765
O3,1.6019999980926514
A3,7.189000129699707
P6,1.5429999828338623
J2,1.4700000286102295
N1,11.381999969482422
D2,1.5049999952316284
L1,1.774999976158142
C1,1.5920000076293945
K4,1.412000060081482
N3,7.797999858856201
E3,1.971000075340271
I5,13.300999641418457
K3,7.111000061035156
H4,2.3469998836517334
E6,1.722999930381775
L5,1.5470000505447388
P3,10.122000694274902
N2,4.5279998779296875
I3,14.732000350952148
F5,1.9620000123977661
L3,1.4950000047683716
I5,2.8450000286102295
C5,5.243000030517578
P2,1.5360000133514404
P3,17.131000518798828
N5,1.6540000438690186
B1,2.246000051498413
G4,3.4260001182556152
B1,10.755999565124512
G1,2.07099986076355
L4,7.703000068664551
K6,4.530999660491943
O1,1.7139999866485596
K5,14.023000717163086
E2,1.5149999856948853
J6,7.395999908447266
P2,15.079000473022461
J2,2.421999931335449
D2,2.0190000534057617
F5,4.501999855041504
F2,1.5699999332427979
G1,1.5350000858306885
N3,3.240000009536743
J5,7.373000144958496
J2,1.4559999704360962
A5,3.1470000743865967
L3,2.385999917984009
J6,1.4130001068115234
E4,7.296999931335449
E1,1.5780000686645508
C6,4.974999904632568
F1,1.5049999952316284
E2,7.255000114440918
M6,1.746999979019165
L1,3.055999994277954
H3,1.5440000295639038
F1,1.7160000801086426
G1,2.180000066757202
D1,2.758000135421753
B5,6.4710001945495605
A1,1.6469999551773071
O3,1.8050000667572021
H3,4.639999866485596
B4,13.086000442504883
C4,3.9110002517700195
D2,4.827000141143799
G1,1.5
J3,1.7239999771118164
F2,13.901000022888184
N6,1.440999984741211
F2,8.596999168395996
F1,3.3550000190734863
H6,7.218999862670898
F2,7.455000400543213
F1,2.132999897003174
O3,5.297999858856201
J6,5.501999855041504
F4,1.3420000076293945
M5,14.089000701904297
D2,1.6420000791549683
B6,1.465999960899353
H2,8.52400016784668
C2,1.7109999656677246
H5,1.5399999618530273
K6,6.052000045776367
K4,1.5419999361038208
K2,7.708000183105469
I6,2.002999782562256
I2,1.6449999809265137
G2,2.2829999923706055
P2,1.440999984741211
N3,6.36899995803833
M2,2.63700008392334
P5,11.322000503540039
O6,5.001999855041504
P1,1.6949999332427979
I3,1.3289999961853027
C6,2.639000177383423
O4,1.6169999837875366
D2,8.670999526977539
H2,1.4759999513626099
J6,1.9110000133514404
C4,2.5950000286102295
C5,7.288000106811523
H5,1.3830000162124634
H4,8.822999954223633
N4,11.056000709533691
D5,6.0269999504089355
D5,1.559000015258789
G4,1.621000051498413
H1,11.762999534606934
M5,1.8550000190734863
M2,5.540999889373779
A2,9.470999717712402
G4,13.539000511169434
F4,13.689000129699707
I3,5.5169997215271
C2,1.808000087738037
I4,2.120000123977661
G4,1.6430000066757202
P2,1.5640000104904175
M1,7.503000259399414
K3,17.881000518798828
D3,1.7580000162124634
N6,4.3460001945495605
H5,1.6540000438690186
K1,5.896999835968018
F2,12.29699993133545
E6,1.5399999618530273
B6,8.937999725341797
I1,12.241000175476074
C6,1.7109999656677246
M1,4.763000011444092
O2,3.1500000953674316
L3,1.915000081062317
N5,2.443000078201294
O4,1.437999963760376
M2,5.059000015258789
A6,1.8019999265670776
M4,1.5350000858306885
K3,9.592999458312988
E4,14.72599983215332
D2,1.5670000314712524
E5,3.866000175476074
I1,1.7419999837875366
D6,1.4240000247955322
I6,2.2320001125335693
H6,1.4830000400543213
K3,8.901000022888184
J4,4.85099983215332
K4,1.750999927520752
J4,1.3559999465942383
M1,2.0339999198913574
M4,7.050000190734863
L3,1.5040000677108765
D3,3.549999952316284
F4,10.105999946594238
E3,4.678999900817871
J3,1.930999994277954
A6,1.4290000200271606
G1,21.364999771118164
A2,9.57699966430664
K5,8.505000114440918
J2,1.4819999933242798
C4,2.872999906539917
I2,10.5649995803833
I5,1.6979999542236328
O4,7.230999946594238
M6,1.5269999504089355
A4,1.5600000619888306
F1,3.9820001125335693
O4,2.880000114440918
D1,1.9769998788833618
G3,1.3579999208450317
K1,1.524999976158142
D1,1.347000002861023
K1,1.7979999780654907
C2,1.5549999475479126
C3,1.5040000677108765
A2,1.7100000381469727
K1,1.5810000896453857
I5,3.2049999237060547
B6,1.402999997138977
A4,13.934000015258789
M5,10.505000114440918
E1,1.4229999780654907
O6,1.3339999914169312
O3,1.4420000314712524
O4,1.7580000162124634
A6,4.5879998207092285
C1,8.410999298095703
I1,1.843999981880188
B4,1.6480000019073486
G2,1.5800000429153442
D6,2.2789998054504395
A1,4.044999599456787
K2,8.135000228881836
J1,4.581999778747559
P5,4.298000335693359
G2,1.402999997138977
C2,7.610000133514404
C5,14.086999893188477
A1,1.718000054359436
O5,1.569000005722046
A3,2.616999864578247
I6,7.135000228881836
O4,1.6740000247955322
E2,2.4029998779296875
M6,1.5219999551773071
I5,13.102999687194824
P1,1.503000020980835
H3,2.2639999389648438
K1,11.118999481201172
M5,2.256999969482422
A3,1.584999918937683
G5,1.9160000085830688
H6,1.496999979019165
O4,3.189000129699707
J4,1.5470000505447388
A5,1.6570000648498535
A4,6.49399995803833
N2,8.499000549316406
L3,1.6139999628067017
P2,9.833999633789062
N5,9.654999732971191
O1,1.5099999904632568
A6,14.248000144958496
J5,1.4819999933242798
P2,1.6260000467300415
C5,5.468999862670898
M6,14.337000846862793
L3,15.86299991607666
I5,1.7929999828338623
C2,1.6309999227523804
K1,4.626999855041504
O5,1.5800000429153442
K2,4.178999900817871
D3,1.5140000581741333
F6,6.921000003814697
A3,1.5759999752044678
O5,86.63099670410156
M6,12.78499984741211
P4,11.467000007629395
N6,1.337999939918518
B1,3.256999969482422
K1,1.430999994277954
N6,15.414999961853027
I3,1.680999994277954
B2,2.1710000038146973
L3,1.3630000352859497
A3,1.621000051498413
K4,7.2779998779296875
F4,1.555999994277954
G2,9.055999755859375
K4,1.75600004196167
L2,6.554999828338623
M5,2.0850000381469727
O3,1.7569999694824219
C4,1.8269999027252197
M5,4.571000099182129
C1,4.337000370025635
M3,1.4639999866485596
I4,9.545000076293945
F6,2.823000192642212
K4,1.3960000276565552
M3,5.506999969482422
K1,1.527999997138977
J6,1.590000033378601
J2,1.6330000162124634
P4,1.5210000276565552
J3,1.4950000047683716
P5,2.6010000705718994
I5,2.2120001316070557
G6,3.1389999389648438
K5,1.4989999532699585
L6,1.6720000505447388
H6,4.683000087738037
L1,8.538000106811523
D3,7.650000095367432
J1,7.776000022888184
N6,1.437999963760376
K3,1.3790000677108765
A4,2.2100000381469727
P4,1.8429999351501465
P3,1.4329999685287476
G1,8.554999351501465
H5,1.805999994277954
J2,1.4890000820159912
I6,1.6169999837875366
M6,6.4670000076293945
P6,14.54699993133545
H3,7.418000221252441
A2,14.487000465393066
N3,7.482999801635742
O6,1.8519999980926514
G5,1.524999976158142
L5,1.6059999465942383
G2,1.4199999570846558
F5,6.920000076293945
L3,1.6790000200271606
H6,8.488999366760254
H3,4.953000068664551
I2,4.447999954223633
N4,1.5149999856948853
B6,1.899999976158142
C1,10.1589994430542
P1,12.053999900817871
P5,1.6459999084472656
L1,14.329000473022461
P1,12.72700023651123
N6,2.0510001182556152
H6,1.8029999732971191
F5,1.5369999408721924
J5,2.371999979019165
D3,1.9930000305175781
I1,1.7009999752044678
J3,5.76200008392334
I5,1.8040000200271606
E1,1.4390000104904175
J6,24.57200050354004
O5,7.2920002937316895
H2,1.5479999780654907
K3,12.637999534606934
O2,1.684000015258789
K5,1.680999994277954
G3,3.5939998626708984
L6,6.771999835968018
E2,3.053999900817871
M5,1.812999963760376
P1,1.7160000801086426
E6,1.6629999876022339
L2,4.616000175476074
N4,4.280999660491943
D4,3.0490000247955322
M5,4.443999767303467
D4,15.592000007629395
I5,1.7350000143051147
O5,4.567999839782715
L4,4.375999927520752
A6,1.4900000095367432
E4,1.409000039100647
I2,10.731000900268555
N2,1.9480000734329224
E6,1.371999979019165
E3,7.635000228881836
G5,1.7430000305175781
F4,1.5640000104904175
P5,1.6749999523162842
B4,6.833000183105469
K3,7.973999500274658
L6,1.6779999732971191
H3,7.567999839782715
I4,14.986000061035156
E6,8.995999336242676
M1,2.062000036239624
F4,20.63300132751465
G2,1.5040000677108765
J1,1.5210000276565552
M2,11.211999893188477
H3,4.575999736785889
L2,1.4769999980926514
F5,9.939000129699707
P4,1.7059999704360962
I4,1.7009999752044678
K5,2.315999984741211
E2,1.4160000085830688
E1,1.8320000171661377
D4,3.6050000190734863
B1,1.5950000286102295
B1,15.163000106811523
D4,1.5180000066757202
H2,2.0399999618530273
F3,6.249000072479248
L1,1.5699999332427979
D4,8.527000427246094
D1,1.7039999961853027
F6,6.333000183105469
H4,1.5089999437332153
D1,1.6519999504089355
D6,11.378999710083008
A3,4.9670000076293945
E5,2.767000198364258
F2,1.4759999513626099
P2,7.261000156402588
N6,1.5600000619888306
K4,1.6619999408721924
K5,1.659999966621399
J3,1.5160000324249268
L5,1.652999997138977
N5,8.494999885559082
I4,13.469000816345215
O1,1.4860000610351562
I3,6.360999584197998
J1,1.5950000286102295
E4,1.3459999561309814
C3,1.6829999685287476
E4,11.583000183105469
E1,2.9179999828338623
D2,1.7269999980926514
N4,1.4250000715255737
P5,5.383999824523926
K6,4.466000080108643
L6,1.691999912261963
C4,1.8550000190734863
C4,4.877999782562256
M5,8.073999404907227
A2,1.6139999628067017
F1,1.5609999895095825
K2,2.5480000972747803
L1,8.325000762939453
F4,1.5920000076293945
G6,1.5160000324249268
F3,2.058000087738037
L6,1.8040000200271606
G5,1.3799999952316284
J4,1.5829999446868896
L5,1.434000015258789
A3,1.6829999685287476
L2,7.605000019073486
F1,1.6080000400543213
J1,10.28499984741211
J5,1.5290000438690186
H4,1.5709999799728394
K4,1.6589999198913574
N5,1.4520000219345093
N6,8.3149995803833
D6,2.440000057220459
N6,5.664999961853027
J4,5.941999912261963
G3,1.4449999332427979
M4,1.7000000476837158
E2,1.6749999523162842
K5,8.548999786376953
F6,6.496999740600586
F2,2.2639999389648438
G4,1.49399995803833
N4,1.6549999713897705
H2,5.669000148773193
N3,8.530000686645508
K5,12.168999671936035
P6,1.5470000505447388
L1,1.9859999418258667
G5,1.468999981880188
K1,3.0439999103546143
E5,6.006999969482422
G4,8.778999328613281
F3,7.28000020980835
P6,1.437000036239624
J2,6.614999771118164
N5,2.371999979019165
B1,1.6050000190734863
H1,2.0139999389648438
G5,4.517000198364258
L2,17.06599998474121
O1,1.7350000143051147
B3,8.95300006866455
C3,1.7389999628067017
N1,4.701000213623047
J6,14.98799991607666
E6,2.18500018119812
F3,1.8140000104904175
D3,1.8329999446868896
K6,1.6489999294281006
N5,1.5219999551773071
I6,7.056000232696533
H5,5.2729997634887695
F5,1.503000020980835
P5,1.7599999904632568
P5,1.3459999561309814
L1,7.868999481201172
B3,1.444000005722046
B6,11.57800006866455
G3,1.4290000200271606
E6,1.472000002861023
D5,1.6019999980926514
L3,1.6459999084472656
J5,11.955000877380371
J6,1.468000054359436
N1,1.8269999027252197
I3,1.9210000038146973
M5,1.6309999227523804
L2,1.3489999771118164
A5,1.5519999265670776
P3,1.584999918937683
K4,5.013000011444092
D5,5.026000022888184
P5,4.581999778747559
A4,2.371999979019165
N1,1.8230000734329224
J5,1.7280000448226929
F1,5.5920000076293945
A6,1.597999930381775
K6,9.9350004196167
G1,21.937000274658203
J2,18.4060001373291
D3,1.5040000677108765
G4,1.722000002861023
D5,7.244999885559082
M4,1.5460000038146973
I2,10.373000144958496
B5,4.8329997062683105
O6,1.8589999675750732
K3,1.6380000114440918
L3,1.78000009059906
H1,1.402999997138977
B4,1.4869999885559082
C5,1.4919999837875366
E3,5.291999816894531
J1,1.555999994277954
F1,6.019000053405762
E5,21.69300079345703
A6,4.168999671936035
I4,1.7630000114440918
E2,1.6970000267028809
F3,1.7280000448226929
N6,8.180999755859375
B4,1.6369999647140503
C3,1.6110000610351562
C1,1.3760000467300415
C3,5.531000137329102
K3,1.409000039100647
A5,4.5279998779296875
A6,1.850000023841858
M3,7.3420000076293945
A1,1.2929999828338623
P2,1.6469999551773071
I1,9.145999908447266
O6,1.753999948501587
K4,2.5440001487731934
L6,7.195000171661377
B1,1.5350000858306885
F2,1.781000018119812
F5,1.3249999284744263
J3,1.6949999332427979
F5,1.5740000009536743
C1,5.552000045776367
F2,8.78600025177002
P1,1.4919999837875366
H4,1.5320000648498535
L4,18.194000244140625
L4,2.319999933242798
D5,3.1530001163482666
G6,1.5399999618530273
B6,1.8260000944137573
N3,1.375
A6,1.7039999961853027
H4,1.3940000534057617
C5,1.5839999914169312
N1,2.247000217437744
J2,8.487000465393066
H4,1.6749999523162842
M2,1.468000054359436
N1,1.5160000324249268
G4,11.684999465942383
A1,1.6890000104904175
J3,11.718999862670898
P5,10.978999137878418
C6,8.744999885559082
J2,2.2179999351501465
N5,2.697999954223633
C4,1.5810000896453857
N2,15.518000602722168
D6,1.597000002861023
H3,1.4850000143051147
C1,4.424000263214111
A6,1.6330000162124634
L3,1.7839999198913574
G2,13.713000297546387
J5,1.7190001010894775
K1,1.8279999494552612
E6,13.574000358581543
C6,1.7999999523162842
F6,1.4240000247955322
C6,24.89499855041504
A6,8.21399974822998
M1,6.513999938964844
M1,1.4850000143051147
B3,1.4869999885559082
G5,10.48799991607666
C4,7.937000274658203
L1,1.474000096321106
H5,1.4700000286102295
C5,1.5190000534057617
N2,14.36299991607666
O5,1.443000078201294
M1,28.743000030517578
F4,9.093999862670898
J1,1.496999979019165
D6,1.431999921798706
F1,14.515000343322754
I5,1.4839999675750732
A1,7.243000030517578
J2,6.203000068664551
E2,1.5170000791549683
J3,1.5549999475479126
E6,1.4959999322891235
K2,2.7350001335144043
N3,1.4580000638961792
D1,1.6139999628067017
A3,6.864999771118164
I2,1.462999939918518
M3,1.4110000133514404
G2,4.920000076293945
N6,1.3790000677108765
O2,1.8680000305175781
A3,11.579000473022461
F6,14.968000411987305
M2,1.462999939918518
D3,5.131999969482422
O6,1.3930000066757202
L3,2.245000123977661
D6,1.840000033378601
L1,7.271999835968018
F5,1.434000015258789
F2,1.9970000982284546
P4,1.3940000534057617
P1,6.754000186920166
I6,2.874000072479248
F3,4.153000354766846
L6,1.5579999685287476
L2,1.472000002861023
D1,7.9720001220703125
P3,4.177999973297119
N5,2.3429999351501465
M1,1.584999918937683
L2,4.647000312805176
O6,16.256999969482422
P1,1.527999997138977
N1,1.781000018119812
I2,2.5460000038146973
A4,1.7790000438690186
G3,9.692000389099121
M2,4.271000385284424
P3,1.5389999151229858
H2,2.815999984741211
D3,8.302999496459961
H2,1.8899999856948853
N3,1.569000005722046
C3,1.6200000047683716
C1,14.970999717712402
N2,8.244999885559082
I5,1.319000005722046
G1,1.6180000305175781
G2,1.5140000581741333
N2,1.6540000438690186
O2,1.9320000410079956
H2,1.6120001077651978
G4,49.612998962402344
O6,1.8939999341964722
G1,4.038000106811523
G4,33.472999572753906
E3,1.444000005722046
P4,7.5289998054504395
P6,1.784999966621399
K2,1.8170000314712524
E6,31.676002502441406
L6,8.347000122070312
G2,20.44700050354004
B2,1.5299999713897705
P3,1.7100000381469727
N6,1.3880000114440918
E1,2.7929999828338623
C4,1.3300000429153442
G2,7.923999786376953
L3,1.75600004196167
J3,1.5500000715255737
E4,2.1679999828338623
C6,9.16200065612793
O6,6.915999889373779
K2,1.4529999494552612
C6,1.6649999618530273
O1,2.7139999866485596
N6,5.929999828338623
D2,1.4839999675750732
O1,8.457999229431152
A4,5.5929999351501465
F1,3.4800000190734863
L4,1.465000033378601
J6,1.621999979019165
B5,9.56100082397461
E6,6.670000076293945
E3,6.634000301361084
L1,13.71399974822998
L4,1.2979999780654907
F5,1.8339999914169312
A5,2.1619999408721924
O2,2.055000066757202
F2,8.488999366760254
A6,1.337999939918518
J3,11.541999816894531
D2,1.6369999647140503
O1,1.3889999389648438
I5,1.9749999046325684
H5,1.6850000619888306
I2,2.0369999408721924
H1,1.5950000286102295
I1,6.058000087738037
E3,14.065999984741211
G6,5.423999786376953
M2,1.7890000343322754
O4,3.1489999294281006
D1,2.0399999618530273
D5,4.060999870300293
L1,2.121999979019165
F5,1.6159999370574951
H5,4.449999809265137
O5,1.3820000886917114
H3,1.4789999723434448
N2,1.5269999504089355
F2,8.019000053405762
M2,1.6859999895095825
C3,1.4589999914169312
K6,1.8680000305175781
C2,1.4869999885559082
J6,1.3830000162124634
B6,2.447000026702881
K3,1.7130000591278076
P4,1.6069999933242798
A6,2.580000162124634
H4,2.2199997901916504
A6,1.590999960899353
G6,11.720000267028809
N1,2.8540000915527344
D4,6.422999858856201
K2,21.55500030517578
K3,11.020999908447266
N2,1.5429999828338623
J4,11.637999534606934
J1,16.845001220703125
A3,2.9709999561309814
F6,1.5630000829696655
J3,2.375
B6,1.749000072479248
K3,19.88399887084961
P1,1.375
M3,2.241000175476074
O3,11.319999694824219
I6,1.7689999341964722
H5,2.370999813079834
G2,1.3700000047683716
A3,1.5820000171661377
B3,1.7209999561309814
I6,1.6330000162124634
P3,1.5119999647140503
B6,6.7270002365112305
C3,7.1020002365112305
I2,1.5889999866485596
B4,7.575000286102295
M6,2.1470000743865967
J4,1.590000033378601
G6,1.6129999160766602
P1,2.191999912261963
N6,9.796000480651855
F6,13.82699966430664
E1,1.5080000162124634
F6,1.5049999952316284
K2,1.6080000400543213
K3,8.831000328063965
L4,1.556999921798706
F6,1.75
G5,9.519000053405762
N5,1.6929999589920044
I5,5.015999794006348
F4,1.8899999856948853
F3,2.755000114440918
A4,1.5410000085830688
M4,8.395999908447266
C1,1.4789999723434448
B1,4.668000221252441
D6,1.6260000467300415
P4,5.195000171661377
D4,2.3450000286102295
O2,15.123000144958496
B4,1.4559999704360962
O5,1.7379999160766602
D3,1.5019999742507935
G3,1.6180000305175781
O1,5.730999946594238
J6,1.430999994277954
M4,16.70599937438965
J5,5.238999843597412
I1,2.007999897003174
O1,13.050000190734863
L6,1.6349999904632568
C3,1.7319999933242798
M4,14.162999153137207
C6,5.506999969482422
D6,1.524999976158142
F1,11.626999855041504
G5,1.5920000076293945
H4,7.251999855041504
G2,1.6039999723434448
N5,1.6200000047683716
B2,6.825999736785889
C4,9.440999984741211
A6,1.400999903678894
I6,7.246000289916992
B1,1.6230000257492065
E1,4.8379998207092285
H3,2.5899999141693115
M5,15.118000030517578
M5,6.144999980926514
H4,1.4299999475479126
D3,1.843999981880188
H6,3.125
I4,7.891000270843506
M4,7.6570000648498535
B2,7.319000244140625
F2,1.6469999551773071
J5,4.479000091552734
N6,1.4919999837875366
C1,1.531000018119812
M5,5.115000247955322
K6,1.9170000553131104
I3,4.964999675750732
O5,8.39900016784668
L3,1.443000078201294
F1,2.5849997997283936
C2,7.267000198364258
O3,7.646999835968018
N1,3.885999917984009
H2,4.6020002365112305
H2,10.664999961853027
I1,13.208000183105469
C4,4.586999893188477
G2,1.527999997138977
E6,14.369999885559082
F5,10.084000587463379
C4,1.5679999589920044
D5,15.125
B4,7.7769999504089355
N3,1.6720000505447388
E6,1.8050000667572021
I5,1.781999945640564
H1,1.412000060081482
H5,1.6730000972747803
J3,6.430999755859375
L5,1.8600000143051147
J5,7.13100004196167
M5,1.534000039100647
I6,8.25999927520752
B1,1.6949999332427979
D6,1.527999997138977
M5,1.749000072479248
K3,1.8630000352859497
H4,1.7030000686645508
B3,1.5110000371932983
G3,12.678000450134277
P4,1.811000108718872
C4,1.431999921798706
N4,1.8119999170303345
D3,1.5889999866485596
C2,17.010000228881836
N6,1.6970000267028809
F6,7.039999961853027
D6,17.952001571655273
A3,1.434000015258789
N2,1.5410000085830688
K5,1.6829999685287476
D3,7.322000026702881
B4,2.319000005722046
E1,1.6110000610351562
H6,8.83899974822998
M4,1.3489999771118164
B5,3.5319998264312744
J6,6.550000190734863
K4,3.0920000076293945
I6,1.5750000476837158
E4,1.7369999885559082
L4,5.392999649047852
B2,1.5149999856948853
G2,1.6769999265670776
I3,7.180999755859375
J3,1.6200000047683716
K1,1.38100004196167
C3,1.5509999990463257
E5,4.261000156402588
A5,7.5879998207092285
E4,1.5299999713897705
G2,4.550000190734863
C6,21.788999557495117
D3,1.8619999885559082
P2,1.7940000295639038
J2,14.447999954223633
K4,8.939000129699707
E1,7.176000118255615
F5,1.6069999933242798
I4,1.462999939918518
H3,10.194000244140625
N3,1.6459999084472656
C6,2.934999942779541
L3,1.5299999713897705
L4,1.596000075340271
C6,7.234000205993652
D4,1.5630000829696655
B4,1.4860000610351562
D2,1.5579999685287476
C2,7.367000102996826
M2,3.7200000286102295
D5,16.03700065612793
A2,2.5
G3,2.0739998817443848
F3,2.057000160217285
J4,9.576000213623047
F6,1.8539999723434448
M6,6.980999946594238
F1,1.7940000295639038
D5,5.175999641418457
L4,1.7979999780654907
N6,1.7350000143051147
O4,9.145999908447266
G6,1.587999939918518
E3,4.0329999923706055
K1,1.691999912261963
B1,3.493000030517578
L2,2.9819998741149902
D6,4.6620001792907715
A4,1.6549999713897705
P2,1.5870000123977661
B3,2.6070001125335693
B6,11.834000587463379
N1,1.6880000829696655
H2,1.5
L5,11.323999404907227
J3,1.624000072479248
D4,9.373000144958496
E2,3.864000082015991
L5,1.5140000581741333
D2,20.27899932861328
L5,14.687999725341797
J2,1.8830000162124634
M3,6.732999801635742
M2,1.5160000324249268
C6,1.7929999828338623
B5,1.7879999876022339
K5,7.211999893188477
P6,5.783999919891357
D5,5.3420000076293945
P5,1.7590000629425049
G5,1.718000054359436
B2,8.395000457763672
K3,1.5720000267028809
N2,1.7960000038146973
F6,1.475000023841858
K1,1.5759999752044678
M5,1.5549999475479126
A1,1.4620000123977661
J6,5.179999828338623
C1,1.5110000371932983
C3,7.986999988555908
G5,9.069000244140625
O4,1.6200000047683716
M1,1.5679999589920044
F2,1.5789999961853027
O6,1.7259999513626099
C3,2.7189998626708984
L2,2.5320000648498535
J5,2.177000045776367
G2,1.8960000276565552
D5,1.587999939918518
E6,6.6539998054504395
E4,8.003000259399414
O3,1.406000018119812
L3,1.5080000162124634
K3,1.4190000295639038
C2,20.801000595092773
M3,17.09600067138672
D6,9.111000061035156
B3,1.8579999208450317
O2,3.3580000400543213
P5,1.6540000438690186
I5,1.6519999504089355
D5,1.878000020980835
K6,6.382999897003174
E6,1.5130000114440918
M2,8.678000450134277
L6,9.572000503540039
E1,14.699000358581543
F6,1.6880000829696655
P2,1.4220000505447388
G6,9.074999809265137
I4,1.3980000019073486
G3,1.805999994277954
H3,1.6820000410079956
M1,1.3670001029968262
G3,1.7059999704360962
B6,1.3859999179840088
J5,7.269999980926514
M5,2.4129998683929443
D5,1.6330000162124634
J2,7.96999979019165
M4,1.5429999828338623
N6,1.5920000076293945
I1,1.4359999895095825
A6,17.93199920654297
H3,1.5040000677108765
E5,1.5419999361038208
G5,7.178999900817871
M6,1.6710000038146973
L1,4.641000270843506
P6,14.942999839782715
D6,1.6180000305175781
A3,5.959000110626221
C2,1.3680000305175781
D5,2.7890000343322754
N3,7.513999938964844
O2,10.220999717712402
P6,14.193999290466309
H1,10.505000114440918
A5,1.5239999294281006
D4,1.4169999361038208
C2,12.644000053405762
E2,1.431999921798706
E1,17.73200035095215
L5,3.070000171661377
H4,9.131000518798828
E5,1.5920000076293945
K3,1.5810000896453857
H4,1.468000054359436
J3,6.510000228881836
L6,26.979000091552734
G3,1.4779999256134033
C4,13.977999687194824
G1,13.64799976348877
P5,13.934000015258789
L6,1.6700000762939453
A4,1.6200000047683716
M3,1.6230000257492065
O3,1.7760000228881836
N6,1.4900000095367432
N2,2.3980000019073486
N1,1.6129999160766602
L3,7.703999996185303
J2,1.4110000133514404
L4,2.5260000228881836
B2,3.2619998455047607
L2,1.556999921798706
N5,1.7079999446868896
F4,6.029999732971191
D2,2.427000045776367
D2,1.3970000743865967
H1,1.621000051498413
N3,1.4110000133514404
N6,7.519999980926514
J5,1.7160000801086426
E4,2.7850000858306885
F2,11.454000473022461
N5,1.4759999513626099
L4,1.6929999589920044
F3,1.5470000505447388
D6,1.375
H6,1.6150000095367432
J2,1.7400000095367432
O4,4.619999885559082
M4,1.9970000982284546
M2,4.627999782562256
F3,12.015000343322754
E4,1.8849999904632568
I6,1.5260000228881836
K6,3.49399995803833
J5,22.17300033569336
H1,1.4179999828338623
O6,1.4019999504089355
C5,1.3619999885559082
L6,1.4620000123977661
C2,3.178999900817871
G3,2.5490000247955322
M4,9.76099967956543
E1,1.5709999799728394
A6,1.5500000715255737
C3,6.601999759674072
E4,3.300999879837036
E1,12.781000137329102
E1,1.6779999732971191
F1,1.3989999294281006
N1,1.5750000476837158
N3,1.5069999694824219
P6,1.7419999837875366
E3,11.532999992370605
O6,5.661999702453613
B1,5.960000038146973
L4,9.145000457763672
J2,1.468999981880188
P2,1.5529999732971191
I1,2.0379998683929443
O4,2.611999988555908
D2,6.620999813079834
A2,1.5089999437332153
L6,2.490000009536743
I6,5.0980000495910645
I3,4.488999843597412
L6,1.5230000019073486
F3,1.5479999780654907
M2,5.115000247955322
N5,1.5500000715255737
B1,9.983000755310059
N4,1.7969999313354492
K3,6.788000106811523
I6,1.8299999237060547
B3,1.6349999904632568
D3,1.524999976158142
G4,2.559999942779541
C3,3.9079999923706055
L1,1.6349999904632568
M6,11.858999252319336
P6,8.501999855041504
C1,1.6799999475479126
O6,1.5170000791549683
J6,1.6629999876022339
C3,1.5630000829696655
P5,1.3640000820159912
D5,1.5549999475479126
B5,6.488999843597412
F1,1.5379999876022339
P1,1.652999997138977
L5,1.8289999961853027
I6,1.6979999542236328
P5,1.6100000143051147
A3,10.14699935913086
K6,8.489999771118164
M2,5.332000255584717
A2,8.390000343322754
M1,1.5989999771118164
O6,1.472000002861023
N5,1.8880000114440918
L2,1.8600000143051147
A2,1.8220000267028809
A4,4.525000095367432
D6,5.5370001792907715
E2,1.8489999771118164
B4,1.5170000791549683
K4,8.755000114440918
H5,1.8009999990463257
C4,7.453000068664551
C2,6.96999979019165
C1,1.6080000400543213
A1,1.400999903678894
A3,15.802000045776367
B5,1.7139999866485596
C6,7.7179999351501465
I6,3.623000144958496
H1,6.607999801635742
P2,2.432999849319458
L3,9.169000625610352
A1,14.300000190734863
D1,1.4559999704360962
G1,1.7020000219345093
I6,1.6009999513626099
F1,1.5759999752044678
N6,8.145999908447266
P4,3.00600004196167
C3,4.63599967956543
I4,1.628000020980835
H4,1.593999981880188
C2,1.6360000371932983
I5,9.64699935913086
A4,1.4600000381469727
D5,13.680000305175781
A1,2.0480000972747803
N1,3.744000196456909
C2,15.758000373840332
H3,10.295000076293945
M5,1.565000057220459
A5,1.9259999990463257
F6,1.8969999551773071
A6,1.4800000190734863
C4,2.642000198364258
F6,1.4789999723434448
E2,1.4830000400543213
C3,1.5529999732971191
B6,1.3889999389648438
E3,5.845999717712402
L1,1.5419999361038208
I1,1.624000072479248
G2,3.1530001163482666
F1,1.5770000219345093
C6,4.933000087738037
K2,7.050000190734863
F4,13.039000511169434
K5,2.736999988555908
A2,11.382999420166016
B4,5.036999702453613
F2,1.624000072479248
J5,1.3420000076293945
J5,1.6009999513626099
D4,16.26300048828125
P2,1.7400000095367432
N1,1.6059999465942383
D6,7.829000473022461
B5,1.7289999723434448
B1,15.72900104522705
H2,1.972999930381775
C5,2.368000030517578
J6,7.236000061035156
J6,15.482000350952148
C2,1.7319999933242798
O1,1.7719999551773071
B1,1.5750000476837158
E3,7.660000324249268
H1,4.442999839782715
C3,31.532001495361328
D3,12.86299991607666
L6,12.657999992370605
F6,4.689000129699707
O4,5.417999744415283
E2,3.2079999446868896
M3,3.510999917984009
C6,7.624000072479248
P6,1.680999994277954
C1,1.556999921798706
K4,1.5810000896453857
D3,1.5500000715255737
K3,6.48799991607666
L6,1.7079999446868896
H1,17.711999893188477
H1,2.3439998626708984
K4,1.6519999504089355
P6,18.812000274658203
H5,1.7259999513626099
I4,9.565999984741211
J1,13.515999794006348
E4,1.5859999656677246
D1,2.444000005722046
C4,11.09000015258789
C3,1.5920000076293945
L6,2.38700008392334
C2,17.01599884033203
B3,1.621999979019165
D5,1.694000005722046
J3,1.584999918937683
B5,2.0429999828338623
C5,1.3630000352859497
I3,7.89900016784668
I6,1.6019999980926514
H4,18.71500015258789
P2,13.947999954223633
G5,5.2220001220703125
L2,3.6410000324249268
I2,3.7809998989105225
D1,6.695000171661377
F5,1.5190000534057617
C4,1.4850000143051147
D1,8.415999412536621
H3,1.8889999389648438
C1,1.562000036239624
K2,1.6740000247955322
O2,5.036999702453613
E4,1.475000023841858
E3,4.875999927520752
E4,14.430999755859375
D5,1.5579999685287476
L5,1.7719999551773071
A2,4.7170000076293945
I2,1.3579999208450317
E1,7.28000020980835
J5,7.440000057220459
E1,1.5059999227523804
P6,2.9679999351501465
A3,1.781999945640564
L4,11.52500057220459
C1,14.831000328063965
C6,15.759000778198242
F3,4.5
I4,17.81300163269043
P1,1.4639999866485596
J4,1.621000051498413
G1,1.597000002861023
N1,1.3450000286102295
O2,5.447999954223633
C4,6.310999870300293
I3,2.2160000801086426
K4,6.849000453948975
D4,1.5529999732971191
E2,5.5929999351501465
A4,1.3579999208450317
G2,1.3480000495910645
P2,1.5449999570846558
O5,10.177999496459961
O6,17.625
P4,1.8279999494552612
A5,5.676000118255615
M6,6.686000347137451
K5,1.496999979019165
J2,10.015999794006348
O5,9.475000381469727
O6,6.479000091552734
M2,5.249000072479248
M1,2.6740000247955322
D3,1.3709999322891235
F6,8.465999603271484
K5,1.9259999990463257
B6,3.7799999713897705
P4,15.005000114440918
F5,3.7779998779296875
F6,1.7659999132156372
D3,2.0149998664855957
E5,1.6990000009536743
P1,4.784999847412109
O3,1.7480000257492065
J2,1.527999997138977
B3,5.566999912261963
I5,8.395000457763672
B3,4.928999900817871
O6,1.5770000219345093
O5,1.8609999418258667
I2,1.5149999856948853
E6,5.47599983215332
N3,1.3630000352859497
J2,2.2160000801086426
A5,8.221000671386719
M3,5.111000061035156
L2,1.819000005722046
L5,8.140999794006348
G4,4.840999603271484
D5,2.8999998569488525
K3,7.302999973297119
I6,1.6899999380111694
L5,2.7809998989105225
C1,18.626998901367188
O1,12.717000007629395
G4,1.3940000534057617
M2,1.5320000648498535
J4,1.5770000219345093
F1,14.510000228881836
E3,1.5750000476837158
F4,1.350000023841858
B5,1.6710000038146973
O6,4.064000129699707
O4,12.020000457763672
P4,14.552000045776367
D6,6.916999816894531
F6,5.543999671936035
D5,2.308000087738037
G6,6.60699987411499
C4,9.373000144958496
J5,1.6959999799728394
J4,4.586999893188477
F6,1.9219999313354492
A1,12.946999549865723
N1,1.3989999294281006
I6,13.903999328613281
J3,14.005000114440918
F3,1.8489999771118164
G5,1.4830000400543213
N5,4.176000118255615
F5,4.153000354766846
M3,1.5269999504089355
L6,16.05900001525879
E5,2.577000141143799
M6,1.531000018119812
L1,1.6670000553131104
N5,2.0310001373291016
O4,1.6710000038146973
F3,1.3930000066757202
J3,1.784999966621399
A2,8.86299991607666
B6,12.36199951171875
M5,1.777999997138977
D3,19.020999908447266
E2,1.5600000619888306
F6,5.228000164031982
J4,1.5149999856948853
A6,1.7630000114440918
K6,7.063000202178955
O3,1.5780000686645508
M6,7.494999885559082
M6,2.194000005722046
N2,6.169000148773193
F2,13.046000480651855
O6,1.3480000495910645
A3,6.558000087738037
D4,1.5820000171661377
D4,12.039000511169434
D5,1.5759999752044678
C5,1.4900000095367432
D1,3.2649998664855957
I5,1.8140000104904175
J5,1.5149999856948853
O5,12.088000297546387
K3,1.6619999408721924
A5,14.012999534606934
N1,1.6469999551773071
L3,2.0320000648498535
E5,9.781000137329102
O2,2.7760000228881836
G6,19.8439998626709
N4,5.302999973297119
O6,1.6779999732971191
P6,2.125
N1,1.4449999332427979
A1,3.6419999599456787
M6,9.64799976348877
F2,2.6010000705718994
B5,1.472000002861023
N2,1.5119999647140503
B2,1.6740000247955322
G6,2.1649999618530273
J3,14.829999923706055
H6,1.652999997138977
O1,1.5230000019073486
L4,1.7590000629425049
E2,8.317999839782715
C6,2.8949999809265137
K2,14.909000396728516
E1,8.72599983215332
K1,1.5369999408721924
B5,1.3249999284744263
K4,5.065000057220459
I4,9.784000396728516
E3,1.5519999265670776
I3,7.646999835968018
K3,1.6349999904632568
J6,2.322999954223633
A3,1.3970000743865967
P2,1.3630000352859497
L2,5.086999893188477
A2,1.5759999752044678
N6,2.9029998779296875
N5,3.7189998626708984
I3,6.345000267028809
C5,2.7129998207092285
A3,20.243000030517578
O6,15.845001220703125
F5,1.746000051498413
O4,3.299999952316284
O1,1.3919999599456787
I2,1.4909999370574951
K6,1.5600000619888306
D6,1.4929999113082886
K3,1.7650001049041748
O2,1.5750000476837158
H1,7.058000087738037
E3,11.609000205993652
E6,5.931000232696533
C3,6.992000102996826
H6,23.57200050354004
A1,7.067999839782715
N6,1.6929999589920044
G3,2.376999855041504
M5,1.6489999294281006
E6,2.3399999141693115
E1,5.381999969482422
A1,1.3799999952316284
L3,1.468999981880188
J6,1.6690000295639038
H1,1.6420000791549683
A6,5.923999786376953
D3,1.7730000019073486
C1,3.744000196456909
M4,1.4860000610351562
E6,1.5750000476837158
E2,1.443000078201294
P4,1.7369999885559082
D1,6.947999954223633
J2,1.590000033378601
I2,13.324999809265137
N5,10.258999824523926
J3,2.680999994277954
O2,3.683000087738037
P2,4.656000137329102
I1,1.5149999856948853
E1,24.743999481201172
D4,1.5320000648498535
H3,1.5110000371932983
I5,4.716000080108643
O6,1.8359999656677246
O2,18.073999404907227
D1,2.3930001258850098
K4,1.4839999675750732
J1,1.5549999475479126
I1,1.7669999599456787
K6,1.656000018119812
G5,4.61899995803833
G5,5.450999736785889
C4,1.7740000486373901
P2,7.249000072479248
K3,1.3769999742507935
P1,1.5049999952316284
A6,1.7699999809265137
O1,4.9029998779296875
O2,1.9240000247955322
D3,1.6629999876022339
K2,2.921999931335449
K6,2.6570000648498535
G1,2.5939998626708984
A2,1.5410000085830688
G3,1.8609999418258667
E1,9.371000289916992
E3,1.3820000886917114
H5,1.406000018119812
B5,1.5399999618530273
M2,2.1050000190734863
G5,1.4869999885559082
H1,1.9610000848770142
B1,14.430999755859375
C3,7.096999645233154
H6,4.552999973297119
K2,7.38100004196167
B2,1.9189999103546143
F4,1.5210000276565552
E2,2.6029999256134033
O4,1.6769999265670776
J5,5.38100004196167
O1,3.7809998989105225
G5,2.7689998149871826
P6,1.9320000410079956
G6,4.687999725341797
A2,14.329999923706055
K1,2.7230000495910645
I6,1.6129999160766602
N5,1.5709999799728394
M6,6.8420000076293945
N4,5.11899995803833
M6,1.6369999647140503
C5,1.684000015258789
I1,1.6399999856948853
N6,20.381999969482422
L1,1.430999994277954
J4,2.378999948501587
A2,1.4169999361038208
B2,6.11899995803833
C4,14.081999778747559
O4,107.98400115966797
L1,1.4959999322891235
L5,1.781999945640564
A6,9.187000274658203
O2,5.609999656677246
E3,1.49399995803833
E5,1.5950000286102295
A3,9.193999290466309
A6,6.852999687194824
H6,3.501000165939331
E3,1.4860000610351562
I2,10.894999504089355
I4,7.795000076293945
E4,17.183000564575195
O1,1.7419999837875366
N2,1.784999966621399
H3,6.5320000648498535
H3,2.1050000190734863
J3,1.597000002861023
B1,1.5609999895095825
B5,3.2130000591278076
K6,5.133999824523926
I2,7.184999942779541
E3,1.5579999685287476
O2,1.8279999494552612
A2,5.557000160217285
I3,1.9110000133514404
N2,4.895999908447266
K6,1.4179999828338623
O2,12.730999946594238
D6,1.6549999713897705
L6,16.62700080871582
I3,1.6439999341964722
H2,2.2990000247955322
K5,7.301000118255615
E5,1.3429999351501465
D6,1.5780000686645508
C1,4.53000020980835
J3,14.564000129699707
J3,1.9160000085830688
K2,1.690999984741211
H3,1.412000060081482
K3,1.5920000076293945
A2,1.7389999628067017
J6,4.9029998779296875
L2,5.817999839782715
B3,1.8279999494552612
L5,2.7760000228881836
A4,1.3420000076293945
J5,1.4620000123977661
J6,12.369999885559082
F1,10.073999404907227
L3,10.871999740600586
C4,2.366000175476074
E4,7.072000026702881
G2,1.5360000133514404
N4,8.309000015258789
A5,1.6859999895095825
K2,15.545000076293945
G4,1.4270000457763672
L1,3.378000020980835
L5,1.9519999027252197
H2,1.6150000095367432
F3,14.675000190734863
J1,1.6670000553131104
C5,1.5720000267028809
