C2,2.1080000400543213
E5,14.788000106811523
M3,1.7369999885559082
O5,1.7979999780654907
E2,1.7669999599456787
I4,2.0810000896453857
N3,1.934999942779541
L2,14.67300033569336
K6,2.248999834060669
A4,16.836000442504883
O2,1.7319999933242798
L2,7.940999984741211
F1,6.625
N4,2.4570000171661377
K1,1.5529999732971191
P5,2.0139999389648438
A3,6.827000141143799
D1,5.25600004196167
P2,2.5329999923706055
E2,1.819000005722046
K5,1.7289999723434448
A3,3.1669998168945312
L1,2.0230000019073486
M6,2.509999990463257
O2,1.7300000190734863
H4,2.0889999866485596
F6,1.6690000295639038
D5,4.159999847412109
K4,1.7869999408721924
D6,5.648000240325928
J5,4.867000102996826
D1,11.026000022888184
B1,1.8930000066757202
C3,14.416999816894531
N2,1.5870000123977661
J6,1.593999981880188
D6,1.5110000371932983
B3,1.9930000305175781
P2,1.7340000867843628
M3,1.9189999103546143
N6,1.8669999837875366
N2,4.039999961853027
O2,29.333999633789062
N6,26.773000717163086
K2,2.9149999618530273
I5,7.743000030517578
G6,2.0230000019073486
M5,1.6150000095367432
N2,1.9359999895095825
H1,12.378999710083008
M2,17.257999420166016
J3,1.680999994277954
F1,4.765999794006348
B2,7.232999801635742
M5,1.9980000257492065
H5,7.726999759674072
K1,6.936999797821045
D4,1.553999900817871
N2,4.51200008392334
P2,8.147000312805176
J4,2.853800082206726
B2,1.5200001001358032
E4,1.534000039100647
I4,2.2160000801086426
F6,5.238999843597412
M4,9.644000053405762
F2,13.045000076293945
G3,2.7839999198913574
D5,1.7860000133514404
B6,2.2799999713897705
M5,3.7890000343322754
D1,1.6779999732971191
L5,1.527999997138977
C4,1.9829999208450317
I4,8.383000373840332
M3,6.529000282287598
D2,1.722999930381775
A6,1.8100000619888306
I5,4.0960001945495605
I3,7.783999919891357
P5,11.329999923706055
N5,4.703999996185303
P2,2.0269999504089355
L4,8.964999198913574
O1,7.73799991607666
C6,4.703999996185303
G6,1.999000072479248
F5,8.918000221252441
B1,9.030000686645508
E3,1.8739999532699585
F3,5.355999946594238
L6,21.717998504638672
O5,4.36899995803833
G2,6.067999696731567
O5,1.7569999694824219
F4,1.6349999904632568
C4,12.063000679016113
L4,2.0910000801086426
M6,10.227999687194824
C3,1.967000126838684
O1,8
L2,14.886000633239746
M3,1.9459999799728394
P5,4.769000053405762
F2,1.7860000133514404
C6,1.9279999732971191
A5,7.259999752044678
J6,8.970999717712402
P6,8.623000144958496
K1,1.6410000324249268
N6,2.702000141143799
N4,3.378000020980835
F5,5.061000347137451
K6,2.7719998359680176
L2,4.319999694824219
P1,1.749000072479248
O5,1.6949999332427979
G3,4.871000289916992
E3,13.579999923706055
O2,10.005000114440918
M2,1.7580000162124634
P5,1.5419999361038208
M6,1.9320000410079956
N3,14.22499942779541
E3,1.781000018119812
H6,19.548999786376953
M6,1.6970000267028809
L1,12.166999816894531
A6,2.699000120162964
D5,2.7239999771118164
H2,6.436000347137451
G3,2.5180001258850098
N5,1.7000000476837158
P6,11.51300048828125
H6,2.373999834060669
L1,10.718000411987305
K1,1.819000005722046
F2,2.9140000343322754
K2,2.007999897003174
I4,12.33899974822998
G2,1.6759999990463257
G5,1.903999924659729
P1,3.0899999141693115
E5,25.743000030517578
O2,1.6459999084472656
C4,8.934000015258789
I6,2.555999994277954
D2,2.4709999561309814
D3,7.5360002517700195
E5,2.8339998722076416
M4,1.9739998579025269
O6,4.577000141143799
C5,9.193000793457031
E6,7.567999839782715
L5,2.027500033378601
M2,8.64300012588501
A5,10.0649995803833
A6,12.890999794006348
G6,2.237999975681305
L6,3.299999952316284
D4,1.8459999561309814
K1,2.0310001373291016
E1,1.78000009059906
F5,7.054000377655029
P3,16.344999313354492
I2,1.725000023841858
M2,72.23200225830078
M3,1.6700000762939453
P1,1.8589999675750732
H5,7.613999843597412
N3,1.8289999961853027
F1,3.813999891281128
G1,2.192999839782715
B4,2.0209999084472656
D1,1.5699999332427979
C2,1.8100000619888306
F4,7.611000061035156
C3,1.5080000162124634
H1,2.0399999618530273
M1,1.6410000324249268
A3,14.427000045776367
O3,4.566999912261963
L4,1.9129999876022339
C4,1.6159999370574951
J2,8.678000450134277
I6,11.684000015258789
K3,2.447999954223633
L3,1.590999960899353
K2,18.564998626708984
O6,1.6850000619888306
B5,8.433000564575195
J3,16.874000549316406
G1,1.694000005722046
I6,2.32099986076355
A2,2.2929999828338623
J2,1.7269999980926514
L1,14.890000343322754
G4,1.912000060081482
N2,1.912000060081482
M4,8.930500268936157
F6,2.7039999961853027
C6,4.63700008392334
A5,1.6100000143051147
G4,2.319999933242798
A5,11.223999977111816
I4,7.180000305175781
B5,4.382999897003174
A6,52.696998596191406
K3,2.17900013923645
P3,1.7209999561309814
H4,8.469000816345215
C2,2.819000005722046
B4,7.7820000648498535
P1,8.515000343322754
E1,7.711999893188477
D5,1.621000051498413
J5,1.5770000219345093
N5,1.5260000228881836
N5,1.930999994277954
I5,12.588000297546387
B4,2.996000051498413
A2,9.786999702453613
E3,2.5929999351501465
K5,5.769999980926514
B5,1.7640000581741333
M5,9.1589994430542
H4,14.918999671936035
C3,2.6019999980926514
A1,2.759999990463257
M2,2.753999948501587
G6,2.3330001831054688
B4,2.3910000324249268
G3,1.8630000352859497
P4,1.7239999771118164
J4,6.8420000076293945
B2,7.765999794006348
E5,1.753999948501587
K5,23.166000366210938
I5,1.6690000295639038
C2,7.511000156402588
A6,1.9880000352859497
N2,1.847000002861023
B3,1.6759999990463257
N1,1.5670000314712524
A2,7.5320000648498535
O6,1.899999976158142
P6,1.5449999570846558
B6,3.246000051498413
N4,1.534000039100647
O5,2.310999870300293
B1,9.868000030517578
M2,4.759000301361084
F5,1.6230000257492065
G5,1.9610000848770142
A6,3.4040000438690186
F1,2.752000093460083
O6,1.9570000171661377
L4,4.678499817848206
L2,2.125999927520752
K4,1.8969999551773071
H3,7.315000057220459
K5,1.6700000762939453
A3,17.977998733520508
B1,2.492999792098999
B5,2.2879998683929443
D2,2.7200000286102295
P4,1.7760000228881836
L4,10.0910005569458
J5,7.218999862670898
P5,1.9470000267028809
D5,4.3460001945495605
G1,2.9160001277923584
B3,1.9630000591278076
C5,5.223999977111816
G4,1.9570000171661377
G6,2.878000020980835
L4,1.7059999704360962
B6,7.437000274658203
D3,2.498999834060669
L6,1.6619999408721924
F6,7.410999774932861
E6,2.946000099182129
G1,1.6059999465942383
I6,2.2189998626708984
P1,9.508999824523926
G1,9.588000297546387
O2,15.157000541687012
I3,2.0190000534057617
D6,1.8170000314712524
B4,1.472000002861023
K6,3.1620001792907715
K2,13.848000526428223
B5,10.04800033569336
E5,12.51200008392334
M5,4.089000225067139
A4,9.552000045776367
D2,1.9129999876022339
G1,22.555999755859375
F4,4.084599924087525
P2,2.6510000228881836
C2,2.009999990463257
M6,2.4800000190734863
E5,7.681999683380127
D6,4.767000198364258
K2,13.717999458312988
F5,1.7079999446868896
A6,4.623000144958496
I2,18.089000701904297
F1,2.180999994277954
A5,3.4819998741149902
L1,1.6899999380111694
D3,5.0329999923706055
B5,49.821998596191406
M4,2.2079999446868896
H6,6.382999897003174
G4,8.75999927520752
I1,1.9390000104904175
L2,13.965999603271484
J4,1.7350000143051147
O3,1.6990000009536743
G4,1.8389999866485596
M2,11.267000198364258
F1,3.19599986076355
E4,7.608199691772461
O3,11.308000564575195
I4,4.418000221252441
I3,2.1730000972747803
B1,5.572000026702881
O1,1.5889999866485596
D4,2.559000015258789
D6,1.8909999132156372
P1,7.895000457763672
I3,8.034000396728516
I6,5.0829997062683105
I5,8.942999839782715
D4,4.132999897003174
J4,1.7960000038146973
I4,1.7070000171661377
M3,1.4980000257492065
B3,2.7129998207092285
H3,29.691999435424805
B6,1.84499990940094
C3,1.8420000076293945
I5,17.63300132751465
B5,14.898999214172363
J5,1.9640001058578491
F5,7.11299991607666
D4,11.095999717712402
I5,9.770000457763672
N4,5.171999931335449
O2,2.1470000743865967
E4,1.9529999494552612
H5,2.066999912261963
I3,2.0149998664855957
G2,1.7130000591278076
J3,1.8179999589920044
E6,1.7869999408721924
E5,16.77199935913086
N3,2.003999948501587
K3,1.7920000553131104
L2,4.831000328063965
B2,4.004000186920166
H4,7.449000358581543
L2,32.36800003051758
F1,1.5640000104904175
K2,2.8489999771118164
F6,11.592000007629395
F5,5.5229997634887695
N1,3.2879998683929443
N1,5.148000240325928
N2,7.434000015258789
E6,2.4739999771118164
P1,1.8690000772476196
G5,4.132999897003174
E6,2.120000123977661
H3,21.9060001373291
H6,14.960999488830566
E4,3.8320000171661377
C6,2.063000202178955
J5,6.390000343322754
M5,2.0959999561309814
N6,1.8870000839233398
I1,6.694000244140625
P3,2.2730000019073486
N5,2.3949999809265137
C1,1.7920000553131104
E2,1.5670000314712524
N5,2.8580000400543213
C4,2.1389999389648438
P5,1.6449999809265137
P2,1.7350000143051147
M6,8.812000274658203
N1,6.513999938964844
A6,1.784999966621399
M3,8.952000617980957
C1,1.8040000200271606
N6,3.7090001106262207
L4,4.197599697113037
I4,1.6929999589920044
G1,7.658999919891357
L5,3.499599981307983
M3,5.857999801635742
G5,11.041999816894531
O3,6.264999866485596
F3,1.933000087738037
M1,2.5320000648498535
B5,13.814000129699707
P1,12.51099967956543
M6,13.510000228881836
O6,1.8690000772476196
P2,21.810001373291016
N4,3.717200016975403
J1,3.138000011444092
K4,14.976999282836914
H1,1.912000060081482
A4,13.607999801635742
M3,1.9799998998641968
I5,1.5609999895095825
M6,1.6299999952316284
G1,7.307000160217285
C3,1.5479999780654907
N2,17.2760009765625
C5,5.329999923706055
E4,2.509000062942505
E5,5.927000045776367
O1,1.621000051498413
N3,1.9429999589920044
I5,1.5839999914169312
G4,1.7680000066757202
M3,7.468999862670898
G2,14.083000183105469
O6,10.062999725341797
F2,1.8899999856948853
I4,1.7669999599456787
P6,16.503000259399414
G3,1.7389999628067017
I2,8.361000061035156
E2,4.029999732971191
N1,4.75600004196167
C3,2.7129998207092285
E4,1.7419999837875366
C5,13.883999824523926
K3,5.4070000648498535
N5,1.7640000581741333
H2,1.7620000839233398
G5,1.8550000190734863
K1,1.88100004196167
C6,8.047999382019043
D2,1.6929999589920044
O2,3.3929998874664307
I3,9.01200008392334
B1,5.7210001945495605
I5,1.6769999265670776
G3,1.972999930381775
I5,2.6579999923706055
M3,1.8849999904632568
F5,1.9690001010894775
C3,1.9509999752044678
L1,1.6449999809265137
H1,3.067000150680542
A2,3.1659998893737793
G3,2.1640000343322754
H1,1.8289999961853027
G2,1.8320000171661377
C1,4.9720001220703125
M6,9.342000007629395
P6,8.445999145507812
B4,1.5600000619888306
J4,3.109999895095825
H1,1.9477999448776244
K6,11.327000617980957
J1,3.7090001106262207
N2,5.208000183105469
J6,1.6549999713897705
B4,2.315999984741211
M6,1.5839999914169312
K5,1.8948000431060792
L6,5.051000118255615
G4,2.0920000076293945
N3,6.434999942779541
L4,3.6039998531341553
E6,14.18600082397461
B6,18.871000289916992
J4,11.741000175476074
E6,2.859999895095825
K2,4.497999668121338
J3,4.408999919891357
N5,10.095999717712402
F4,1.809000015258789
A6,5.630999565124512
L3,7.7089996337890625
E6,1.8240000009536743
B4,1.4700000286102295
L4,2.182000160217285
A5,2.008999824523926
D1,1.902000069618225
M5,1.5369999408721924
J3,1.8230000734329224
J1,1.597999930381775
K3,2.037249892950058
H6,2.134999990463257
P5,1.6110000610351562
H3,14.565999984741211
N2,1.7730000019073486
O5,1.6480000019073486
A6,1.843999981880188
B1,1.7829999923706055
F5,1.5460000038146973
P4,2.7039999961853027
P6,4.633999824523926
E2,2.0510001182556152
E3,2.375
M4,1.6309999227523804
P3,1.8410000801086426
B3,8.961999893188477
D1,1.8019999265670776
F3,1.7646000146865846
L2,4.750999927520752
A4,1.7049999237060547
M2,7.276000022888184
F5,1.8019999265670776
A5,2.0320000648498535
I2,12.526000022888184
L5,9.832999229431152
L5,1.9769998788833618
A5,5.260000228881836
K5,8.976999282836914
G5,9.08899974822998
E3,2.129999876022339
H4,4.011999607086182
D6,7.2079997062683105
M4,5.434000015258789
N4,5.269999980926514
H2,5.119999885559082
H3,1.878999948501587
N4,1.749000072479248
J1,1.9769998788833618
O1,1.9509999752044678
J4,5.138000011444092
I4,3.9450000762939452
O1,8.499000549316406
N2,1.5089999437332153
K6,1.5660001039505005
I5,1.9510000705718995
N4,19.700000762939453
O4,12.679000854492188
F5,1.8240000009536743
B5,3.1019999980926514
M4,8.433000564575195
G5,2.883000135421753
E3,12.217000007629395
N6,10.517000198364258
F2,2.1336666544278464
A1,1.7139999866485596
B3,11.928499698638916
L2,1.659999966621399
C4,3.2730000019073486
N6,1.652999997138977
C6,1.9115999698638917
L4,7.156999588012695
E3,11.916000366210938
H5,1.777000069618225
N6,2.434999942779541
B2,1.9290000200271606
E4,1.78000009059906
P4,1.6480000019073486
C6,10.095000267028809
M4,43.54500198364258
N1,1.694000005722046
J3,1.8420000076293945
F5,4.388000011444092
A4,1.9210000038146973
H2,12.594999313354492
P3,12.028999328613281
B5,1.6129999160766602
D6,7.295000076293945
E5,1.5069999694824219
J4,1.8040000200271606
C4,2.3439998626708984
F3,14.32800006866455
N1,1.9620000123977661
B6,3.36299991607666
G4,8.67199993133545
L3,7.333000183105469
G2,1.5299999713897705
G2,2.171999971071879
E3,1.5149999856948853
E4,7.229000091552734
L1,2.0759999752044678
I6,1.6540000438690186
C5,14.567999839782715
K4,5.123000144958496
C5,1.6459999084472656
H6,5.507999897003174
J3,1.5399999618530273
O3,7.4079999923706055
N4,1.9539999961853027
L5,5.646999835968018
N5,2.690000057220459
I4,11.406999588012695
K2,1.9300000667572021
E2,12.76200008392334
J1,14.271000862121582
E2,1.6139999628067017
O5,12.661999702453613
G1,8.616000175476074
A5,6.61899995803833
H6,6.616999626159668
A1,1.7960000038146973
G4,6.824999809265137
O3,1.9829999208450317
M3,2.125999927520752
H1,1.5989999771118164
H6,1.5290000438690186
F1,1.8530000448226929
K3,1.6129999160766602
M6,2.2909998893737793
L1,3.4690001010894775
D6,7.3420000076293945
J1,2.118000030517578
L6,1.808000087738037
O6,7.409999847412109
H4,12.3100004196167
O6,2.0290000438690186
B6,2.069999933242798
I5,18.07200050354004
G3,2.3420000076293945
M6,2.378999948501587
E3,4.153000354766846
I4,2.0409998893737793
H4,7.319999694824219
O3,1.61899995803833
N2,3.0350000858306885
I2,4.207000255584717
L4,9.74899959564209
K3,1.7480000257492065
H6,2.6469998359680176
F3,2.513000011444092
J6,14.675000190734863
O4,3.1640000343322754
I6,1.6449999809265137
M2,2.5369999408721924
C5,2.1389999389648438
M1,3.496000051498413
P5,2.2730000019073486
O6,3.9029998779296875
F4,1.590000033378601
K1,6.589000225067139
O2,4.684000015258789
L1,4.053999900817871
N2,17.45800018310547
G4,1.5770000219345093
A4,1.5260000228881836
B5,1.5770000219345093
N1,14.654999732971191
L4,6.605999946594238
L2,1.8174999952316284
O2,3.745999813079834
B3,5.355000019073486
F2,5.0329999923706055
N2,1.656000018119812
P1,1.715000033378601
F5,5.072000026702881
F5,7.611000061035156
E2,1.5630000829696655
P6,7.269999980926514
A3,2.043499916791916
M3,1.8299999237060547
M6,7.559999942779541
C1,1.8410000801086426
A4,2.244000196456909
J2,1.8220000267028809
A4,8.217999458312988
H2,11.901999473571777
N1,1.5440000295639038
B3,1.6390000581741333
A1,3.992400074005127
H1,2.3970000743865967
C5,11.652000427246094
J3,1.9509999752044678
N3,8.20300006866455
B5,2.1410000324249268
M2,1.625
C1,1.6730000972747803
J2,1.84499990940094
B5,2.311999797821045
M2,16.288000106811523
E1,2.75
P6,23.796998977661133
M4,8.489999771118164
N2,4.223999834060669
J4,1.7379999160766602
A5,2.5909998416900635
M1,4.853000164031982
N2,7.749000072479248
F2,5.470000267028809
L4,2.0239999294281006
B3,1.7280000448226929
J4,1.7280000448226929
L4,14.147000312805176
J1,5.5920000076293945
N2,11.008000373840332
G5,5.4710001945495605
C4,2.8399999141693115
B4,2.26200008392334
E6,12.052000045776367
P4,5.658999919891357
M5,7.246250569820404
N2,1.909999966621399
C2,1.5350000858306885
D3,6.2870001792907715
E2,8.891000747680664
J4,2.1730000972747803
C5,3.305999994277954
H5,3.611999988555908
D4,1.9519999027252197
K5,8.388999938964844
L3,1.722999930381775
F3,21.677000045776367
M6,2.052000045776367
L5,1.746999979019165
K6,3.4019999504089355
C4,1.6399999856948853
B5,1.9640001058578491
C1,14.829000473022461
G4,4.86899995803833
N6,1.915000081062317
O1,9.458000183105469
F3,6.026000022888184
B3,7.664000034332275
H5,2.575000047683716
K3,5.932000160217285
F5,6.475000381469727
F4,5.444000244140625
O3,5.700999736785889
J2,1.8639999628067017
K2,18.572999954223633
I4,11.99899959564209
M5,9.800000190734863
H2,2.368000030517578
O4,3.824000120162964
B2,1.7669999599456787
C4,1.6749999523162842
M6,1.680999994277954
N5,3.6430001258850098
I2,1.5789999961853027
J1,2.0169999599456787
F2,1.5989999771118164
J3,5.992000102996826
B2,7.199999809265137
F2,2.2664000511169435
O1,7.277000427246094
H2,7.57099986076355
B4,3.3989999294281006
H5,2.0250000953674316
J6,9.467000007629395
K1,8.383999824523926
D1,1.7109999656677246
I6,11.432000160217285
P1,1.7280000448226929
H6,5.796999931335449
L4,3.63700008392334
F6,8.37600040435791
D5,8.499000549316406
N1,13.02299976348877
K2,8.399999618530273
B3,1.9570000171661377
M5,1.652999997138977
E3,1.7009999752044678
P2,1.4989999532699585
N5,2.0789999961853027
G6,9.336999893188477
A3,6.496000289916992
J5,2.049999952316284
A2,1.6790000200271606
M2,2.4000000953674316
P5,1.746999979019165
K1,2.376999855041504
P6,5.909999847412109
M4,3.347399878501892
M3,1.8230000734329224
G2,4.240999698638916
D4,1.850000023841858
C2,4.397000312805176
H1,8.86199951171875
C3,4.822999954223633
F2,1.9620000123977661
L1,2.0199999809265137
E5,12.67199993133545
H5,1.725000023841858
C2,1.5810000896453857
P6,1.7289999723434448
B5,2.1740000247955322
E1,1.9219999313354492
K1,8.22800064086914
E4,14.560999870300293
A6,2.5869998931884766
A5,5.193000316619873
F5,5.431000232696533
B4,1.628000020980835
N1,1.7379999160766602
M2,1.7059999704360962
H3,15.067000389099121
G4,1.590999960899353
N5,1.6990000009536743
C6,8.72599983215332
N3,1.8880000114440918
C4,8.397000312805176
B4,1.8459999561309814
A6,8.221000671386719
E1,5.697999954223633
I3,2.5139999389648438
H4,6.125999927520752
N2,7.697999954223633
H2,9.779999732971191
H3,4.253000259399414
L5,1.6459999084472656
K6,1.5389999151229858
J1,9.796000480651855
C4,6.598999977111816
M1,1.9170000553131104
D2,1.756500005722046
L2,1.8680000305175781
O5,21.204999923706055
B1,3.2679998874664307
F5,10.486000061035156
I5,5.65500020980835
E6,2.8519999980926514
N5,8.777000427246094
C4,2.11299991607666
D3,5.600199604034424
D1,6.556000232696533
H3,10.493000030517578
A1,5.609999656677246
M3,1.6720000505447388
O6,1.7620000839233398
H2,1.7269999980926514
I1,7.415999889373779
I3,1.6519999504089355
G1,2.3600001335144043
C1,1.9460000097751617
J2,6.628000259399414
F4,1.5200001001358032
H3,16.163000106811523
H5,2.057000160217285
B5,1.7899999618530273
M6,1.8040000200271606
O2,1.5889999866485596
L4,2.5299999713897705
C5,1.9480000734329224
L2,5.214000225067139
G1,1.5210000276565552
F1,3.3380000591278076
C6,7.189000129699707
C6,1.9399999380111694
F6,2.109999895095825
D3,7.2820000648498535
E2,1.746999979019165
I1,6.134000301361084
C6,2.0280001163482666
D5,1.9480000734329224
E2,1.6480000019073486
P1,1.875
E3,1.7569999694824219
F3,9.196000099182129
O5,5.615999698638916
B1,4.105999946594238
P6,2.434999942779541
E1,8.807999610900879
O5,2.296999931335449
A2,4.192999839782715
D5,6.595000267028809
F4,3.5769999027252197
I5,1.934999942779541
K3,1.5750000476837158
H4,5.882600116729736
I6,1.5049999952316284
B3,1.6069999933242798
L6,1.9610000848770142
I2,4.408999919891357
I2,4.5
G4,2.688999891281128
C3,2.1679999828338623
F2,1.6779999732971191
B3,1.6330000162124634
H6,2.569000005722046
J1,14.17199993133545
J5,1.7109999656677246
C3,3.2119998931884766
I4,1.5490000247955322
B1,1.875
O5,3.760999917984009
G4,2.4049999713897705
G4,1.6420000791549683
F3,5.0229997634887695
B1,1.9369999170303345
A1,7.961000442504883
O2,9.21399974822998
O4,3.5850000381469727
A6,12.631999969482422
O4,2.0769999027252197
G6,4.734000205993652
G3,6.954999923706055
F3,2.11899995803833
C3,10.761000633239746
A6,1.6489999294281006
B3,2.1520001888275146
O4,9.758999824523926
A6,7.451000213623047
A3,3.3499999046325684
B2,2.065999984741211
G6,3.9599997997283936
A5,13.571999549865723
P5,5.435600090026855
L6,2.115999937057495
F6,1.746999979019165
L5,7.197999954223633
D5,5.118000030517578
B3,1.9170000553131104
D2,8.453999519348145
G5,12.055000305175781
P5,2.616999864578247
B6,2.309999942779541
G3,8.825000762939453
D5,2.0450000762939453
E4,17.147998809814453
M6,1.5810000896453857
G3,1.8949999809265137
L2,4.9070000648498535
D1,9.928000450134277
C4,9.597999572753906
P5,8.491000175476074
D2,1.7400000095367432
N5,2.0810000896453857
M3,1.8880000114440918
L4,6.571000099182129
H2,1.8359999656677246
I6,11.581000328063965
N1,8.446999549865723
P2,2.7320001125335693
O4,1.5389999151229858
K4,5.921000003814697
D4,12.911999702453613
G4,2.186000108718872
I1,1.725000023841858
H3,12.854999542236328
A4,1.819000005722046
H2,11.734999656677246
N3,1.815999984741211
K6,2.008999824523926
A6,12.342999458312988
A1,13.9399995803833
J3,1.902999997138977
F4,1.597000002861023
P3,5.0420002937316895
B6,2.368000030517578
O4,3.177999973297119
H6,2.9660000801086426
N5,8.755999565124512
A3,1.5429999828338623
N2,1.7259999513626099
O4,1.8769999742507935
P5,1.6610000133514404
P5,2.763000011444092
I6,1.718000054359436
E3,1.6150000095367432
L4,5.603999614715576
M3,2.562000036239624
H6,1.718000054359436
O2,7.4209999442100525
C4,2.2639999389648438
M5,3.6579999923706055
L5,8.47599983215332
I6,11.552000045776367
N6,1.722000002861023
P6,10.456999778747559
C6,1.9620000123977661
L1,1.6649999618530273
O2,1.8320000171661377
I4,7.954999923706055
L6,13.040999412536621
I1,16.828001022338867
C3,10.777999877929688
D6,1.8389999866485596
D1,1.6730000972747803
B4,1.8799999952316284
C4,2.2260000705718994
N6,7.263999938964844
J1,3.812999963760376
I5,6.568999767303467
B4,1.553999900817871
H3,2.0450000762939453
K4,1.781999945640564
M6,1.503000020980835
L1,1.593000054359436
A1,2.492999792098999
H4,3.697000026702881
H1,1.6090000867843628
K4,15.265000343322754
I6,4.9589996337890625
E4,1.8539999723434448
N1,13.170000076293945
H5,1.6159999370574951
P4,1.9690001010894775
H4,1.8960000276565552
D4,5.676000118255615
F3,1.8040000200271606
B1,5.993000030517578
H6,10.773999214172363
H6,4.886000156402588
J5,14.65000057220459
O4,1.9739998579025269
K2,6.698999881744385
G3,6.0169997215271
L2,3.7159998416900635
I3,8.677000045776367
C6,1.562000036239624
H5,1.722000002861023
A6,11.368000030517578
H1,8.576000213623047
P4,2.9550000190734864
C5,6.974999904632568
M4,12.697999954223633
A4,1.812999963760376
K6,1.965000033378601
E2,1.7979999780654907
A1,1.8799999952316284
J1,8.434999465942383
A2,3.5339999198913574
O3,1.8600000143051147
K5,11.121000289916992
B1,1.808000087738037
N6,5.497000217437744
C4,7.226999759674072
G1,1.6019999980926514
P6,1.5500000715255737
P1,1.7549999952316284
J2,7.938000202178955
D4,2.0450000762939453
F5,1.5269999504089355
I1,15.838001251220703
M4,1.8489999771118164
J6,20.180999755859375
O5,2.9160001277923584
F6,13.4089994430542
D1,6.312999725341797
H6,3.4830000400543213
J2,2.615999937057495
B6,2.055000066757202
E3,2.4769999980926514
N5,5.109999656677246
L2,1.7480000257492065
K1,8.501999855041504
G5,2.197000026702881
K4,2.5299999713897705
O4,7.232999801635742
G3,14.197999954223633
C1,1.5950000286102295
D2,1.9809999465942383
L2,5.085400009155274
I5,3.88100004196167
L4,3.1449999809265137
K3,3.6490001678466797
O1,1.8050000667572021
A6,2.740999937057495
K4,4.403000354766846
C3,1.4929999113082886
A4,7.656000137329102
N5,3.3772498965263367
E2,1.7070000171661377
M4,3.044999837875366
C3,1.6230000257492065
N3,12.772000312805176
H4,14.410999298095703
H4,1.6829999685287476
K5,1.934999942779541
P3,7.36899995803833
F5,2.2950000762939453
M2,7.8379998207092285
F2,3.75600004196167
K2,5.5269999504089355
D4,2.367000102996826
C3,1.878999948501587
E3,5.065999984741211
L6,1.75
B3,1.5709999799728394
D6,21.614999771118164
D6,2.4280002117156982
N4,3.8550000190734863
B6,4.3420000076293945
H3,1.777000069618225
J4,1.7209999561309814
P6,4.620999813079834
A6,1.9620000123977661
J4,6.730999946594238
E6,5.555999755859375
F6,13.767000198364258
P4,7.2170000076293945
F5,8.493000030517578
K2,1.6579999923706055
P5,3.234999895095825
C1,2.945000171661377
A2,2.3360002040863037
N2,1.906999945640564
P5,12.369999885559082
G4,4.60099983215332
M5,2.3409998416900635
I3,14.041999816894531
P2,6.776000022888184
L5,1.6519999504089355
G6,1.6570000648498535
D5,1.5149999856948853
H6,1.8669999837875366
P1,7.555999755859375
I2,2.9160001277923584
N6,2.1649999618530273
F6,7.1479997634887695
K5,6.6539998054504395
D5,1.590999960899353
E6,5.241000175476074
D3,2.1589999198913574
I2,7.443000316619873
M1,13.107000350952148
L5,2.075000047683716
C4,12.202999114990234
E4,2.634999990463257
B4,14.843999862670898
M1,3.507999897003174
F2,6.423500061035156
E4,1.75
P6,4.999000072479248
A1,5.140999794006348
O2,1.7419999837875366
F5,2.6510000228881836
J1,8.935999870300293
C4,7.679999828338623
E2,1.8279999494552612
D1,1.687000036239624
O6,1.6080000400543213
K5,5.063000202178955
H2,9.282000541687012
J4,1.6769999265670776
G1,5.244999885559082
L4,1.7000000476837158
G5,4.960000038146973
O3,7.730999946594238
H6,7.10099983215332
O2,2.7230000495910645
L2,2.3320000171661377
I3,2.0179998874664307
E3,4.495999813079834
A2,1.8170000314712524
B6,5.152999973297119
B1,2.121999979019165
K4,1.84499990940094
A6,22.505001068115234
M3,4.482999801635742
N2,2.3429999351501465
J4,2.4619998931884766
N2,15.356999397277832
F3,11.717000007629395
J1,1.6820000410079956
P2,1.7070000171661377
N3,8.437000274658203
D6,7.460999965667725
G4,1.9829999208450317
O3,1.9470000267028809
K1,2.0119998455047607
H5,1.7899999618530273
O4,1.6779999732971191
O2,3.634999990463257
G2,4.835999965667725
B4,7.650000095367432
B2,2.375999927520752
A4,3.4079999923706055
L5,2.2339999675750732
P4,1.9480000734329224
L2,1.8389999866485596
H5,13.395000457763672
O6,8.101000785827637
F1,7.648000240325928
B1,15.502999305725098
G6,2.1410000324249268
N1,1.8050000667572021
P6,4.738999843597412
P3,3.050999879837036
F2,2.065999984741211
H4,1.6990000009536743
H2,5.6605000495910645
A5,1.6069999933242798
G4,1.7000000476837158
F3,1.9819999933242798
H3,12.119999885559082
H5,12.630000114440918
A2,45.4219970703125
C1,1.9399999380111694
O5,1.7280000448226929
C1,13.635000228881836
L3,8.310999870300293
G6,1.597000002861023
D6,1.8149999380111694
O1,1.933000087738037
E3,1.6660000085830688
F1,4.470000267028809
P1,1.8700000047683716
B3,7.286999702453613
P6,2.6529998779296875
G4,2.174999952316284
E4,13.684000015258789
D5,1.9180001020431519
H6,3.805000066757202
K5,1.6589999198913574
P5,2.7340002059936523
M2,1.6039999723434448
O4,4.13700008392334
B2,1.6150000095367432
F4,7.889999866485596
M3,3.5769999027252197
I3,7.5380003452301025
K5,12.427999496459961
H6,9.66200065612793
O2,1.5579999685287476
O6,16.540000915527344
H2,1.7079999446868896
L3,2.2980000972747803
H3,1.7300000190734863
J4,1.652999997138977
P2,13.595999717712402
E6,3.0940001010894775
D4,1.5759999752044678
L3,20.41200065612793
A3,4.565999984741211
B4,20.94499969482422
P3,2.1080000400543213
O2,12.741999626159668
H4,1.684000015258789
N4,13.668999671936035
H6,8.003000259399414
H6,2.492999792098999
B5,7.26800012588501
L1,8.146000027656555
M5,1.9279999732971191
L3,1.902999997138977
H3,3.7138333916664124
G2,17.38599967956543
B5,3.0880000591278076
G4,2.9019999504089355
L5,2.055999994277954
C4,2.0190000534057617
D4,1.680999994277954
N6,1.624000072479248
H1,1.7170000076293945
B3,2.4210000038146973
J5,12.835000038146973
G5,4.805999755859375
A2,6.128999710083008
M5,6.5239996910095215
J1,4.629000186920166
J4,1.694000005722046
O2,1.9210000038146973
M5,1.9519999027252197
K3,13.38700008392334
H2,10.924999237060547
C2,8.717000007629395
N1,2.19599986076355
I1,1.903999924659729
O6,2.1039998531341553
P6,10.144000053405762
L4,2.200000047683716
M1,1.597000002861023
L5,1.7079999446868896
D5,5.328000068664551
A4,1.468000054359436
D5,1.6949999332427979
N3,8.918000221252441
P2,1.49399995803833
A6,1.7070000171661377
D4,9.609000205993652
A4,4.874000072479248
M1,14.45300006866455
I4,1.7170000076293945
J5,1.7480000257492065
N3,1.5709999799728394
M1,1.8870000839233398
I5,1.7630000114440918
E3,9.517000198364258
G3,2.2209999561309814
B2,13.361000061035156
E1,1.6439999341964722
F2,13.131000518798828
I1,8.518000602722168
C2,1.5750000476837158
G3,7.315000057220459
G5,15.958000183105469
C3,32.22600173950195
A3,8.696000099182129
G2,5.169999599456787
G4,2.555999994277954
M3,12.236000061035156
F5,2.247000217437744
B3,1.5410000085830688
E3,2.0239999294281006
J6,1.5500000715255737
H4,1.7630000114440918
L3,10.850000381469727
N1,2.7360000610351562
P3,8.840999603271484
I1,1.930999994277954
N5,2.242000102996826
B2,1.75
L4,2.2690000534057617
B3,9.238999795913696
H2,1.5640000104904175
A1,8.696000099182129
N5,2.5789999961853027
J2,4.955999851226807
I5,7.195999622344971
M6,4.883000373840332
M6,1.5640000104904175
A4,1.9559999704360962
G3,5.256250023841858
A2,4.821000099182129
F1,17.742000579833984
A4,1.8849999904632568
O5,1.5
P4,2.7929999828338623
E2,3.9639999866485596
A5,1.8819999694824219
D4,2.1640000343322754
G6,4.046000003814697
M5,2.36419997215271
P3,1.7829999923706055
A1,2.1550002098083496
H3,3.3989999294281006
N1,10.572000503540039
O6,2.0989999771118164
O1,9.1589994430542
D4,2.4730000495910645
E3,7.228000164031982
H3,1.7599999904632568
B5,2.069000005722046
K3,2.2350001335144043
O6,7.177999973297119
C1,6.651000022888184
I4,1.7659999132156372
L3,11.257999420166016
J5,1.9470000267028809
F4,14.337000846862793
G6,1.7259999513626099
C5,6.4170002937316895
J4,2.640000104904175
D5,5.111000061035156
I4,9.789000511169434
O4,1.7000000476837158
I1,2.997999906539917
N5,1.6180000305175781
G3,1.621000051498413
H4,3.7680001258850098
E3,7.187999725341797
O3,1.6360000371932983
J6,1.7039999961853027
A4,14.039999961853027
O1,1.6949999332427979
C2,1.8170000314712524
A1,15.193000793457031
L6,2.444999933242798
J2,6.60699987411499
A1,1.7890000343322754
A4,1.902000069618225
J4,1.7790000438690186
A4,1.906000018119812
G2,1.6080000400543213
F5,2.0810000896453857
C2,2.577000141143799
F1,11.49000072479248
H1,14.767000198364258
E1,1.8660000562667847
O6,1.7599999904632568
H6,1.8769999742507935
B5,13.006999969482422
A1,9.855999946594238
N3,1.6700000762939453
K4,7.5229997634887695
I5,5.712000370025635
D1,3.365999937057495
P5,1.9819999933242798
J3,4.749000072479248
H2,12.91100025177002
D3,1.7000000476837158
O4,7.611999988555908
D1,1.6339999437332153
G2,11.730999946594238
K3,2.002999782562256
J4,14.04699993133545
A4,2.123000144958496
N2,1.7160000801086426
G6,2.188999891281128
E1,8.810999870300293
L3,7.7829999923706055
F6,1.6360000371932983
K5,5.61549985408783
G1,1.777000069618225
L2,9.04699993133545
M4,2.1689999103546143
I3,7.302000045776367
J3,3.8429999351501465
G2,2.3970000743865967
K6,7.375
A5,1.7979999780654907
F1,7.3389997482299805
C5,2.1619999408721924
I1,8.482999801635742
H3,1.810599970817566
A4,1.7659999132156372
M4,1.6953999519348144
D2,1.597999930381775
C2,2.062000036239624
F6,8.548999786376953
K4,9.519000053405762
D1,9.777000427246094
G3,1.9749999046325684
D1,1.718000054359436
K1,1.6100000143051147
J4,2.1569998264312744
F5,1.5720000267028809
J3,2.513000011444092
M5,2.0139999389648438
A2,2.0870001316070557
F2,1.996000051498413
I6,2.2770001888275146
E5,2.381999969482422
K4,6.843000411987305
C3,7.39300012588501
L3,1.9189999103546143
P2,5.072000026702881
G4,22.649999618530273
P4,6.5929999351501465
F2,1.691999912261963
N1,4.848999977111816
L1,2.138399934768677
L2,1.5870000123977661
L6,7.521999835968018
M5,2.749000072479248
J2,2.922999858856201
J1,1.6649999618530273
N4,2.114500025908152
D2,1.6970000267028809
A5,17.2189998626709
P1,1.8990000486373901
E6,18.35099983215332
F1,1.6410000324249268
M5,1.78000009059906
D1,4.195000171661377
P4,2.055000066757202
J5,3.683000087738037
A3,3.3380000591278076
N4,1.7300000190734863
L5,4.817999839782715
E4,2.0260000228881836
A2,7.2779998779296875
P5,12.524999618530273
O2,8.343000411987305
M4,9.781000137329102
G4,2.390000104904175
J6,27.14099884033203
D2,2.390000104904175
H4,4.687000274658203
H2,3.184999942779541
M5,14.542999267578125
B5,8.998000144958496
E5,14.152999877929688
E5,5.410000324249268
J2,19.024999618530273
L3,11.890999794006348
E4,6.2270002365112305
L6,2.117000102996826
C4,2.008999824523926
I4,1.7109999656677246
P1,8.561999320983887
K6,2.868000030517578
E6,3.9630000591278076
G4,1.878000020980835
N3,44.955997467041016
H1,5.458000183105469
J3,4.03840012550354
K1,2.6899999618530273
H6,1.9160000085830688
F4,3.563833395640055
E3,7.559999942779541
K5,10.508000373840332
K6,2.622999906539917
D1,2.13100004196167
G1,2.7920000553131104
I6,2.0239999294281006
E3,1.6069999933242798
P6,2.5980000495910645
F4,12.78600025177002
F6,1.9229999780654907
P4,1.6799999475479126
O5,1.8230000734329224
G6,10.864999771118164
M1,4.62399959564209
J6,1.6640000343322754
D4,3.2210001945495605
D2,14.414000511169434
H3,1.7620000839233398
L3,2.4210000038146973
M2,6.740999698638916
F1,1.5920000076293945
H3,5.003000259399414
A6,9.182999610900879
P4,18.602001190185547
H3,5.229000091552734
F3,11.730999946594238
I6,4.693999767303467
O4,1.8350000381469727
L2,6.99399995803833
L5,8.383999824523926
L1,12.911999702453613
K3,2.0420000553131104
L5,1.7869999408721924
P5,2.0290000438690186
H4,3.1470000743865967
I3,1.596000075340271
L6,1.8860000371932983
L3,2.18999981880188
E3,4.821000099182129
M6,3.1579999923706055
N2,1.565000057220459
A5,3.5
N5,2.3589999675750732
P1,1.5069999694824219
E4,2.1589999198913574
K5,12.621999740600586
H2,5.946000099182129
H2,11.696999549865723
D3,2.1629998683929443
P2,1.847999930381775
A2,2.435999870300293
P4,13.972000122070312
A1,1.7950000762939453
C4,1.6799999475479126
A5,10.13800048828125
C1,1.9270000457763672
L4,1.9690001010894775
C5,5.979250073432922
P6,14.048999786376953
G3,6.3510003089904785
L1,14.855000495910645
J1,7.216000080108643
B4,2.9619998931884766
H6,15.519000053405762
I2,12.744000434875488
N5,1.722000002861023
F5,1.9180001020431519
I6,6.5370001792907715
O3,8.458999633789062
C5,3.955000162124634
J6,8.456000328063965
L5,2.5879998207092285
C5,8.289999961853027
P3,1.7289999723434448
O1,8.735000610351562
O4,9.164999961853027
L6,1.7139999866485596
B4,1.781000018119812
H2,1.746999979019165
C5,13.37399959564209
D4,7.153000354766846
I5,1.7100000381469727
F6,8.406000137329102
G2,2.134999990463257
L1,1.7620000839233398
K4,1.8539999723434448
P4,2.928999900817871
O1,1.906999945640564
A6,9.371000289916992
D4,2.557999849319458
H6,15.045999526977539
E6,8.947999954223633
C1,1.7170000076293945
P3,1.5099999904632568
B1,1.9739998579025269
G1,5.1620001792907715
P3,7.720999717712402
H3,1.9180001020431519
P4,1.5479999780654907
D1,9.694999694824219
A4,5.941999912261963
E2,1.753999948501587
C2,1.9459999799728394
M4,27.229999542236328
H6,7.3420000076293945
D2,1.944000005722046
A1,1.8410000801086426
G5,1.6390000581741333
M2,2.242000102996826
F1,2.5989999771118164
D5,1.934000015258789
A6,2.6710000038146973
A2,5.0960001945495605
E2,15.269000053405762
F3,1.9880000352859497
J6,1.7130000591278076
M6,1.88100004196167
C4,7.210000038146973
P4,14.574999809265137
J3,9.751999855041504
K2,1.6670000553131104
E4,2.259000062942505
L2,2.3919999599456787
K1,1.8579999208450317
A3,2.006999969482422
G1,2.8939998149871826
A5,1.7239999771118164
D2,1.8880000114440918
L3,11.684000015258789
P5,1.819000005722046
L2,4.813000202178955
H6,7.922999382019043
D2,13.477999687194824
K3,1.5269999504089355
E2,5.297999858856201
B2,2.075000047683716
F3,7.666999816894531
M3,1.553999900817871
B1,1.912000060081482
N2,7.017000198364258
C5,2.4039998054504395
K1,1.7580000162124634
O3,1.8949999809265137
K1,12.152999877929688
K6,2.069999933242798
G5,4.486999988555908
C5,13.529000282287598
M4,3.8960001468658447
L2,8.747000694274902
F6,8.372000694274902
E1,2.0989999771118164
I3,8.356666723887125
A1,2.369000196456909
H3,6.644000053405762
C4,2.006999969482422
M5,20.336999893188477
L5,3.5789999961853027
G2,17.720001220703125
G6,5.34499979019165
P1,6.694500207901001
L6,1.8269999027252197
H6,15.65000057220459
N4,2.387250006198883
E3,14.838000297546387
I4,1.6979999542236328
F4,7.002000331878662
D4,4.854000091552734
A6,1.875999927520752
K5,2.322999954223633
L3,2.809999942779541
M5,1.6610000133514404
M6,2.186000108718872
P6,9.01200008392334
K6,1.7650001049041748
C2,5.0329999923706055
P3,13.42699909210205
P1,2.013000011444092
F4,8.842000007629395
M1,2.1679999828338623
P1,14.127999305725098
B2,15.278999328613281
E3,1.8630000352859497
M4,1.6159999370574951
N6,15.447999954223633
M2,4.578999996185303
H2,1.6880000829696655
H5,8.123000144958496
I2,1.9610000848770142
C6,5.446000099182129
I1,10.881999969482422
I2,1.847999930381775
D3,9.380000114440918
A1,4.625
L6,8.418000221252441
C5,1.6069999933242798
P6,1.7689999341964722
O5,4.906000137329102
A6,1.808000087738037
P5,2.001000165939331
B3,6.486999988555908
B2,1.819000005722046
N5,7.933000087738037
N4,1.940999984741211
E6,1.8600000143051147
P6,1.8519999980926514
K4,1.8570001125335693
B1,14.553000450134277
D6,3.878999948501587
C5,1.6890000104904175
F2,5.492000102996826
A2,1.690999984741211
G1,1.9210000038146973
D5,4.674000263214111
A6,1.774999976158142
D4,1.5640000104904175
K2,4.234999656677246
K1,7.770999908447266
A6,9.883999824523926
N2,6.638999938964844
N3,8.704000473022461
L3,3.13100004196167
J2,12.020000457763672
P3,1.970000147819519
P4,1.8100000619888306
J3,12.392999649047852
A5,6.008999824523926
F6,1.6480000019073486
K4,1.8269999027252197
C3,4.978333314259847
K3,7.144000053405762
D5,3.575000047683716
P5,2.17900013923645
O6,11.220999717712402
N2,3.3461999893188477
M4,1.8849999904632568
M1,8.101000785827637
J5,10.13349962234497
H2,2.0260000228881836
I4,5.444000244140625
I2,4.5929999351501465
O1,1.8289999961853027
E3,1.7480000257492065
E3,4.019999980926514
N3,1.5269999504089355
A2,2.803999900817871
E1,1.7070000171661377
H6,5.195000171661377
D4,14.996999740600586
A4,2.7360000610351562
G2,11.210000038146973
G1,5.138000011444092
G6,1.8119999170303345
M6,1.9240000247955322
F4,1.819000005722046
L2,5.021999835968018
O3,7.821000099182129
F2,1.8329999446868896
C6,2.8339998722076416
M2,1.5780000686645508
H5,2.3420000076293945
F3,9.630000114440918
G3,1.6330000162124634
G5,1.7310000658035278
H4,17.4010009765625
E6,6.604000091552734
A3,7.335000038146973
D6,17.73699951171875
E4,16.214000701904297
F2,1.777000069618225
A3,7.735000133514404
F5,1.6439999341964722
D2,2.2139999866485596
F6,5.931000232696533
L3,6.672999858856201
C3,4.249000072479248
N6,8.84000015258789
I2,15.923998832702637
K6,3.80400013923645
E2,3.3919999599456787
K1,1.5640000104904175
N1,2.259000062942505
A4,2.0759999752044678
M5,6.359000205993652
F5,1.9829999208450317
D5,4.923999786376953
D6,2.0190000534057617
N6,1.5729999542236328
D3,1.7100000381469727
H1,2.8999998569488525
A3,1.7190001010894775
G6,1.8209999799728394
C3,2.0260000228881836
E6,7.091000080108643
H2,5.0279998779296875
I4,11.159000396728516
O2,1.5640000104904175
G4,17.666000366210938
N2,1.6759999990463257
A4,1.8179999589920044
M2,4.6
O1,1.9889999628067017
M4,5.142999649047852
D5,3.0169999599456787
K2,9.282000541687012
D5,7.447999954223633
M1,1.6059999465942383
K6,1.781000018119812
L2,1.5829999446868896
F1,12.64549970626831
A3,4.848999977111816
O2,1.4989999532699585
G5,16.631999969482422
E4,2.4790000915527344
G3,10.045999526977539
D1,3.8370001316070557
A1,5.603000164031982
G6,2.452000141143799
E4,1.725000023841858
C5,2.0139999389648438
M4,1.7059999704360962
I6,1.6649999618530273
G4,1.8939999341964722
K3,4.7179999351501465
E6,2.5220000743865967
M3,1.531000018119812
B4,26.452999114990234
O5,21.391000747680664
L6,1.8969999551773071
A5,1.9300000667572021
N1,2.0999999046325684
J5,1.5839999914169312
L4,1.6970000267028809
P4,1.7890000343322754
D1,2.4179999828338623
D5,5.568999767303467
N6,2.5450000762939453
N5,2.5546000003814697
L3,10.110000610351562
B1,2.067999839782715
G1,1.8350000381469727
B5,1.71999990940094
K1,7.849999904632568
L5,7.031000137329102
D2,6.788999557495117
F6,1.7419999837875366
G3,8.48799991607666
N6,10.685999870300293
C5,5.275000095367432
K1,20.64299964904785
E4,1.587999939918518
O5,5.803999900817871
K1,4.500999927520752
K1,1.934000015258789
O2,1.8669999837875366
M3,7.03000020980835
P1,1.7610000371932983
N5,4.304000377655029
O1,7.406000137329102
E1,6.525000095367432
G6,4.083000183105469
I3,2.309999942779541
K6,1.7999999523162842
B5,8.620000839233398
M6,1.5509999990463257
G1,6.591000080108643
C1,1.774999976158142
B4,1.8880000114440918
I5,11.895999908447266
D1,4.774999618530273
H1,1.5429999828338623
B6,1.9499999284744263
H2,5.075499931971232
A6,1.8240000009536743
F3,1.6430000066757202
L4,1.5519999265670776
I3,1.6349999904632568
P5,8.3149995803833
F2,5.259000301361084
N3,3.5759999752044678
L5,6.546000003814697
O2,2.5939998626708984
J1,1.8230000734329224
P2,1.628000020980835
L3,5.073999881744385
M1,16.041000366210938
J1,6.366000175476074
I3,7.348999977111816
O1,5.419999599456787
G6,6.873000144958496
E6,2.125999927520752
M6,1.912000060081482
N5,16.4010009765625
A3,1.8919999599456787
P4,8.47599983215332
E1,3.567999839782715
I4,2.694000005722046
I5,4.569000244140625
H5,1.6570000648498535
A4,1.940999984741211
I1,17.689001083374023
F1,12.694000244140625
L4,2.256999969482422
L1,7.864999771118164
J6,1.6679999828338623
F4,17.05900001525879
P6,1.7340000867843628
P3,7.172999858856201
D4,1.8279999494552612
G2,1.6700000762939453
L2,13.484000205993652
J1,7.017000198364258
K6,3.374000072479248
J5,1.7872000455856323
N6,2.2680001258850098
M6,4.687000274658203
M3,5.193999767303467
O3,7.443000316619873
L3,2.226800060272217
O6,2.6559998989105225
D5,15.324000358581543
K6,8.972999572753906
L5,1.7120000123977661
N2,4.952000141143799
I2,2.328000068664551
P4,2.1419999599456787
G3,4.374166647593181
G4,6.835000038146973
E4,8.493000030517578
P2,1.9850000143051147
B3,20.41699981689453
B5,3.00600004196167
D4,1.6100000143051147
I3,2.242000102996826
C3,3.0989999771118164
E3,1.8220000267028809
F5,2.008999824523926
A3,20.51799964904785
E3,2.0900001525878906
P3,1.6640000343322754
K2,1.6150000095367432
I6,1.9480000734329224
O3,9.616999626159668
D5,1.8309999704360962
A6,1.7760000228881836
I2,1.6469999551773071
E2,3.8263999223709106
K3,2.009999990463257
L4,5.495999813079834
I3,7.835000038146973
L4,1.6799999475479126
B3,1.691999912261963
P1,1.8100000619888306
N5,1.7160000801086426
A3,7.367000102996826
D5,2.3360002040863037
A1,6.5518004417419435
J1,4.035999774932861
J1,11.366000175476074
N2,2.827000141143799
H1,9.569000244140625
B5,2.7910001277923584
A5,1.8220000267028809
O3,6.440999984741211
P1,2.171999931335449
A4,1.9369999170303345
C5,7.8919997215271
A2,2.2920000553131104
M4,1.7969999313354492
E4,2.2199997901916504
M4,2.3409998416900635
G6,1.9519999027252197
F6,1.584999918937683
H4,1.9550000429153442
N6,1.5200001001358032
M4,1.7419999837875366
K6,4.8329997062683105
G6,1.593999981880188
K2,4.361000061035156
H1,1.715000033378601
C1,2.6589999198913574
O5,1.75600004196167
C1,4.289999961853027
D3,2.259999990463257
E5,9.731999397277832
K6,5.020999908447266
A5,1.5609999895095825
D5,6.144000053405762
O1,4.331000328063965
D2,2.2039999961853027
N6,10.015999794006348
I1,1.8486000061035157
N2,12.675999641418457
K3,1.6700000762939453
P2,1.5460000038146973
I5,5.206999778747559
E4,1.9420000314712524
P3,3.0190000534057617
O1,2.121000051498413
J5,2.8420000076293945
H1,1.9390000104904175
A5,1.6759999990463257
J5,2.2860000133514404
P5,1.6230000257492065
G1,2.0769999027252197
B1,3.8940000534057617
L6,1.8459999561309814
D3,8.011999130249023
K1,1.8949999809265137
E3,8.522000312805176
O2,1.9160000085830688
G4,2.3259999752044678
K4,2.11299991607666
B4,2.061000108718872
H4,2.1500000953674316
P2,2.609750062227249
F2,6.785999774932861
C3,4.367000102996826
O1,1.8550000190734863
G5,25.165998458862305
E3,4.240999698638916
C5,1.597000002861023
M2,4.033999919891357
C6,4.88100004196167
M2,1.562000036239624
I6,1.6159999370574951
K1,1.8690000772476196
F1,11.956999778747559
A2,2.319999933242798
L5,5.052000045776367
A4,5.892000198364258
M2,1.524999976158142
C6,1.7209999561309814
P5,5.009750217199326
I3,1.9550000429153442
E5,2.253999948501587
C6,8.348000526428223
F6,10.793000221252441
P3,1.933000087738037
L1,6.014999866485596
A2,1.9559999704360962
H2,1.6519999504089355
D2,6.72599983215332
G1,1.6120001077651978
H5,11.792000770568848
O3,3
H6,1.7319999933242798
O1,1.7659999132156372
P6,8.821000099182129
L4,2.1069998741149902
D4,1.9880000352859497
I6,8.550000190734863
D4,4.235833287239075
B5,1.9900000095367432
A1,17.354000091552734
M6,14.530000686645508
H4,1.7190001010894775
M3,5.525000095367432
H4,3.0889999866485596
N5,7.623000144958496
F4,7.286999702453613
C5,1.524999976158142
J5,1.7400000095367432
L4,1.5640000104904175
O6,11.997000694274902
B1,1.9869999885559082
P3,4.960999965667725
H2,16.14900016784668
G1,2.3399999141693115
L2,8.355000495910645
K5,1.624000072479248
A3,3.1560001373291016
K5,9.621999740600586
A6,6.529999732971191
C2,1.8299999237060547
B2,1.5509999990463257
G3,1.8530000448226929
M2,1.7070000171661377
J3,2.11299991607666
J5,2.302000045776367
J3,2.129999876022339
J4,2.8589999675750732
B5,2.0900001525878906
N5,5.700999736785889
M2,14.881999969482422
D4,14.689000129699707
L4,2.0349998474121094
N5,1.7890000343322754
O3,1.7580000162124634
M6,1.7610000371932983
E6,1.7999999523162842
I5,1.7059999704360962
N5,2.627000093460083
C2,2.3519999980926514
A4,7.171999931335449
P2,1.6549999713897705
C3,1.4730000495910645
A4,16.027999877929688
G5,8.964000701904297
H5,1.6629999876022339
F2,1.7599999904632568
K3,7.745999813079834
F5,6.730999946594238
B5,1.7350000143051147
J4,4.708000183105469
D2,7.235599994659424
F2,6.9679999351501465
N3,1.8179999589920044
O3,5.130000114440918
F2,7.125999927520752
D5,2.063999891281128
F5,1.902000069618225
O4,2.1579999923706055
N3,3.4189999103546143
G2,1.5780000686645508
M1,3.052000045776367
N2,6.523000240325928
K1,1.808000087738037
D6,13.329000473022461
P6,11.744999885559082
O2,7.203000068664551
N4,1.6690000295639038
B6,1.9219999313354492
I1,4.536999893188477
E6,3.3989999294281006
E2,1.652999997138977
O1,2.1629998683929443
O3,3.064000129699707
K3,2.072999954223633
P1,1.6790000200271606
F5,8.541000366210938
E3,6.543000221252441
H6,1.8799999952316284
J4,2.253999948501587
O2,2
A2,2.125
C4,2.74399995803833
J6,1.8179999589920044
I3,4.663000106811523
I6,1.5839999914169312
H4,8.291999816894531
J6,4.041999816894531
A6,1.6710000038146973
I2,2.0840001106262207
N5,5.854000091552734
O2,1.6360000371932983
H6,3.436000108718872
B5,1.7170000076293945
K6,1.7109999656677246
D3,1.6570000648498535
E5,5.154999732971191
G4,2.005999803543091
C4,4.755000114440918
C3,1.597999930381775
K4,2.132999897003174
F3,6.513999938964844
J5,1.7910000085830688
H1,15.447000503540039
A5,1.7009999752044678
E3,1.5609999895095825
K3,1.5640000104904175
E1,1.5500000715255737
A3,5.040999889373779
L5,2.2789998054504395
E3,1.590000033378601
F2,8.420000076293945
M1,1.7319999933242798
K5,1.6579999923706055
P2,3.888000011444092
E6,1.8070000410079956
E4,9.434999465942383
K3,2.128999948501587
D2,2.1430001258850098
B6,1.7829999923706055
L1,2.939000129699707
H5,8.023000717163086
F4,1.5740000009536743
A5,1.6690000295639038
O4,20.458999633789062
B3,7.505000114440918
B5,1.8070000410079956
M1,12.611000061035156
F6,2.13700008392334
N3,5.064000129699707
O2,5.406000137329102
F3,6.151399850845337
F4,6.930000305175781
A3,14.258000373840332
K5,8.953999519348145
I1,3.626999855041504
G4,1.7910000085830688
B2,2.325000047683716
K2,2.4009997844696045
C5,5.925000190734863
N4,3.7150001525878906
B3,1.7640000581741333
P5,1.5360000133514404
A2,1.8990000486373901
B5,7.247999668121338
G3,1.6059999465942383
C2,1.871000051498413
B2,11.592000007629395
O4,4.935999870300293
A3,2.111799955368042
G4,6.252000331878662
C6,12.342000007629395
N6,2.1710000038146973
L3,7.164000034332275
L3,5.6529998779296875
C3,1.5440000295639038
J5,2.2669999599456787
L1,6.852999687194824
A5,7.089000225067139
D4,2.736999988555908
O5,16.957000732421875
D3,1.9919999837875366
N4,21.35300064086914
F3,1.597000002861023
P3,1.7549999952316284
F2,1.8609999418258667
E2,12.930000305175781
E4,1.811000108718872
P4,1.6410000324249268
A6,6.742000102996826
L3,29.977998733520508
O3,7.428999900817871
P1,8.666000366210938
P2,2.067999839782715
M2,1.6890000104904175
F5,2.1740000247955322
C5,1.5829999446868896
I2,1.750999927520752
N2,1.808000087738037
J2,2.0379998683929443
A6,2.357200002670288
G6,1.5500000715255737
D3,1.965000033378601
K5,4.565000057220459
G1,14.770000457763672
J6,6.744999885559082
F6,7.39300012588501
G5,6.988999843597412
M3,1.7209999561309814
P3,18.12700080871582
L4,9.437999725341797
F3,1.9049999713897705
J6,3.248000144958496
I5,1.7259999513626099
P4,1.6100000143051147
J6,1.6970000267028809
F5,1.7740000486373901
G3,1.7910000085830688
B5,1.8489999771118164
F2,3.7750000953674316
B3,1.468999981880188
H3,1.902000069618225
A4,7.821000099182129
J5,8.196000099182129
K6,2.131600046157837
L5,13.969000816345215
D2,7.51200008392334
K4,1.5920000076293945
J1,2.4968333641688027
P6,1.5999999046325684
G6,1.8050000667572021
C2,1.9010000228881836
F4,1.5670000314712524
A4,5.559000015258789
J2,2.247999906539917
A5,2.263000011444092
O3,12.834000587463379
A3,3.6130001544952393
G6,11.005000114440918
F6,1.6100000143051147
F4,4.822000026702881
H6,9.595000267028809
A3,7.184999942779541
B6,2.31499981880188
C2,2.4679999351501465
H5,2.4809999465942383
J6,4.743000030517578
F2,10.363999366760254
F3,1.9229999780654907
O6,13.168999671936035
J2,2.2269999980926514
K5,5.520999908447266
E2,6.999000072479248
I4,2.390000104904175
P2,4.302000045776367
G3,2.001000165939331
H5,2.062000036239624
I2,6.544000148773193
L3,2.822000026702881
M1,6.601999759674072
H2,1.7030000686645508
C5,1.7979999780654907
K6,3.255000114440918
O4,2.3360002040863037
L2,1.7879999876022339
F5,1.9219999313354492
E6,3.6440000534057617
M2,1.75600004196167
A6,1.777999997138977
B1,3.177000045776367
F6,5.000999927520752
E1,8.454999923706055
C5,1.878999948501587
M3,2.319000005722046
D1,6.085999965667725
D4,1.5210000276565552
O5,7.1579999923706055
O3,4.253999710083008
J6,8.416999816894531
C3,4.309000015258789
E1,1.777999997138977
K5,14.093999862670898
J5,10.037999153137207
N3,1.7610000371932983
P4,1.5
A2,1.8630000352859497
I2,6.184000015258789
F6,5.0169997215271
E5,2.5759999752044678
F6,3.7039999961853027
H2,4.13100004196167
O6,9.76099967956543
K5,11.418999671936035
I4,4.914999961853027
E2,2.3540000915527344
N6,7.560999870300293
H4,4.683000087738037
G5,2.0969998836517334
J1,1.968000054359436
J1,1.749000072479248
F5,1.5479999780654907
H5,18.104999542236328
F3,1.8799999952316284
K5,18.89299964904785
I4,8.168000221252441
J5,1.8849999904632568
A4,5.229000091552734
L6,6.955999851226807
I4,14.102999687194824
N1,2.257999897003174
P6,1.811000108718872
A4,1.531000018119812
N2,1.8339999914169312
D5,4.403000354766846
O3,1.559000015258789
B4,1.6180000305175781
G6,8.366000175476074
B1,1.7209999561309814
K4,1.8220000267028809
P6,6.915999889373779
K6,5.6529998779296875
F6,1.6069999933242798
B6,1.9140000343322754
H5,2.1059999465942383
I6,2.3142499327659607
I3,3.4839999675750732
G5,1.6309999227523804
I1,4.951000213623047
P4,1.7130000591278076
K5,7.988000392913818
K3,4.788000106811523
I3,1.6979999542236328
L5,1.8070000410079956
C2,1.6970000267028809
L5,3.6640000343322754
O3,1.8930000066757202
F2,1.6929999589920044
E5,8.45199966430664
O1,1.6890000104904175
C3,1.7059999704360962
G1,1.8980000019073486
I4,2.0160001814365387
B2,2.315999984741211
G1,4.014999866485596
P2,1.680999994277954
O2,9.678999900817871
B5,2.0239999294281006
M1,5.510000228881836
I1,1.7039999961853027
E2,14.387999534606934
N4,2.8389999866485596
I4,2.0490000247955322
D1,9.26200008392334
B2,1.8860000371932983
K5,1.7869999408721924
M1,2.197000026702881
B2,7.28000020980835
G2,2.453000068664551
J5,2.05400013923645
C2,2.134000062942505
L4,10.055000305175781
M1,1.503000020980835
B4,3.0190000534057617
M4,8.430000305175781
I4,2.009999990463257
B1,1.899999976158142
P4,1.8209999799728394
K2,8.144000053405762
N1,1.8550000190734863
G3,1.6749999523162842
G5,1.937999963760376
L5,7.811999797821045
D6,5.7170000076293945
D3,1.8320000171661377
P6,13.079999923706055
G2,1.6570000648498535
O2,1.5920000076293945
N3,7.321000099182129
N1,2.008999824523926
O4,1.7379999160766602
N3,1.7574000835418702
H2,1.7419999837875366
P3,2.322000026702881
M4,1.7920000553131104
F5,1.6690000295639038
M5,3.319999933242798
O2,2.4679999351501465
J6,8.546000480651855
P3,2.642000198364258
B1,2.2009999752044678
I5,1.8530000448226929
N3,1.687000036239624
A6,3.996000051498413
O3,34.0359992980957
A6,1.5839999914169312
G4,1.7109999656677246
H6,1.7000000476837158
D1,1.9129999876022339
I5,1.6469999551773071
B6,6.885000228881836
F5,1.8619999885559082
B2,4.789999961853027
J4,1.496999979019165
A6,3.879599905014038
K3,26.6560001373291
J1,7.569999694824219
H2,6.996000289916992
F4,8.25
D2,11.611000061035156
B1,1.596000075340271
E3,4.946000099182129
O2,3.6410000324249268
M5,2.700000047683716
M6,15.043000221252441
M1,3.677999973297119
N2,1.7620000839233398
P4,8.709499597549438
F6,13.151999473571777
A1,1.8519999980926514
A3,1.4830000400543213
N2,2.067999839782715
P3,3.8465001583099365
F4,2.2169997692108154
C1,4.551000118255615
K3,5.8429999351501465
D2,2.002000093460083
B2,2.2279999256134033
M1,7.964000225067139
H6,1.5130000114440918
H4,1.7289999723434448
K5,2.4689998626708984
L2,1.9160000085830688
M2,2.2079999446868896
H4,1.7350000143051147
G3,1.7790000438690186
O1,2.1599998474121094
K4,5.079999923706055
L3,8.430000305175781
K4,1.4980000257492065
D2,4.1570000648498535
H3,4.74399995803833
B4,19.856000900268555
E1,11.920999526977539
L4,1.7969999313354492
K4,1.7659999132156372
O6,2.370999813079834
I1,1.7610000371932983
E3,1.6649999618530273
P5,2.2770001888275146
C4,8.111000061035156
M5,1.915000081062317
D6,7.229000091552734
G4,4.014999866485596
P5,2.1599998474121094
H6,1.5870000123977661
D4,1.781999945640564
O3,1.7070000171661377
A5,1.7089999914169312
F2,5.220999717712402
E6,17.437999725341797
L5,3.3269999027252197
I3,2.1480000019073486
F4,2.575000047683716
I3,2.3980000019073486
I1,2.0850000381469727
M5,4.013000011444092
E6,1.7190001010894775
J1,4.170000076293945
I3,1.694000005722046
F6,2.0989999771118164
P6,4.798000335693359
K6,12.184999465942383
D6,8.47599983215332
G5,3.6039998531341553
K3,1.750999927520752
F3,19.68400001525879
C5,1.6519999504089355
I2,7.756999969482422
M5,1.5449999570846558
I2,4.306000232696533
G2,12.177000045776367
J1,9.482999801635742
O5,1.9919999837875366
P2,1.6360000371932983
M1,8.553000450134277
A6,1.9910000562667847
L6,8.817000389099121
D1,9.651000022888184
B2,2.186000108718872
M2,4.566999912261963
O3,14.651999473571777
K4,1.7209999561309814
F6,7.204999923706055
K4,8.32800006866455
I3,5.133999824523926
B5,1.6970000267028809
I3,13.576000213623047
A2,9.970000267028809
F3,2.4179999828338623
H3,1.5709999799728394
B6,5.888999938964844
H5,5.058000087738037
D4,5.564000129699707
K5,7.7179999351501465
F4,1.6399999856948853
K1,2.0349998474121094
N1,1.88100004196167
J6,2.9730000495910645
M5,1.9769998788833618
K5,1.5500000715255737
D4,1.9390000104904175
M3,3.2269999980926514
J6,1.8880000114440918
C6,3.0889999866485596
F4,4.9589996337890625
B2,2.2839999198913574
L3,7.034999847412109
A6,1.9160000085830688
F4,1.6899999380111694
A5,58.55999755859375
M2,1.7289999723434448
N1,7.884999752044678
L2,7.153000354766846
I4,1.9369999170303345
A1,1.6050000190734863
H3,1.850000023841858
H2,5.272800016403198
O2,10.107999801635742
M1,10.355999946594238
M5,1.7409999370574951
L3,15.343000411987305
L5,1.5800000429153442
B5,11.189000129699707
C2,2.4170000553131104
L6,1.5670000314712524
O4,1.7409999370574951
A3,1.8949999809265137
H3,2.8450000286102295
H5,2.115999937057495
P4,8.921000480651855
G5,7.8389997482299805
E5,5.7729997634887695
L2,1.7170000076293945
N2,2.4800000190734863
E5,32.31999969482422
C4,20.106998443603516
I2,2.3930001258850098
P4,1.475000023841858
B5,3.4839999675750732
F1,3.825000047683716
B6,4.883999824523926
G1,1.6339999437332153
C4,9.63499927520752
A6,2.239000082015991
F6,2.3259999752044678
A4,1.553999900817871
L6,17.509000778198242
D6,7.316999912261963
D3,5.729000091552734
N4,1.7350000143051147
B3,1.5859999656677246
J1,13.585999488830566
B1,5.486999988555908
P2,2.062000036239624
L1,17.2760009765625
F3,1.9759999513626099
B6,1.7190001010894775
O3,2.2179999351501465
A6,1.5
K5,2.7769999504089355
O6,10.625
E3,11.255999565124512
A5,1.8009999990463257
L1,1.6690000295639038
D3,2.063999891281128
O1,2.192999839782715
B2,2.4059998989105225
O6,4.9019999504089355
K5,2.316999912261963
M4,8.566999435424805
B6,1.6050000190734863
O5,1.5839999914169312
O6,5.293999671936035
C6,1.6319999694824219
C5,1.9660000801086426
F2,1.555999994277954
D5,1.652999997138977
J1,15.958799028396607
H5,12.697000503540039
P6,5.151000022888184
C6,1.7170000076293945
J5,2.052999973297119
P4,2.002000093460083
C5,8.475000381469727
A6,7.313000202178955
O5,6.623000144958496
I5,2.7880001068115234
N1,2.0330002307891846
J2,1.7100000381469727
P1,14.375999450683594
F5,1.6660000085830688
A5,1.7139999866485596
H4,1.899999976158142
E6,7.7829999923706055
H3,11.743000030517578
M4,1.6619999408721924
H4,2.4809999465942383
E6,1.8969999551773071
L6,3.374000072479248
A6,2.1550002098083496
M1,15.809000015258789
I6,2.9559998512268066
L3,6.639999866485596
A6,2.3380000591278076
D3,5.652000427246094
M6,2.8929998874664307
J1,1.7466000080108643
I2,1.6629999876022339
I3,1.777999997138977
N1,9.803999900817871
L1,1.9189999103546143
F3,3.819000005722046
G1,6.63100004196167
P2,4.923999786376953
C5,1.7120000123977661
D6,1.9049999713897705
G4,2.236999988555908
E4,1.6579999923706055
F2,5.925000190734863
O6,3.4260001182556152
J4,1.7899999618530273
J1,2.3980000019073486
K1,1.628000020980835
O1,1.5989999771118164
I1,2.1470000743865967
E1,1.6579999923706055
A6,4.705000400543213
B2,1.7640000581741333
H3,4.120999813079834
C4,1.7650001049041748
E2,1.584999918937683
J5,1.5470000505447388
C3,4.952000141143799
C2,1.649999976158142
E5,4.991000175476074
P3,1.8339999914169312
K4,1.593000054359436
I5,2.0870001316070557
C4,12.470000267028809
M6,2.9089999198913574
C3,3.2909998893737793
F5,1.7109999656677246
E5,1.9170000553131104
K3,6.248000144958496
I2,7.354000091552734
D4,8.465999603271484
G2,3.0839998722076416
O2,1.8240000009536743
D3,12.249000549316406
G5,1.5490000247955322
P6,2.0840001106262207
I6,11.706000328063965
J6,24.244998931884766
E4,6.9579997062683105
D5,1.6730000972747803
E5,2.124000072479248
K1,2.0169999599456787
P5,13.062999725341797
K3,1.906999945640564
J2,10.556999206542969
O3,1.909000039100647
F3,12.532999992370605
K3,4.943000316619873
M4,3.064000129699707
M2,7.19060001373291
L2,8.2160005569458
J2,5.038000106811523
B1,6.92199969291687
N1,1.722000002861023
I1,4.223999977111816
K4,2.0349998474121094
H2,1.7979999780654907
K2,1.5679999589920044
A2,1.781999945640564
P4,16.946998596191406
F2,10.15000057220459
C1,12.725000381469727
N4,8.446999549865723
P3,1.9229999780654907
K1,1.6749999523162842
P6,1.596000075340271
N6,1.5989999771118164
O4,1.4980000257492065
J4,1.7999999523162842
M4,1.6640000343322754
A6,1.559000015258789
F2,9.904000282287598
O4,2.0379998683929443
B4,2.30400013923645
K1,6.014999866485596
C2,1.627000093460083
L2,2.0290000438690186
D3,1.8840000629425049
I6,9.681999206542969
J2,7.079999923706055
G3,7.13700008392334
L6,14.277999877929688
O5,2.125999927520752
L5,2.121000051498413
P6,1.7580000162124634
F2,7.275000095367432
N4,16.545000076293945
N2,1.5729999542236328
N5,2.2100000381469727
O1,1.7640000581741333
D4,9.015000343322754
E5,5.177000045776367
N3,1.812999963760376
E2,7.371999740600586
D3,1.6390000581741333
N2,17.562000274658203
O6,8.548999786376953
I5,2.197999954223633
E4,1.7879999876022339
D2,4.982000350952148
A2,6.043000221252441
K4,1.8019999265670776
C5,1.715000033378601
A3,1.597000002861023
B4,7.360000133514404
E6,6.86299991607666
N5,1.5999999046325684
B6,4.52400016784668
M1,6.993000030517578
D1,2.697999954223633
J6,2.0169999599456787
K4,1.715000033378601
C1,11.683000564575195
L6,2.05400013923645
J4,4.9079999923706055
I5,4.789166569709778
C2,2.311999797821045
C2,1.6979999542236328
E6,2.8470001220703125
O4,1.8029999732971191
I2,19.75899887084961
C1,7.8470001220703125
A6,2.296999931335449
B6,2.1610000133514404
G2,11.645999908447266
C4,1.7699999809265137
M4,10.932999610900879
P5,2.5420000553131104
I5,10.098000526428223
F1,2.1740000247955322
E5,7.216000080108643
M6,1.6169999837875366
I5,4.5960001945495605
G3,2.5299999713897705
P1,2.3630001544952393
H2,1.7610000371932983
K5,1.7879999876022339
O2,5.752999782562256
N1,4.784999847412109
C1,9.52500057220459
J3,2.008999824523926
B6,1.6740000247955322
C3,8.095000267028809
D5,5.7789998054504395
A4,4.958000183105469
A1,10.942999839782715
M4,1.8889999389648438
B1,1.906000018119812
G1,10.11299991607666
D6,1.8329999446868896
I1,17.132999420166016
A2,1.7969999313354492
F4,1.7379999160766602
E2,5.244999885559082
J6,4.21840009689331
I2,4.828000068664551
L4,14.70300006866455
H5,2.302000045776367
L6,1.7960000038146973
I1,1.9850000143051147
J1,15.04800033569336
H3,1.5399999618530273
D1,16.44700050354004
C2,7.230999946594238
P6,9.54800033569336
D5,3.968000054359436
I6,2.0859999656677246
C5,8.581999778747559
L1,5.404999732971191
P1,8.852999687194824
L1,4.595833321412404
L4,9.085999488830566
D2,1.8359999656677246
O1,7.003999710083008
C6,1.6380000114440918
H3,1.6029999256134033
D6,12.991000175476074
H6,3.9179999828338623
B4,8.60099983215332
F4,2.0769999027252197
L4,2.4029998779296875
N5,15.278999328613281
G3,7.247999668121338
J6,1.6339999437332153
C5,1.597999930381775
E1,1.5950000286102295
P4,1.774999976158142
G3,22.194000244140625
I5,1.7899999618530273
H1,4.75
P3,1.690999984741211
D5,1.7929999828338623
H6,6.333500325679779
M4,8.507999420166016
O4,1.7310000658035278
N2,1.9809999465942383
M6,7.515999794006348
F2,2.186000108718872
P5,1.6990000009536743
O5,1.9809999465942383
F1,7.2170000076293945
C6,5.133000373840332
F5,3.4709999561309814
I5,2.7829999923706055
D6,4.974999904632568
D6,7.210000038146973
K2,1.9320000410079956
K4,1.7070000171661377
C2,7.783999919891357
P6,1.71999990940094
P2,13.291999816894531
M3,1.6349999904632568
K1,10.130000114440918
D3,2.7350001335144043
D6,8.523000717163086
D5,1.9589999914169312
L2,8.453999519348145
L6,4.640666564305623
C3,1.7950000762939453
E6,1.6759999990463257
O5,2.1760001182556152
N4,1.75600004196167
M4,2.374249905347824
F1,2.1510000228881836
O2,1.7630000114440918
C4,9.428000450134277
O1,12.305000305175781
E6,7.560999870300293
I3,1.753999948501587
N5,4.228999614715576
B4,2.7280001640319824
A5,6.364999771118164
C4,22.42799949645996
E2,5.338000297546387
C3,2.621000051498413
J3,16.389999389648438
H6,5.96999979019165
C6,2.2049999237060547
D4,5.638399767875671
O5,1.5829999446868896
E5,5.947000217437744
D4,2.2320001125335693
G6,14.108000755310059
N5,5.061000347137451
N1,8.746000289916992
O6,2.11899995803833
K3,5.572999954223633
A6,4.710999965667725
E3,8.628999710083008
G2,2.072000026702881
G4,3.193000078201294
K2,7.349999904632568
C4,9.569000244140625
I2,1.593000054359436
L1,7.973999500274658
E4,1.6640000343322754
J2,5.355000019073486
K1,13.496999740600586
B5,7.141999816894531
M2,9.458999633789062
L2,1.6619999408721924
H4,12.709000587463379
K1,2.1029999256134033
D3,2.1559998989105225
N6,1.6299999952316284
J3,5.421000003814697
K2,26.486000061035156
A6,1.7089999914169312
M4,14.638999938964844
K6,3.772666573524475
N6,1.5759999752044678
N1,7.482000350952148
O6,15.75
L3,1.8530000448226929
G3,1.6410000324249268
C3,4.373000144958496
M2,1.6829999685287476
B2,9.010000228881836
K4,1.7669999599456787
F1,2.1550002098083496
K3,8.491000175476074
O4,10.769999504089355
P1,4.703000068664551
A2,2.325000047683716
D5,1.7879999876022339
D3,2.0444999734560647
G4,1.7310000658035278
D6,2.7839999198913574
A4,9.401000261306763
K3,1.8530000448226929
N6,1.7120000123977661
F1,7.168999671936035
E3,5.109000205993652
P6,3.172999858856201
F1,6.312000274658203
F2,1.556999921798706
G2,2.0230000019073486
A3,12.309000015258789
L4,1.8660000562667847
C2,1.8320000171661377
E6,4.585999965667725
C3,17.303998947143555
N1,12.76200008392334
I1,1.8949999809265137
J5,2.3399999141693115
E4,2.4769999980926514
G6,1.5839999914169312
D6,2.240000009536743
B6,1.7580000162124634
O1,5.745999813079834
N6,2.6703333655993142
M5,8.293000221252441
E2,10.084000587463379
J6,13.234999656677246
L3,14.154000282287598
E5,6.210999965667725
G1,1.8609999418258667
A3,10.230000495910645
A1,2.078000068664551
C3,3.8315998792648314
O5,4.7129998207092285
H1,1.9859999418258667
F1,21.30299949645996
N6,5.53000020980835
B4,10.10099983215332
K6,1.590000033378601
L2,6.122999668121338
L2,5.706999778747559
D2,12.625
L5,1.7059999704360962
I1,6.185999870300293
P3,2.1540000438690186
N2,1.7130000591278076
I3,10.289999961853027
L6,6.9670000076293945
C5,1.7190001010894775
O6,2.0949997901916504
C6,1.9880000352859497
P5,1.5600000619888306
D1,1.8639999628067017
N3,16.058000564575195
F3,1.9189999103546143
P5,4.036200094223022
A1,15.857999801635742
E6,1.7940000295639038
E2,12.973999977111816
C3,2.682999849319458
I6,1.6859999895095825
O4,11.620800018310547
B2,2.1089999675750732
C5,8.967000007629395
K5,19.725000381469727
L3,4.197000026702881
M1,2.6679999828338623
H5,4.730999946594238
K3,5.419999599456787
O1,2.3429999351501465
F4,8.168000221252441
K6,8.821999549865723
E6,9.10200023651123
L2,2.2770001888275146
F4,8.645999908447266
E4,1.7259999513626099
M1,11.854999542236328
F1,1.808000087738037
L5,1.7640000581741333
L1,12.361999702453613
O6,2.128000020980835
N1,8.806000709533691
P3,3.932999849319458
M3,14.75
B4,3.7829999923706055
K6,2.690000057220459
N1,1.7030000686645508
O6,2.1077499091625214
B3,5.119999885559082
G3,1.6589999198913574
P5,1.6120001077651978
A1,3.55400013923645
I2,2.1449999809265137
C3,10.489999771118164
L5,11.714000701904297
O3,12.370000123977661
B1,5.371999740600586
H4,1.5429999828338623
D5,14.685999870300293
A5,2.1440000534057617
B1,1.9270000457763672
J1,1.6959999799728394
L4,1.6579999923706055
C1,2.504999876022339
B6,14.03499984741211
A1,2.2109999656677246
M2,1.7020000219345093
C3,1.6629999876022339
O2,4.705000400543213
F3,1.7079999446868896
F3,2.675999879837036
J5,4.935999870300293
J1,2.013599920272827
G6,1.9829999208450317
P2,11.784000396728516
O4,1.6720000505447388
L5,1.7319999933242798
M3,6.6419997215271
L6,8.114999771118164
C1,1.7289999723434448
G5,6.428999900817871
O2,1.8990000486373901
K4,6.677000045776367
L6,6.3939995765686035
M1,3.4129998683929443
C6,5.633999824523926
K4,1.875999927520752
P6,3.4090001583099365
O1,7.506999969482422
K2,5.263000011444092
D4,1.8700000047683716
C2,7.165999889373779
A4,7.965999603271484
J4,2.0959999561309814
G5,12.394000053405762
D4,1.6959999799728394
P2,13.380000114440918
P2,6.113000392913818
G3,1.8119999170303345
B4,3.190999984741211
F4,15.09000015258789
H6,5.085000038146973
G2,1.7079999446868896
D6,14.32699966430664
B5,2.30899977684021
P1,1.9180001020431519
O6,15.969000816345215
H4,1.590000033378601
C4,2.06499981880188
F6,15.342000007629395
P4,1.649999976158142
I5,14.1899995803833
D1,1.6009999513626099
G6,17.020000457763672
K3,4.246666828791301
L4,1.5360000133514404
J1,1.8870000839233398
P1,1.7710000276565552
J3,2.3790000081062317
G2,11.943999290466309
A1,5.960999965667725
C5,5.493000030517578
H3,1.5350000858306885
I3,4.946000099182129
A2,11.774999618530273
F4,1.6169999837875366
F2,17.086999893188477
O1,13.486000061035156
D2,38.970001220703125
A1,1.5389999151229858
P5,6.980000019073486
J4,1.6510000228881836
M2,7.486999988555908
B1,1.7669999599456787
E4,1.7039999961853027
A5,1.9690001010894775
J3,1.74399995803833
J4,1.7989999055862427
P6,2.7170000076293945
P3,7.639000415802002
O6,2.9539999961853027
F4,1.625
L6,2.0290000438690186
M6,1.8459999561309814
B1,7.666999816894531
F1,1.7310000658035278
O2,1.5660001039505005
A2,7.389999866485596
P5,1.847000002861023
J4,9.092999458312988
G2,5.621000194549561
I3,1.6150000095367432
O3,2.0490000247955322
H3,8.476999282836914
A4,1.7030000686645508
F3,1.6399999856948853
N5,6.550000190734863
B2,1.809000015258789
A6,1.5460000038146973
P3,5.1660003662109375
A3,1.649999976158142
F5,4.36299991607666
O2,1.6759999990463257
H3,11.180999755859375
D5,13.876999855041504
D2,11.816999435424805
H3,1.7860000133514404
L5,17.06999969482422
C2,2.447333296140035
D1,16.74799919128418
G3,6.933000087738037
J2,10.16100025177002
B2,1.840000033378601
O4,4.004000186920166
J4,4.219000339508057
M3,9.531000137329102
L4,6.748000144958496
C4,1.5670000314712524
O1,1.9589999914169312
G1,2.1610000133514404
J3,4.2179999351501465
D4,2.1389999389648438
G3,1.5740000009536743
D5,6.36899995803833
G5,1.553999900817871
J5,3.0149998664855957
E4,1.875999927520752
B6,7.180000305175781
F1,7.276000022888184
I3,4.4039998054504395
H6,10.79699993133545
C4,3.872999906539917
P3,9.810999870300293
E6,4.641000270843506
P1,2.194000005722046
N6,8.920000076293945
K3,1.5429999828338623
H2,1.590000033378601
P6,1.684000015258789
D3,1.88100004196167
N4,2.197999954223633
P6,2.6670000553131104
N2,1.8539999723434448
E5,1.7109999656677246
F5,2.0850000381469727
N2,1.774999976158142
J4,1.569000005722046
H2,2.0480000972747803
C5,2.1559998989105225
B4,6.980000019073486
J3,1.7259999513626099
I6,1.8860000371932983
G6,4.855000019073486
L5,1.8149999380111694
E2,9.989999771118164
A4,2.0810000896453857
I6,1.7389999628067017
J5,2.3540000915527344
D1,2.1217500269412994
P2,10.498000144958496
N5,9.965999603271484
G2,1.555999994277954
D1,3.9160001277923584
B5,1.7450000047683716
I6,26.636999130249023
E4,5.249000072479248
N5,1.7450000047683716
E6,1.6710000038146973
B5,1.7310000658035278
O4,2.3459999561309814
E1,2.052999973297119
D5,2.2710001468658447
B1,2.0460000038146973
F4,1.915000081062317
B2,6.622000217437744
I3,8.345999717712402
K4,3.192000150680542
J2,3.092166543006897
K4,2.1449999809265137
N1,2.13100004196167
N3,2.0969998836517334
A5,14.270000457763672
K2,2.0920000076293945
B6,4.436999797821045
N4,1.6979999542236328
K4,13.434999465942383
L3,4.718999862670898
K5,1.5870000123977661
L6,19.93199920654297
G5,8.511000633239746
H6,12.450500011444092
D2,6.118000030517578
D4,1.9219999313354492
M3,2.0360000133514404
D6,1.7319999933242798
A3,1.7541999816894531
D3,2.313999891281128
F1,1.5729999542236328
B6,2.3239998817443848
E2,1.7059999704360962
J3,2.486999988555908
N6,15.045000076293945
K1,1.8040000200271606
I5,1.746000051498413
D2,6.267000198364258
P6,13.357000350952148
H4,1.7590000629425049
O3,1.7319999933242798
M4,7.215000152587891
J6,1.8799999952316284
E4,13.006166696548462
O5,1.8260000944137573
M1,6.7220001220703125
N5,3.7581666310628257
C3,216.81900024414062
O4,26.21299934387207
F2,8.416999816894531
I6,1.972999930381775
D2,8.83799934387207
M5,1.684000015258789
I5,1.8389999866485596
I3,9.020999908447266
L1,1.7590000629425049
B6,1.71999990940094
L2,4.294000148773193
I2,8.85200023651123
D3,1.878999948501587
M3,1.8960000276565552
M1,17.672000885009766
K3,12.776999473571777
E1,1.812999963760376
C6,7.617499887943268
P5,2.4230000972747803
J1,6.448000431060791
B6,3.172999858856201
C2,4.8349995613098145
O2,2.434000015258789
A6,6.258999824523926
A2,1.5889999866485596
D3,7.926999568939209
A4,8.54699993133545
M1,7.818999767303467
G6,1.8350000381469727
K3,2.2939999103546143
M3,2.4210000038146973
M3,2.820000171661377
M2,4.904000282287598
J3,1.8990000486373901
G2,8.15000057220459
O5,5.0320000648498535
E1,1.9249999523162842
G5,1.8720000982284546
D5,1.7529999017715454
I4,2.1019999980926514
D1,1.749000072479248
O6,1.534000039100647
C1,6.624000072479248
F1,3.4839999675750732
J3,13.97599983215332
I6,13.543000221252441
C4,1.6180000305175781
D5,11.795000076293945
P4,2.0930001735687256
I2,1.7969999313354492
N1,6.244333585103353
L1,2.9819998741149902
E2,3.1519999504089355
A1,60.67399978637695
K2,5.860000133514404
E2,4.420000076293945
I6,1.8370000123977661
C4,14.440999984741211
J4,3.299999952316284
A5,8.854000091552734
I1,1.6120001077651978
C4,9.08899974822998
H4,5.448999881744385
G6,10.581999778747559
M4,1.9519999027252197
C1,8.409000396728516
J2,8.458999633789062
L2,6.0410003662109375
K1,5.805000305175781
H4,1.5780000686645508
J6,1.8519999980926514
A2,1.6410000324249268
P1,1.5260000228881836
J6,1.8489999771118164
L4,5.716000080108643
J2,4.953000068664551
B4,1.815999984741211
B2,6.744999885559082
P2,8.72800064086914
L5,2.008999824523926
B5,2.0910000801086426
K1,7.811999797821045
B2,2.432999849319458
A3,1.7139999866485596
F5,4.308000087738037
F1,3.6670000553131104
C6,1.624000072479248
A3,1.934000015258789
E4,7.253000259399414
H1,10.677999496459961
O3,1.9189999103546143
J1,21.331998825073242
L5,7.168999671936035
G2,1.5230000019073486
J6,1.8550000190734863
F6,1.746000051498413
G4,8.090999603271484
O1,2.1089999675750732
J2,8.887999534606934
M6,9.67300033569336
A4,1.6150000095367432
D5,13.571000099182129
D2,2.18500018119812
H1,11.032000541687012
P5,8.418000221252441
B4,6.045000076293945
N4,2.328000068664551
C2,13.105000495910645
K3,1.8609999418258667
C4,1.871000051498413
J3,2.580000162124634
L2,1.7760000228881836
O4,4.966000080108643
M5,6.88100004196167
E3,2.2690000534057617
M6,7.371999740600586
B1,1.906999945640564
E6,14.060999870300293
H4,20.283000946044922
E1,8.666000366210938
P4,2.2920000553131104
C6,1.927600049972534
F6,1.8880000114440918
E2,12.182000160217285
J1,12.028999328613281
C5,17.735000610351562
E4,1.7689999341964722
A1,2.245000123977661
O2,6.618000030517578
I2,4.955999851226807
K6,1.6080000400543213
G3,13.246000289916992
I4,1.5709999799728394
G6,1.9480000734329224
P1,5.0320000648498535
I1,9.639999389648438
C3,2.2990000247955322
J5,2.2680001258850098
J3,2.3610000610351562
A2,1.9110000133514404
N3,5.956999778747559
J4,6.802999973297119
B2,21.368000030517578
I2,6.0885998725891115
C5,3.2939999103546143
N3,1.5299999713897705
A3,1.9429999589920044
O5,2.075000047683716
D1,2.128000020980835
K6,2.1069998741149902
P2,16.047000885009766
A1,1.6110000610351562
K1,3.069000005722046
A4,11.293999671936035
P5,5.4830002784729
D3,11.628000259399414
I1,1.7160000801086426
L3,1.694000005722046
C2,13.951000213623047
K4,1.680999994277954
P1,1.899999976158142
I1,2.2750000953674316
A3,3.0420000553131104
F4,9.483999252319336
J1,2.63100004196167
P4,1.7009999752044678
I2,1.7179999351501465
A3,6.973999977111816
O5,2.0739998817443848
I2,2.38100004196167
I5,8.440999984741211
H6,8.481999397277832
G6,6.607999801635742
B3,7.1020002365112305
A6,1.9630000591278076
H1,1.5180000066757202
M2,8.434999465942383
H1,5.2170000076293945
F3,1.8329999446868896
I1,11.081999778747559
B5,11.213000297546387
M5,1.8040000200271606
B3,1.7480000257492065
I3,1.6850000619888306
L4,1.6790000200271606
G5,3.5460000038146973
B3,2.313999891281128
A3,7.25600004196167
K4,2.6070001125335693
H5,1.7059999704360962
K6,2.187999963760376
A6,5.052000045776367
A5,4.568400144577026
A1,8.482999801635742
A6,7.14900016784668
M6,1.6899999380111694
L3,3.822999954223633
B4,16.04400062561035
C6,1.625
B3,2.802999973297119
D3,1.9980000257492065
F6,10.170999526977539
A1,1.805999994277954
I1,1.6700000762939453
K5,6.070000171661377
O3,7.590999603271484
N1,2.5
K3,21.54199981689453
A1,1.7689999341964722
M2,1.8279999494552612
M5,1.9809999465942383
B4,8.586999893188477
F1,3.8429999351501465
G1,2.7250001430511475
H3,1.9570000171661377
N2,2.625
C5,1.6579999923706055
G3,1.8260000944137573
K3,4.678000450134277
E2,1.9739998579025269
G6,1.6480000019073486
C4,8.515000343322754
J5,1.590000033378601
O2,1.7170000076293945
H6,4.9070000648498535
M1,11.804999351501465
K2,2.684000015258789
E2,1.7020000219345093
E6,1.5630000829696655
G5,4.292999744415283
L5,2.0510001182556152
P5,1.972999930381775
O2,2.5869998931884766
A3,2.2819998264312744
H1,9.418999671936035
B3,2.2740001678466797
K2,2.366000175476074
A5,2.372999906539917
N6,1.6790000200271606
K4,1.559000015258789
L1,6.544000148773193
J1,2.055000066757202
B3,1.7039999961853027
N3,1.656000018119812
G3,8.484000205993652
M1,1.5080000162124634
J1,1.8350000381469727
B3,1.7630000114440918
E2,1.625
F5,1.9490000009536743
D2,2.0235999584198
B2,1.6029999256134033
G3,7.99299955368042
M4,11.56399917602539
N1,1.8119999170303345
E6,1.7079999446868896
M1,1.5670000314712524
I4,4.877999782562256
G2,3.0460000038146973
G5,1.9259999990463257
I6,4.681999683380127
H6,1.6740000247955322
P5,7.796000003814697
J1,1.9759999513626099
G6,15.163000106811523
E1,1.590000033378601
B4,8.360000610351562
H2,2
L3,2.002000093460083
K1,5.747000217437744
P3,8.489999771118164
B3,2.254999876022339
L6,7.685999870300293
I1,4.635000228881836
D1,19.08799934387207
P5,1.534000039100647
L3,5.980500280857086
P6,3.5810000896453857
D2,13.511000633239746
P4,1.8029999732971191
K4,1.9839999675750732
E5,8.902000427246094
A1,6.140999794006348
N3,4.869999885559082
P3,4.836999893188477
C4,2.4140000343322754
K5,9.952000617980957
J1,14.241000175476074
H4,2.6430001258850098
C5,7.946000576019287
D5,4.430999755859375
M1,1.7839999198913574
N1,2.3439998626708984
H4,5.688000202178955
I5,2.253999948501587
A1,3.070000171661377
M1,1.7929999828338623
G5,3.319999933242798
A4,2.4200000762939453
I1,10.866999626159668
J6,1.6360000371932983
J4,2.5210001468658447
B4,2.0870001316070557
H3,4.714000225067139
D3,3.258999824523926
E2,7.216000080108643
K4,15.11299991607666
E2,4.672999858856201
O2,8.526000022888184
M2,1.7419999837875366
F5,1.8550000190734863
G6,9.182999610900879
P5,1.5750000476837158
B2,1.6790000200271606
F4,6.9679999351501465
K3,7.408999919891357
P3,2.069999933242798
M3,2.117000102996826
N4,13.092000007629395
J4,5.111999988555908
L1,6.906000137329102
G1,6.619999885559082
G2,2.8530001640319824
O1,1.7369999885559082
B6,2.0310001373291016
L6,13.251999855041504
F3,8.809999465942383
J4,1.9690000057220458
L5,1.9470000267028809
M5,14.286999702453613
M6,2.260999917984009
M1,8.28600025177002
B5,2.052999973297119
D1,4.947000026702881
B3,2.2819998264312744
K1,10.057000160217285
D4,1.9930000305175781
E5,4.101800012588501
N6,2.005999803543091
F4,9.51099967956543
A6,1.694000005722046
C6,1.6330000162124634
K6,2.6670000553131104
G1,4.505000114440918
L5,14.37399959564209
P5,8.04699993133545
H2,1.9499999284744263
K6,7.2820000648498535
N3,2.184000015258789
B2,4.230000019073486
O1,1.7650001049041748
P2,1.8519999980926514
P3,7.410999774932861
O5,3.4010000228881836
B1,14.345999717712402
C3,2.0290000438690186
A2,7.666799831390381
K5,6.577000141143799
C1,19.79199981689453
G4,3.980999708175659
N4,8.907999992370605
E5,9.597000122070312
A3,2.0179998874664307
C6,1.5230000019073486
G1,9.549999237060547
C5,3.873999834060669
F6,1.7400000095367432
O2,12.6850004196167
J3,2
C1,1.971000075340271
O3,6.372999668121338
H6,1.565000057220459
K3,3.312000036239624
I5,1.4459999799728394
J4,9.197999954223633
K2,1.906999945640564
H2,5.297999858856201
D3,1.7620000839233398
B1,1.9720001220703125
D1,5.332000255584717
D4,1.531000018119812
I6,2.1039998531341553
I6,1.5870000123977661
F4,5.609999656677246
H4,13.913000106811523
B5,12.942999839782715
M4,1.8220000267028809
I6,1.562000036239624
K3,10.777999687194825
L6,1.6890000104904175
B6,5.232999801635742
D3,1.9450000524520874
J1,5.480999946594238
J1,1.7170000076293945
M1,10.02299976348877
F4,4.703000068664551
B1,4.220999717712402
E2,7.769999980926514
H4,7.669000148773193
O5,1.7650001049041748
P2,15.170999526977539
O6,2.369999885559082
L2,2.3489999771118164
F4,1.593999981880188
K1,1.9180001020431519
B3,8.293000221252441
K2,3.201800012588501
B2,1.628999948501587
A6,2.8550000190734863
M2,1.970000147819519
P5,1.7340000867843628
E6,1.8100000619888306
B4,3.5850000381469727
N2,11.678000450134277
N1,6.872000217437744
G4,1.6730000972747803
J5,1.809000015258789
M1,10.185999870300293
E4,1.9720001220703125
L3,1.8509999513626099
G6,13.659000396728516
E5,8.276000022888184
F4,2.0705001056194305
D4,5.503000259399414
N2,2.2770001888275146
D3,13.831999778747559
F2,4.1438000202178955
B6,2.186000108718872
L5,7.992000102996826
E3,5.998000144958496
J3,5.223999977111816
P1,3.686999797821045
E3,11.053999900817871
K4,1.9859999418258667
A1,1.9660000801086426
O4,8.876999855041504
L6,8.776000022888184
E3,6.515999794006348
F3,8.717999458312988
K5,9.345999717712402
E5,4.658999919891357
G2,2.008999824523926
B4,1.6829999685287476
I2,1.7039999961853027
P2,2.241000175476074
O3,1.6380000114440918
E1,11.008000373840332
E5,1.7650001049041748
J3,2.0859999656677246
I2,8.279000282287598
G2,9.977999687194824
J6,2.30525004863739
I1,8.484000205993652
A4,2.9562000274658202
O5,8.550000190734863
F3,1.8560000658035278
K5,12.449999809265137
O4,9.269000053405762
E6,2.069000005722046
N6,2.809999942779541
B3,4.7230000495910645
B5,2.812999963760376
O1,1.7829999923706055
A4,3.3470001220703125
J1,1.7310000658035278
H2,1.878000020980835
M2,2.3970000743865967
K3,2.117000102996826
I6,1.8550000190734863
I1,2.1599998474121094
O6,3.9719998836517334
B5,13.925000190734863
P1,1.7100000381469727
G1,8.76099967956543
H2,2.069000005722046
G5,1.7590000629425049
G4,1.7699999809265137
C5,1.8179999589920044
E5,12.39799976348877
C2,1.7450000047683716
B3,1.902000069618225
A5,4.879000186920166
L1,2.759000062942505
F1,1.7610000371932983
M4,3.049999952316284
O2,6.9670000076293945
N5,2.9790000915527344
H3,15.235000610351562
F6,13.215999603271484
N6,1.9550000429153442
N5,1.5410000085830688
N2,7.276000022888184
H4,8.482999801635742
C6,8.442999839782715
H1,1.7610000371932983
E5,3.6500000953674316
I3,9.984999656677246
B6,1.7209999561309814
D5,1.5660001039505005
H5,1.555999994277954
C3,1.6129999160766602
I1,9.440000534057617
P2,2.2669999599456787
B1,14.189000129699707
B6,6.740999698638916
J3,6.918000221252441
D3,7.61299991607666
J2,11.95199966430664
F1,6.831999778747559
B1,6.246000289916992
E4,1.902999997138977
L4,14.453999519348145
H2,5.2789998054504395
K2,3.5939998626708984
A1,5.932999610900879
B5,1.9809999465942383
K6,6.327000141143799
L6,3.4060001373291016
C2,10.569999694824219
H2,8.394000053405762
J4,3.1930001378059387
B2,1.8299999237060547
A2,14.914999961853027
J5,4.720999717712402
D6,1.9499999284744263
O6,27.322999954223633
C2,2.308000087738037
L4,1.628000020980835
G2,3.6100001335144043
J5,1.5999999046325684
F2,2.421999931335449
C4,3.4700000286102295
A4,10.166999816894531
P5,4.515999794006348
B6,1.819000005722046
D3,1.9690001010894775
J4,4.8389997482299805
P6,5.076800107955933
K3,9.979000091552734
C6,1.553999900817871
H1,7.087000370025635
P2,7.244000434875488
N5,5.044000148773193
I1,4.476000142097473
K6,4.62399959564209
F5,1.6050000190734863
G1,1.5549999475479126
B4,4.15500020980835
I3,1.7979999780654907
K2,14.071000099182129
L3,11.788000106811523
A5,1.9559999704360962
F5,3.5360000133514404
N4,2.06499981880188
A5,32.246002197265625
N6,3.7260000705718994
L3,8.927250623703003
A4,1.6730000972747803
K6,8.85099983215332
C4,3.747999906539917
G4,1.596000075340271
H5,7.796000003814697
M1,5.615000247955322
J4,1.7400000095367432
I5,2.0799999237060547
N4,8.426000595092773
F6,1.912000060081482
H3,6.124800109863282
M5,14.680000305175781
E4,1.5290000438690186
P5,2.052000045776367
K4,1.7239999771118164
C6,14.907999992370605
P6,5.124000072479248
N6,1.7969999313354492
I4,14.831999778747559
I5,1.9592000246047974
E4,1.940999984741211
F5,13.128999710083008
J6,4.910000324249268
H4,1.6850000619888306
N6,3.1679999828338623
D5,1.9519999027252197
F4,8.300000190734863
C6,7.002999782562256
L3,13.306000709533691
F3,8.946000099182129
O5,1.684000015258789
J2,1.71999990940094
B4,1.6390000581741333
F3,1.944000005722046
P3,13.508999824523926
O6,3.7779998779296875
G5,6.704999923706055
P4,4.180000305175781
J1,2.188999891281128
H5,2.1520001888275146
B6,2.259000062942505
G5,2.2770001888275146
L3,8.914000511169434
H3,1.7030000686645508
A5,1.8771999835968018
J2,8.963500022888184
E3,12.633999824523926
L5,1.815999984741211
E1,3.200833320617676
C1,2.375
G3,11.609000205993652
E2,1.8230000734329224
I5,9.321000099182129
O4,2.0139999389648438
M6,2.003999948501587
E2,1.9989999135335286
O4,1.6299999952316284
A6,12.8149995803833
I3,1.746999979019165
C4,1.7170000076293945
M6,7.446000099182129
F6,12.27400016784668
D3,1.5609999895095825
C4,1.5549999475479126
M5,1.6720000505447388
I5,1.6820000410079956
O2,1.6859999895095825
M5,1.6779999732971191
I3,1.9930000305175781
A6,1.6059999465942383
M4,2.052999973297119
N4,6.888999938964844
P1,9.506000518798828
A4,13.998000144958496
B5,1.9529999494552612
B4,2.063999891281128
M2,1.7100000381469727
N5,7.415999889373779
L6,8.71399974822998
I5,1.9300000667572021
E4,2.2239999771118164
G3,1.6850000619888306
M3,5.051000118255615
B6,1.5350000858306885
G3,8.477999687194824
L5,1.7430000305175781
B3,2.486999988555908
G5,3.128000020980835
I1,3.7730000019073486
F5,1.6129999160766602
D5,1.7640000581741333
F1,1.6439999341964722
E4,5.019999980926514
M4,3.4709999561309814
J4,2.7200000286102295
N2,5.113999843597412
O3,1.6449999809265137
H3,1.9660000801086426
O6,3.1630001068115234
B3,8.651999473571777
C1,1.694000005722046
N4,9.057000160217285
C3,1.8410000801086426
P5,8.108999252319336
H5,1.7310000658035278
B2,3.6480000019073486
D3,1.906999945640564
G1,13.492000579833984
F1,2.246000051498413
O5,4.671000003814697
M1,1.6629999876022339
I5,1.9980000257492065
G2,4.395999908447266
N4,4.085999965667725
D1,4.88700008392334
M3,4.732999801635742
N3,2.0810000896453857
E5,12.256999969482422
A3,1.8560000658035278
K6,2.0409998893737793
N6,1.8370000123977661
H5,7.234000205993652
K6,1.8220000267028809
F1,1.6420000791549683
D3,1.5640000104904175
C4,1.684000015258789
C3,6.263500213623047
C4,13.282999992370605
L2,19.243999481201172
H5,1.590000033378601
N3,1.8119999170303345
K6,13.65999984741211
B1,7.926999568939209
C2,7.2170000076293945
G1,7.26200008392334
L1,1.902999997138977
C3,1.6660000085830688
J2,1.6649999618530273
L6,7.89900016784668
N2,2.3380000591278076
I2,1.6880000829696655
J2,1.8630000352859497
N6,1.906999945640564
P6,1.5479999780654907
H4,4.729000091552734
G3,1.722000002861023
O6,18.621000289916992
E6,1.5470000505447388
N4,7.2260003089904785
J5,2.2929999828338623
N2,2.797999858856201
G1,6.578999996185303
E2,6.746000289916992
E3,8.312000274658203
K5,12.005000114440918
J4,4.434999942779541
B6,8.589000701904297
C5,2.6660001277923584
G4,5.129000186920166
I4,2.1480000019073486
A1,9.015000343322754
J2,2.32099986076355
M4,1.587999939918518
G6,3.1685998678207397
C3,1.933000087738037
K5,7.480000019073486
H6,1.781999945640564
L2,7.284999847412109
E2,1.6540000438690186
A1,1.6449999809265137
K5,9.72700023651123
A5,18.35300064086914
C5,11.567400169372558
B3,1.8899999856948853
I5,6.388999938964844
L1,12.253999710083008
A1,6.560999870300293
E2,13.347000122070312
N5,5.50499963760376
I5,8.481999397277832
F6,2.378999948501587
H5,1.9851667284965515
G5,1.6489999294281006
C2,1.9219999313354492
E6,1.8939999341964722
F3,2.75
N1,4.937000274658203
E2,14.596000671386719
C6,1.9499999284744263
M6,4.850000381469727
I1,3.5999999046325684
D3,4.693000316619873
P3,5.392999649047852
L1,1.5670000314712524
O5,5.001999855041504
C5,1.6449999809265137
F1,2.0190000534057617
M3,6.916999816894531
N5,1.6549999713897705
D2,6.8520002365112305
D6,1.7829999923706055
D1,7.453000068664551
M2,2.577000141143799
G2,3.8580000400543213
B6,7.952000141143799
M1,1.9459999799728394
G2,13.326000213623047
C4,1.7989999055862427
N3,2.1510000228881836
C6,5.7230000495910645
N3,7.210999965667725
K1,20.09600067138672
P5,1.625
G1,6.7230000495910645
I5,7.950000286102295
C6,2.7109999656677246
O4,7.224999904632568
H4,3.6069998741149902
P6,4.581000030040741
G4,6.01200008392334
M1,57.71800231933594
F1,1.6399999856948853
D5,7.714999675750732
O1,2.0269999504089355
J2,2.0190000534057617
O2,4.079999923706055
A1,5.486999988555908
P5,1.9620000123977661
D4,3.2079999446868896
L1,1.971000075340271
C1,1.6759999990463257
K6,17.518001556396484
P2,1.5859999656677246
J4,5.881999969482422
D6,1.562000036239624
J3,2.0460000038146973
K5,6.089000225067139
O3,13.9399995803833
I1,1.7190001010894775
H3,1.8619999885559082
D4,1.915000081062317
F2,1.7869999408721924
D5,2.11299991607666
O5,1.864799976348877
N3,5.109000205993652
I3,1.5750000476837158
B6,4.611000061035156
I5,7.572999954223633
O1,1.7089999914169312
H2,1.553999900817871
D1,3.2720000743865967
P1,8.910999298095703
N1,1.9079999923706055
L4,2.3610000610351562
O6,2.2819998264312744
L5,1.8840000629425049
H2,1.7000000476837158
M5,2.058000087738037
B6,1.7350000143051147
D3,1.5810000896453857
F2,7.289999961853027
G5,57.39099884033203
J6,4.9670000076293945
E4,1.6410000324249268
E2,8.81399917602539
L1,2.676999807357788
E5,4.711999893188477
L6,1.6749999523162842
F1,7.364999771118164
N4,3.5260000228881836
L4,12.121000289916992
D3,6.134000301361084
I6,1.687000036239624
E1,2.753000020980835
P6,2.187999963760376
M3,9.088000297546387
P6,2.184000015258789
N2,5.218999862670898
N6,1.5190000534057617
D3,1.9429999589920044
P6,2.118000030517578
O5,8.52400016784668
B6,1.5299999713897705
D2,5.570999622344971
G2,1.8539999723434448
I3,1.6890000104904175
K4,2.578599977493286
D2,1.5709999799728394
F6,5.151000022888184
N5,3.5260000228881836
L1,1.8600000143051147
F3,2.1989998817443848
C3,1.6959999799728394
G2,1.5770000219345093
B1,4.243000030517578
B1,5.266000270843506
I2,2.0460000038146973
O6,1.8669999837875366
K3,10.51099967956543
N4,7.370999813079834
M6,5.594000339508057
N5,1.9270000457763672
K6,17.743000030517578
O1,11.231499354044596
E1,7.190999984741211
M6,1.9490000009536743
D4,2.059000015258789
B6,2.3930001258850098
B6,3.121600103378296
O1,1.596000075340271
N4,5.179999828338623
I4,4.249000072479248
N2,8.440999984741211
K4,3.6679999828338623
J4,2.455199956893921
B5,8.503000259399414
K5,11.261000633239746
G2,1.6459999084472656
I3,1.6589999198913574
J3,10.057999610900879
L6,1.9519999027252197
O3,1.6420000791549683
N1,14.029000282287598
N3,1.6159999370574951
J2,10.013999938964844
J4,1.6679999828338623
E6,4.714000225067139
O6,4.530999660491943
K2,1.7719999551773071
J4,1.8889999389648438
G5,3.6100001335144043
O5,4.501999855041504
L3,1.7719999551773071
L5,1.902000069618225
I3,15.244999885559082
M2,1.6480000019073486
O3,1.5660001039505005
D2,1.6180000305175781
H5,1.6720000505447388
P2,1.7989999055862427
P1,18.64000129699707
C4,1.9249999523162842
H3,1.8420000076293945
K1,8.432000160217285
M6,4.732000350952148
I3,9.769000053405762
K3,1.5870000123977661
H6,2.518000054359436
A1,8.493000030517578
I4,1.8960000276565552
C2,2.135999917984009
B4,3.6100001335144043
F2,3.4010000228881836
C2,12.567000389099121
A4,3.7130000591278076
L4,2.115999937057495
P4,1.7269999980926514
M1,1.9889999628067017
D6,2.3459999561309814
K6,1.9079999923706055
C5,7.572000026702881
K3,14.512999534606934
N5,2.997999906539917
P6,1.9779999256134033
L5,4.026000022888184
G1,2.504999876022339
H6,1.9529999494552612
J1,9.677000045776367
O1,4.8470001220703125
C6,4.789000034332275
A1,7.557000160217285
D2,4.9629998207092285
O3,2.444999933242798
C2,2.003999948501587
J2,2.180999994277954
A4,1.691999912261963
N2,7.644000053405762
L4,1.8070000410079956
K2,1.5709999799728394
C3,1.7049999237060547
H5,2.4000000953674316
F1,1.6009999513626099
D1,2.3320000171661377
L2,1.8860000371932983
A4,2.305000066757202
I5,1.9799998998641968
C1,1.6299999952316284
E5,6.581999778747559
O6,10.128999710083008
M3,3.317000150680542
K3,14.120999336242676
J5,22.240999221801758
I1,4.424000263214111
J5,1.850000023841858
J5,1.8410000801086426
O6,5.706000328063965
B1,2.501999855041504
C1,13.477999687194824
J1,1.6799999475479126
C3,1.7929999828338623
G5,2.121000051498413
D1,9.077000617980957
K3,2.9660000801086426
E5,2.2100000381469727
E4,2.2980000972747803
A2,2.131999969482422
B1,2.0789999961853027
B1,4.356333374977112
C5,4.435999870300293
P4,3.32099986076355
N3,3.9189999103546143
C5,7.480000019073486
A6,1.9832500517368317
L5,1.7669999599456787
G1,1.999000072479248
K5,2.2309999465942383
A5,9.467000007629395
M6,1.8299999237060547
F6,2.0119998455047607
H2,1.7699999809265137
L6,1.8830000162124634
O5,2.2939999103546143
O1,1.777999997138977
H4,7.822000503540039
H3,2.996000051498413
I6,4.915666500727336
G6,6.999600172042847
A3,2.5290000438690186
F4,7.3520002365112305
F1,5.13100004196167
L1,18.417999267578125
L2,1.840000033378601
A2,2.38700008392334
F2,2.382999897003174
G4,1.625
B1,14.934000015258789
M4,6.341000080108643
J6,7.88700008392334
P2,3.059999942779541
L1,2.2239999771118164
F5,5.638000011444092
F5,2.132999897003174
O3,7.183000087738037
M1,2.4280002117156982
C3,1.9660000801086426
A4,4.156000137329102
L4,19.410200119018555
B4,1.7170000076293945
L5,4.836999893188477
P6,7.943999767303467
F5,4.234000205993652
A4,246.13699340820312
M5,5.049999713897705
O2,7.822000503540039
K2,7.238999843597412
C4,13.050000190734863
G6,5.291999816894531
K1,1.7519999742507935
B1,2.4800000190734863
G4,1.7379999160766602
M2,11.960000038146973
F6,3.7720000743865967
F2,1.7999999523162842
E2,4.457000255584717
J4,3.4119999408721924
H5,2.2109999656677246
O5,1.5660001039505005
N1,10.019999504089355
E5,10.071600151062011
L2,1.7359999418258667
G6,8.690999984741211
B4,2.0429999828338623
O5,13.741999626159668
G4,7.229000091552734
F2,3.322000026702881
A4,5.74500036239624
F6,1.909000039100647
E3,13.504000663757324
N4,3.882999897003174
G1,2.503000020980835
A4,11.276000022888184
F4,9.20300006866455
J6,8.430999755859375
H5,1.899999976158142
H3,7.61299991607666
K3,1.6480000019073486
M3,11.105999946594238
C5,5.043000221252441
M2,1.715000033378601
J1,1.5699999332427979
D6,14.842000007629395
C2,1.7120000123977661
P5,1.7920000553131104
O5,3.942000150680542
C5,7.888999938964844
G6,2.063000202178955
A5,2.5360000133514404
O4,1.5759999752044678
J4,2.7730000019073486
J3,1.6899999380111694
I6,6.4579997062683105
N4,1.7369999885559082
B1,1.9249999523162842
B5,1.876199984550476
N1,2.98799991607666
G6,1.6730000972747803
B5,2.628999948501587
K5,2.055999994277954
J3,1.71999990940094
O5,1.6540000438690186
G4,1.9889999628067017
M4,4.2179999351501465
I5,4.804999828338623
D4,6.9079999923706055
H3,4.566999912261963
A2,15.050999641418457
H1,4.232999801635742
H5,1.7319999933242798
L4,1.6260000467300415
L5,1.6480000019073486
P6,1.6679999828338623
M5,1.8939999341964722
E6,2.6480000019073486
J3,2.0179998874664307
K2,1.9199999570846558
H5,2.30899977684021
P2,1.5419999361038208
K1,1.7020000219345093
I2,10.18524980545044
J3,11.211000442504883
I2,2.203000068664551
P3,12.946999549865723
C5,1.6850000619888306
N2,9.820999145507812
M3,4.060999870300293
C5,4.437999725341797
N2,1.6660000085830688
M6,14.705000877380371
M1,4.873000144958496
H6,6.680000305175781
A2,16.604999542236328
C3,6.957000255584717
G5,1.8650000095367432
A1,6.062000274658203
G6,1.909000039100647
G6,8.542000770568848
J6,1.878000020980835
K3,1.472000002861023
I4,8.031999588012695
P1,5.892000198364258
L6,8.26099967956543
B1,2.4670000076293945
B3,18.154001235961914
K6,12.295999526977539
E1,7.158999919891357
P2,1.6039999723434448
G6,8.507999420166016
G1,9.561999320983887
J3,12.855999946594238
G4,1.7359999418258667
C3,2.496999979019165
J6,1.7549999952316284
D4,1.559000015258789
A1,1.9270000457763672
M4,8.232999801635742
O6,2.0160000324249268
B4,1.8690000772476196
F5,5.465000152587891
A6,8.434000015258789
C2,1.5609999895095825
K6,6.539000034332275
P6,16.4060001373291
H1,2.2899999618530273
I1,1.8007500171661377
A4,1.6009999513626099
N4,7.744999885559082
J5,4.069000244140625
B6,6.855000019073486
C2,1.6890000104904175
D3,14.168000221252441
F5,1.746999979019165
N6,1.7239999771118164
M4,1.7869999408721924
O5,1.624000072479248
M3,1.8260000944137573
J3,2.109999895095825
P3,1.7300000190734863
F4,2.2070000171661377
I1,1.5500000715255737
K2,6.308000087738037
B3,1.906000018119812
G4,24.860000610351562
M5,2.2879998683929443
A4,8.035999298095703
I2,2.702000141143799
F5,16.30500030517578
M2,2.76200008392334
G5,8.807000160217285
E6,2.1460001468658447
F6,2.7159998416900635
F4,1.5299999713897705
C5,4.443999767303467
N2,1.8909999132156372
L2,6.990000247955322
P3,8.970999717712402
C4,2.2380001544952393
N4,4.865999698638916
H2,1.7669999599456787
P4,2.117000102996826
M3,2.1039998531341553
G6,1.7239999771118164
H4,1.531000018119812
H4,1.6629999876022339
F3,1.587999939918518
F5,1.5410000085830688
G1,1.5660001039505005
F3,1.7379999160766602
M1,1.6970000267028809
C6,1.5500000715255737
H5,1.6769999265670776
L2,2.0799999237060547
O3,3.3604999780654907
K1,2.1050000190734863
M2,1.878000020980835
D1,5.043000221252441
H2,8.651999473571777
I4,2.0829999446868896
L1,5.117000102996826
E5,1.6390000581741333
M5,2.6211999893188476
J3,1.9660000801086426
G4,3.8389999866485596
I4,22.566999435424805
P3,1.8546000480651856
D4,2.0820000171661377
A3,1.7599999904632568
A4,1.6929999589920044
A5,4.171999931335449
M4,2.435999870300293
K5,1.8429999351501465
I2,14.964000701904297
F5,2.4417999267578123
N5,1.684000015258789
J6,2.5299999713897705
K1,1.6670000553131104
G6,6.831999778747559
M4,1.659999966621399
P4,1.8420000076293945
G3,8.426000595092773
I4,24.392000198364258
G5,1.627000093460083
O4,5.396999835968018
H2,1.7519999742507935
H1,2.4049999713897705
D2,1.5800000429153442
P2,2.009999990463257
J5,4.734000205993652
N1,6.72599983215332
F1,4.9029998779296875
O6,1.8240000009536743
M5,1.5870000123977661
H6,12.057000160217285
D6,2.2890000343322754
I6,11.156000137329102
P5,1.6679999828338623
E3,1.7899999618530273
L4,15.410000801086426
A2,2.388000011444092
B4,7.825000286102295
E5,1.8830000162124634
P6,1.8930000066757202
A2,1.6540000438690186
O3,17.658000946044922
P6,3.943000078201294
K3,4.3919997215271
C1,2.1089999675750732
N3,2.3380000591278076
A2,7.7820000648498535
G3,1.6660000085830688
G1,8.883000373840332
F1,5.190000057220459
E2,5.783999919891357
H5,4.257999897003174
N6,1.9630000591278076
A5,9.181000709533691
H2,7.331999778747559
H5,6.595999717712402
I6,1.7330000400543213
A2,9.995000839233398
E1,2.2130000591278076
D3,1.6850000619888306
L5,1.7100000381469727
O6,7.519000053405762
I2,7.711999893188477
C6,3.5399999618530273
E6,1.8359999656677246
H5,1.656000018119812
I4,1.840000033378601
P5,1.9240000247955322
E2,3.2960000038146973
H3,2.9539999961853027
C6,6.122000217437744
H3,1.8429999351501465
P1,39.7859992980957
K5,3.544166644414266
M3,1.9610000848770142
L1,2.0989999771118164
O4,11.765000343322754
C2,4.4019999504089355
I5,5.60699987411499
O3,1.8849999904632568
E3,6.26200008392334
N2,18.356998443603516
C2,4.265999794006348
K2,1.8279999494552612
N3,4.492000102996826
M3,1.5149999856948853
O1,3.1600000858306885
N2,2.563999891281128
M6,1.811000108718872
F1,20.06999969482422
I6,8.945800256729125
P2,2.492000102996826
G2,2.0480000972747803
O1,1.7300000190734863
G2,4.711999893188477
H4,19.516000747680664
L5,1.6850000619888306
H3,20.439001083374023
J5,1.6080000400543213
J6,1.6850000619888306
D5,10.755000114440918
F4,13.27400016784668
O3,2.192999839782715
J6,3.742000102996826
M5,13.590999603271484
L4,2.013000011444092
J5,5.863999843597412
G3,3.3509998321533203
P1,2.251999855041504
I2,1.9459999799728394
E2,3.28249990940094
E1,1.6619999408721924
C2,2.203000068664551
I6,2.4539999961853027
J4,1.750999927520752
O1,1.6690000295639038
I1,1.9420000314712524
D3,1.6449999809265137
H2,2.765000104904175
G6,1.6679999828338623
I6,14.140999794006348
L5,13.623000144958496
I1,1.8309999704360962
C2,2.990000009536743
D4,7.1020002365112305
O5,2.0399999618530273
B2,1.7190001010894775
L1,4.720999717712402
P3,1.912000060081482
J6,3.498000144958496
M4,4.122000217437744
J4,1.6700000762939453
O2,4.459000110626221
J1,1.967000126838684
P3,14.520999908447266
O4,12.314000129699707
C1,2.013000011444092
B3,5.003000259399414
N6,1.718000054359436
M5,8.235000769297281
G2,1.7319999933242798
K6,2.257999897003174
P3,1.8289999961853027
C5,2.0880000591278076
A3,8.873000144958496
M1,2.2230000495910645
L3,3.127000093460083
E2,1.7790000438690186
K3,1.7059999704360962
L5,2.135999917984009
J2,1.88100004196167
O3,5.181999683380127
A3,1.8530000448226929
E3,1.6570000648498535
K2,2.2139999866485596
A1,2.4790000915527344
A2,2.6730000972747803
J4,1.9930000305175781
I4,7.9110002517700195
A5,4.3480000495910645
H3,4.35699987411499
G6,6.835999965667725
D6,1.7610000371932983
P5,3.9878333806991577
H1,7.216000080108643
D3,8.819999694824219
B6,2.2890000343322754
C2,1.7160000801086426
D2,1.903999924659729
C2,2.0979998111724854
C1,1.649999976158142
I1,2.0910000801086426
B5,10.777000427246094
M3,2.1080000400543213
K3,1.5350000858306885
G2,2.3580000400543213
F1,5.214000225067139
C5,9.859000205993652
F3,1.6730000972747803
O1,11.282999992370605
F2,2.702000141143799
E2,8.534000396728516
M1,17.37900161743164
A2,2.183000087738037
G3,1.7549999952316284
L5,1.6700000762939453
D5,1.555999994277954
H2,6.7210001945495605
C4,11.370000839233398
L2,3.193000078201294
I6,5.775000095367432
O2,3.169999837875366
H3,1.971000075340271
K6,1.718000054359436
H3,7.335000038146973
F2,2.1059999465942383
K5,1.9740000724792481
E1,2.0280001163482666
C6,2.3469998836517334
P6,4.065000057220459
F1,1.6200000047683716
N5,2.5929999351501465
I4,11.583999633789062
F3,1.6549999713897705
E3,1.6360000371932983
I3,1.5870000123977661
B3,2.328000068664551
H5,2.067999839782715
N3,1.965000033378601
H5,1.8990000486373901
C5,4.60099983215332
L6,5.145999908447266
I2,1.6459999084472656
P4,2.191999912261963
O5,3.009000062942505
A4,1.6080000400543213
C6,5.2170000076293945
B2,1.74399995803833
D1,2.0169999599456787
J2,7.209000110626221
L6,1.5780000686645508
E6,1.9789999723434448
H3,17.173999786376953
N3,1.9930000305175781
H5,3.2799999713897705
A2,1.6610000133514404
C4,3.9779999256134033
O4,2.186999797821045
J5,10.557999610900879
L1,8.120000839233398
A2,7.926999568939209
L6,1.8669999837875366
B3,1.6690000295639038
O4,7.045000076293945
K2,2.200000047683716
E1,3.617000102996826
E2,8.817999839782715
N1,7.250999927520752
K4,1.649999976158142
J2,3.5490000247955322
B5,5.413000106811523
F4,8.434999465942383
N3,1.7070000171661377
E1,2.5169999599456787
E3,1.5369999408721924
P3,1.6740000247955322
N1,8.518000602722168
I5,6.336999893188477
B4,1.9829999208450317
E6,1.6790000200271606
K2,12.962000846862793
I6,2.381999969482422
H5,3.162999963760376
E5,3.9639999866485596
N3,1.628999948501587
C6,7.388000011444092
D5,1.5670000314712524
H4,5.320999622344971
H5,1.9079999923706055
N2,10.88599967956543
I2,2.2680001258850098
A3,4.9019999504089355
A1,6.413000106811523
L1,2.253000020980835
K4,4.875
A5,1.7599999904632568
D3,5.848600006103515
A3,8.152999877929688
I1,2.003999948501587
P5,4.5980000495910645
G4,5.350000381469727
F6,1.5360000133514404
O2,1.5870000123977661
E6,1.75600004196167
A1,5.838000297546387
G6,1.968000054359436
N1,1.8100000619888306
G2,4.045400094985962
G5,4.705999851226807
J2,2.3390002250671387
F2,5.197999954223633
E3,1.8849999904632568
H2,2.0420000553131104
J6,1.8949999809265137
H6,1.5709999799728394
E6,6.089000225067139
E4,9.57800006866455
D3,1.7879999876022339
O5,4.734000205993652
O4,1.5820000171661377
C2,2.492999792098999
N3,11.563000679016113
O6,1.9270000457763672
O5,1.7300000190734863
M6,6.6650004386901855
C3,3.739000082015991
I3,7.234000205993652
P2,1.6829999685287476
D1,1.912000060081482
L2,2.6510000228881836
D2,1.8100000619888306
I3,6.990999698638916
A6,2.0930001735687256
D3,1.9940000772476196
A2,4.066000461578369
H1,11.97800064086914
F6,5.468000411987305
D4,5.314000129699707
P6,4.951000213623047
A5,7.646999418735504
C5,13.668000221252441
M3,4.454999923706055
H5,1.937999963760376
L2,4.505000114440918
M4,2.129999876022339
C3,3.0370001792907715
N2,22.57200050354004
O5,5.680200099945068
N2,1.8489999771118164
G1,1.78000009059906
L1,1.5999999046325684
C3,4.854000091552734
O2,1.6339999437332153
O3,16.91699981689453
C4,10.644000053405762
A3,1.808000087738037
B2,10.550999641418457
G5,5.962000370025635
K3,4.367000102996826
N1,3.7079999446868896
C6,4.923999786376953
M4,1.5889999866485596
I4,2.693000078201294
O4,5.26800012588501
J1,2.120000123977661
A1,2.246000051498413
O5,2.0769999027252197
K5,1.7829999923706055
O1,4.894999980926514
B1,1.8149999380111694
O2,14.008999824523926
D6,1.7419999837875366
P3,2.863499939441681
M3,11.382999420166016
C2,4.197000026702881
H3,6.803999900817871
B6,8.154000282287598
L6,8.82599925994873
D5,4.328000068664551
H1,8.87399959564209
J6,2.0179998874664307
I3,2.5190000534057617
B1,4.548999786376953
B4,2.0369999408721924
P5,1.8149999380111694
M5,6.683000087738037
F5,7.410999774932861
L6,2.0330002307891846
H5,5.164999961853027
B2,2.736999988555908
B5,1.7209999561309814
H3,4.898000240325928
D1,1.9600000381469727
A3,4.8989996910095215
N6,2.2100000381469727
L1,2.327999973297119
H6,8.517000198364258
C4,1.5269999504089355
J4,12.170000076293945
E5,8.48799991607666
P4,15.483999252319336
D3,12.950000762939453
I4,1.5460000038146973
P2,1.777000069618225
G5,1.7369999885559082
D2,1.7089999914169312
H5,1.5820000171661377
D2,2.824000120162964
L2,2.191999912261963
N6,2.11899995803833
M2,7.599999904632568
O6,5.7230000495910645
P6,1.8019999265670776
O4,8.192000389099121
O4,9.781500160694122
I2,9.105599784851075
E6,1.5180000066757202
D2,2.0239999294281006
M3,2.052000045776367
I6,1.8177999973297119
L2,3.0195000767707825
N5,7.243000030517578
H6,3.1069998741149902
N2,8.447999954223633
E2,1.6459999084472656
D5,1.9219999313354492
C2,6.738999843597412
M2,17.01300048828125
M5,8.72700023651123
E5,1.6100000143051147
E6,2.0390000343322754
H3,11.140000343322754
O2,5.448999881744385
J2,7.814999580383301
I6,12.795999526977539
A1,8.291999816894531
G6,2.241000175476074
L5,5.74399995803833
F5,1.7710000276565552
E6,5.361999988555908
F5,2.4210000038146973
I3,1.9839999675750732
D1,1.8589999675750732
K1,2.2699999809265137
C2,2.0390000343322754
N2,1.811000108718872
A4,3.9119999408721924
K6,3.9750001430511475
G2,20.138999938964844
I5,10.03600025177002
P4,1.9259999990463257
J2,2.317999839782715
N1,3.5969998836517334
L3,1.8680000305175781
P6,1.5290000438690186
D3,5.392000198364258
H5,8.456000328063965
P5,2.625999927520752
O4,1.7957999944686889
N5,8.491000175476074
D2,2.128000020980835
F1,1.9160000085830688
O5,1.7120000123977661
B2,2.0239999294281006
N1,2.007999897003174
G2,1.75600004196167
C6,1.7610000371932983
B3,1.996000051498413
J5,1.5829999446868896
J3,2.7880001068115234
M2,2.322999954223633
F6,1.9910000562667847
M4,69.13500213623047
K2,9.16200065612793
H5,5.611000061035156
I5,1.753999948501587
L1,14.623000144958496
B5,5.105000019073486
M2,10.5910005569458
E1,5.700999736785889
D5,12.27500057220459
L2,1.7950000762939453
A3,14.897000312805176
G3,2.814400148391724
L3,1.5630000829696655
P5,6.947999954223633
B5,4.736999988555908
P1,7.497000217437744
A4,4.6519999504089355
B4,13.477999687194824
M6,11.874500393867493
L6,5.367999851703644
M2,8.124000549316406
N1,8.013999938964844
B6,2.0450000762939453
B3,3.3559999763965607
J4,3.0179998874664307
B1,7.578999996185303
O2,2.0450000762939453
I3,9.064000129699707
M6,4.78000020980835
H6,7.276000022888184
G2,4.978000164031982
K6,7.361999988555908
B6,104.43299865722656
K3,1.5989999771118164
D3,7.621999740600586
L3,3.000999927520752
M2,3.4140000343322754
C2,1.9850000143051147
C2,11.105000495910645
D2,2.315999984741211
A1,2.8429999351501465
P5,5.178999900817871
G3,4.886000156402588
N1,9.269000053405762
P1,1.8170000314712524
C2,4.292999744415283
J4,2.260999917984009
E2,2.7739999294281006
G5,5.664000034332275
O3,6.517999649047852
E4,4.090000152587891
F1,4.062000274658203
K5,12.00100040435791
M2,2.2950000762939453
C3,5.588000297546387
J4,1.6619999408721924
P1,1.6449999809265137
K6,5.389999866485596
J5,3.8559999465942383
G3,4.954999923706055
H4,8.201000213623047
E4,1.8880000114440918
J2,1.6959999799728394
D4,1.8899999856948853
O1,2.8299999237060547
G4,6.406399822235107
P2,2.0979998111724854
N1,1.7549999952316284
L2,1.7190001010894775
H5,1.590999960899353
C3,2.7929999828338623
J2,5.052999973297119
E1,5.613999843597412
M4,1.7340000867843628
L5,8.11299991607666
A3,3.1136667331059775
B1,2.9720001220703125
G2,7.2260003089904785
D3,2.390000104904175
H5,7.611999988555908
J3,7.197000026702881
H6,11.491999626159668
K6,2.0139999389648438
F1,4.009999752044678
E3,1.8200000524520874
F2,1.7209999561309814
K6,1.6510000228881836
E5,1.6029999256134033
M4,3.8489999771118164
F6,5.628999710083008
B6,2.7725000182787576
A2,2.1649999618530273
O4,1.6820000410079956
F3,6.113000392913818
N3,8.461000442504883
A2,7.919000625610352
N4,1.7170000076293945
E3,9.949999809265137
N1,7.551000118255615
N3,1.6510000228881836
I4,13.240999221801758
C6,3.63100004196167
O2,1.7829999923706055
P2,13.081000328063965
N2,2.0910000801086426
F4,4.069000244140625
O3,3.19599986076355
H1,3.80400013923645
D6,9.344999313354492
E4,5.0189995765686035
J1,1.569000005722046
K2,4.4730000495910645
F2,8.039999961853027
D3,1.7890000343322754
H6,2.3540000915527344
M5,9.708999633789062
H6,2.1679999828338623
A5,4.36299991607666
O2,1.7580000162124634
B4,1.8380000591278076
I5,2.30400013923645
B3,13.880000114440918
A4,2.0940001010894775
M6,2.123000144958496
P2,1.774999976158142
K4,2.0230000019073486
A1,2.052000045776367
D2,3.3610000610351562
C6,13.457000732421875
O5,2.1640000343322754
B6,2.7280001640319824
P3,2.203000068664551
D5,1.6080000400543213
P4,2.1050000190734863
N5,7.53000020980835
A4,2.1599998474121094
D4,2.6010000705718994
E5,4.5269999504089355
G4,1.74399995803833
L5,1.6790000200271606
I5,1.5269999504089355
N3,1.691999912261963
H2,1.7300000190734863
A2,7.845999717712402
A3,1.6519999504089355
O4,2.2039999961853027
I3,1.6899999380111694
A3,10.21299934387207
I6,6.940999984741211
I1,2.311999797821045
J2,11.919000625610352
A6,17.56783338387807
A4,13.173999786376953
H3,12.36400032043457
G4,2.6059999465942383
C4,1.8630000352859497
H5,1.6670000553131104
K1,4.934000015258789
O6,16.527999877929688
D5,2.1029999256134033
D1,3.0340001583099365
F1,3.4700000286102295
N3,2.4210000038146973
C4,3.4600000381469727
F2,1.8230000734329224
H1,9.342000007629395
H4,5.315000057220459
K1,1.6629999876022339
L5,4.784999847412109
J2,15.092999458312988
P2,2.869999885559082
B6,5.77400016784668
M5,1.627000093460083
I6,3.490999937057495
P2,1.819000005722046
M6,2.507999897003174
G3,2.634000062942505
J3,4.7729997634887695
A2,24.479750156402588
D1,5.923999786376953
B5,7.052999973297119
L5,7.35099983215332
J1,1.7969999313354492
F2,7.046000003814697
L6,9.012999534606934
J4,8.383999824523926
B2,13.079999923706055
F5,21.336000442504883
E1,2.9019999504089355
G5,5.820999622344971
G1,2.813999891281128
I2,1.6549999713897705
D6,4.453999996185303
F1,1.5549999475479126
J2,5.603000164031982
D5,1.7989999055862427
N6,1.847000002861023
E4,10.297999382019043
J1,6.769000053405762
H3,20.05299949645996
G2,2.0280001163482666
C2,63.32500457763672
M6,6.697999954223633
M2,4.263000011444092
H5,1.8830000162124634
P6,7.445000171661377
I6,6.581999778747559
L3,1.7009999752044678
P1,2.42900013923645
I3,7.3480000495910645
O2,1.7599999904632568
G2,1.9049999713897705
P3,3.819999933242798
K5,4.59499979019165
M2,1.6339999437332153
P3,9.027999877929688
H2,8.507999420166016
L4,2.9170000553131104
A3,3.759999990463257
P1,1.5699999332427979
K6,2.0480000972747803
B2,10.677999496459961
N2,2.1490001678466797
J1,9.041000366210938
C3,1.8990000486373901
E2,4.005000114440918
B3,8.895999908447266
L6,1.5800000429153442
K5,1.7079999446868896
K6,8.836999893188477
C4,1.8609999418258667
P5,1.6510000228881836
P3,4.035000324249268
H5,10.381000518798828
D3,1.902999997138977
F5,3.44599986076355
D1,7.244999885559082
B5,4.815000057220459
H5,5.242000102996826
O4,1.88100004196167
A6,14.62600040435791
I5,1.7879999876022339
O4,2.1619999408721924
G4,2.328000068664551
O3,7.242000102996826
N5,1.691999912261963
E5,5.991000175476074
J5,3.2649998664855957
C1,1.6339999437332153
J5,2.063999891281128
C1,17.878000259399414
D2,7.853000640869141
M6,2.2680001258850098
A4,20.711999893188477
N4,6.951999664306641
P2,2.984999895095825
L2,1.5780000686645508
P2,10.968999862670898
N2,2.3340001106262207
C5,7.216000080108643
M3,16.277999877929688
G3,6.190999984741211
D5,3.3320000171661377
J4,8.111000061035156
O4,4.734000205993652
C1,5.117000102996826
J4,2.0859999656677246
G2,6.9720001220703125
G6,13.38599967956543
B6,9.266999244689941
B4,4.334000110626221
M4,4.931000232696533
G5,29.572999954223633
F4,1.9110000133514404
N5,1.8860000371932983
A4,1.659999966621399
H6,1.6430000066757202
E6,1.909000039100647
O4,1.687000036239624
N2,18.23699951171875
G3,7.76200008392334
G1,1.6330000162124634
G2,1.9359999895095825
I2,1.7630000114440918
C2,1.8050000667572021
K2,3.9200000762939453
I2,6.414999961853027
E3,3.0149998664855957
F5,3.0809998512268066
D5,1.7009999752044678
N1,6.5269999504089355
P6,2.7149999141693115
B3,1.967000126838684
E4,1.909999966621399
C4,2.1510000228881836
H5,10.045999526977539
L4,7.126999855041504
B1,5.5229997634887695
I2,1.5080000162124634
P1,6.51200008392334
G4,2.5269999504089355
J6,13.229999542236328
O4,1.5419999361038208
B6,1.6489999294281006
O3,1.8359999656677246
E6,1.9420000314712524
G1,13.416999816894531
H1,2.1740000247955322
I3,10.605999946594238
F4,2.302999973297119
N1,12.10099983215332
G4,5.311999797821045
P5,2.0510001182556152
N4,1.8609999418258667
P2,1.8589999675750732
K3,1.6690000295639038
A5,2.135999917984009
H5,23.270999908447266
N1,8.670000076293945
E4,1.584999918937683
I6,8.48799991607666
E1,1.7130000591278076
F3,21.702001571655273
D5,55.44599914550781
I4,1.9749999046325684
H2,1.5299999713897705
D6,1.6570000648498535
J1,2.1019999980926514
D2,1.5950000286102295
C1,1.784999966621399
L6,1.6039999723434448
P4,14.430000305175781
C4,1.8739999532699585
L2,6.603000164031982
M3,1.659999966621399
G6,10.538999557495117
N3,8.541000366210938
G2,7.7860002517700195
C2,1.9769998788833618
A2,2.0260000228881836
D4,12.168000221252441
D6,13.232000350952148
B1,2.1490001678466797
J6,8.289999961853027
J2,8.666999816894531
D2,1.6120001077651978
G6,8.586999893188477
P1,1.7659999132156372
E3,2.486999988555908
H2,8.375
G2,1.9690001010894775
I6,7.25
G4,9.253000259399414
A4,13.45300006866455
C1,12.965999603271484
M1,18.90999984741211
N3,12.73799991607666
N3,3.5290000438690186
K4,2.5239999294281006
B4,1.8040000200271606
J3,1.9210000038146973
H2,2.0349998474121094
G3,1.8840000629425049
P3,1.819000005722046
D6,8.101749569177628
I6,18.211999893188477
K4,1.9176000118255616
P4,1.6150000095367432
C2,2.186999797821045
L4,1.722000002861023
F5,1.8860000371932983
E2,3.3350000381469727
B3,1.6949999332427979
N5,6.692999839782715
O3,1.9229999780654907
B3,1.5440000295639038
E6,17.826000213623047
C2,2.2260000705718994
H5,1.5350000858306885
C2,5.5289998054504395
N3,7.554999828338623
D6,1.9390000104904175
P2,1.8140000104904175
C5,1.934000015258789
L1,2.1009998321533203
P5,9.097000122070312
M5,1.7450000047683716
N6,2.1500000953674316
O3,1.7359999418258667
H6,1.5640000104904175
P1,1.7680000066757202
L1,1.7039999961853027
A2,1.850000023841858
A4,4.825999736785889
C4,8.64900016784668
O1,4.871000289916992
F1,1.781999945640564
C3,2.440000057220459
J3,5.0279998779296875
K5,10.425999641418457
M6,2.376999855041504
O3,14.0600004196167
D5,4.883999824523926
P6,1.8289999961853027
O1,7.669000148773193
H1,8.48799991607666
B2,2.180999994277954
C1,17.177000045776367
E4,1.5679999589920044
F1,22.589000701904297
F5,7.617000102996826
H1,2.5249998569488525
F4,2.76200008392334
J4,4.877000331878662
M2,3.4311999797821047
L5,11.92300033569336
O6,10.975000381469727
H1,2.2879998683929443
P2,12.260000228881836
A3,1.7860000133514404
N3,4.831000328063965
P2,2.002999782562256
M5,1.6039999723434448
H1,11.703999519348145
E6,1.9480000734329224
O1,2.256999969482422
I3,1.7379999160766602
H3,10.723000526428223
P5,6.897000312805176
C6,2.246000051498413
N6,12.675999641418457
B5,4.947000026702881
F6,2.0139999389648438
A2,2.1460001468658447
C4,9.694000244140625
J3,3.8320000171661377
G4,1.8029999732971191
E2,1.8260000944137573
N1,1.9910000562667847
P1,1.5149999856948853
G4,14.956000328063965
I5,3.4119999408721924
A3,14.454999923706055
C6,4.7260003089904785
C6,5.994999885559082
B2,1.8140000104904175
N3,2.0250000953674316
P5,2.3489999771118164
L5,1.7689999341964722
N5,4.871999740600586
D3,1.6890000104904175
O2,1.5679999589920044
P2,7.253999710083008
H6,7.898000240325928
E6,1.965000033378601
E5,6.190999984741211
I4,1.9850000143051147
B3,12.927999496459961
H5,3.7819998264312744
I1,7.325000286102295
P5,8.505000114440918
A4,2.4539999961853027
O4,3.302000045776367
P4,13.198999404907227
F3,1.6039999723434448
C3,1.7300000190734863
P4,11.862000465393066
F1,7.493000030517578
I3,2.2109999656677246
M5,1.940999984741211
L6,5.026000022888184
P4,4.88100004196167
M1,2.1629998683929443
H5,8.577000617980957
K1,1.7450000047683716
P1,1.9270000457763672
J6,2.5190000534057617
M3,2.135999917984009
D1,7.228000164031982
A2,1.970000147819519
O4,3.439000129699707
D3,8.391999244689941
P5,1.5699999332427979
C4,2.6570000648498535
C5,1.8830000162124634
O1,2.072000026702881
L1,2.1080000400543213
P4,4.973999977111816
O3,4.910999774932861
I6,7.814000129699707
J5,1.875
K2,1.652999997138977
N3,5.224999904632568
K3,1.933000087738037
F3,2.0220000743865967
L6,8.76099967956543
A2,6.2870001792907715
K2,4.565999984741211
J1,1.8660000562667847
F1,13.210999488830566
D6,4.702000141143799
N3,2.1440000534057617
G5,1.6769999265670776
J1,1.9160000085830688
M4,9.078999519348145
C4,2.111999988555908
I6,2.507999897003174
C5,1.534000039100647
A6,1.7650001049041748
P5,2.863400030136108
G2,2.1730000972747803
K2,2.8589999675750732
G1,2.4880001544952393
K6,1.9739998579025269
M1,5.045000076293945
G5,1.6349999904632568
H3,5.171000003814697
F5,2.2890000343322754
J5,1.8899999856948853
K6,4.427000045776367
F1,13.938000679016113
C4,2.2920000553131104
E3,7.441999912261963
D4,1.5859999656677246
L5,9.006999969482422
N1,15.119000434875488
I1,4.873000144958496
H4,2.1989998817443848
D5,2.3010001182556152
H2,9.217000007629395
N1,10.115999221801758
D1,1.8309999704360962
A4,11.907000541687012
K1,2.8700001001358033
C2,24.001001358032227
D3,17.1560001373291
P4,7.257999897003174
D6,1.8420000076293945
J6,1.7139999866485596
D1,1.7400000095367432
H2,15.243999481201172
C5,1.7450000047683716
K5,4.11299991607666
L2,1.753999948501587
B1,7.275000095367432
B1,8.276000022888184
M2,1.9570000171661377
H4,1.9509999752044678
G6,8.720000267028809
C6,1.7059999704360962
N1,6.978000164031982
A4,19.976999282836914
F2,19.424999237060547
O5,7.741249889135361
N2,4.276666720708211
F5,1.6859999895095825
N6,8.498000144958496
K4,1.9170000553131104
P1,8.84000015258789
L6,6.581999778747559
I3,6.490999698638916
A1,1.8579999208450317
D1,7.315999984741211
M3,1.5219999551773071
J3,6.381999969482422
O3,2.4830000400543213
F4,3.8600001335144043
O1,8.586999893188477
D3,4.263999938964844
I1,2.2339999675750732
J5,1.8279999494552612
M1,4.952000141143799
A5,1.562000036239624
F3,2.3499999046325684
G1,7.199999809265137
J4,7.165999889373779
B5,6.705999851226807
F4,1.6589999198913574
M5,1.7039999961853027
M4,2.9110000133514404
C5,10.253000259399414
E5,3.953000068664551
L6,2.756999969482422
M3,8.468000411987305
A3,24.158998489379883
P2,7.729000091552734
N6,3.453000068664551
B4,3.990000009536743
M6,2.11299991607666
L5,1.6069999933242798
P3,1.9369999170303345
B3,4.2735998153686525
H3,4.0970001220703125
N6,7.509999752044678
H6,1.944000005722046
J4,1.9399999380111694
P6,4.726999759674072
M6,2.250999927520752
A6,5.644999980926514
F5,7.013999938964844
H6,4.760166486104329
L1,2.621999979019165
K6,2.131999969482422
L3,1.715000033378601
K6,3.4090001583099365
P1,1.6899999380111694
G5,1.6139999628067017
K5,8.418999671936035
M6,1.5479999780654907
O6,4.026000022888184
K1,2.0633999824523928
P5,1.7049999237060547
L1,7.2170000076293945
F4,1.9919999837875366
B6,3.0789999961853027
C4,1.9900000095367432
E6,9.24899959564209
N4,14.177000045776367
K4,5.0320000648498535
D6,1.7049999237060547
G3,16.665000915527344
I1,1.5920000076293945
J2,10.791000366210938
J4,1.722000002861023
N2,1.7364999651908875
I5,1.7950000762939453
A3,4.995999813079834
A4,1.555999994277954
K6,10.99000072479248
O6,1.78000009059906
J5,1.8070000410079956
N1,2.0320000648498535
K3,1.412000060081482
I6,1.6399999856948853
P1,1.746999979019165
J4,9.871000289916992
O5,4.056000232696533
C6,1.8200000524520874
L6,2.25
O6,1.6200000047683716
C2,2.002999782562256
I5,4.9029998779296875
G5,1.5789999961853027
M3,1.8029999732971191
D3,5.078000068664551
E2,17.759000778198242
D6,1.9970000982284546
B3,7.25600004196167
C5,2.254999876022339
M3,5.040999889373779
F3,2.946000099182129
E4,2.0369999408721924
L4,2.245000123977661
M5,7.559000015258789
N6,1.9580000638961792
K2,1.6779999732971191
H6,2.8489999771118164
O3,2.0390000343322754
L1,2.0260000228881836
I3,1.7680000066757202
H4,8.48799991607666
B2,6.5410003662109375
B4,31.58300018310547
K5,8.480000495910645
I6,1.7920000553131104
J2,15.329999923706055
L6,2.2710001468658447
P6,1.753999948501587
G5,10.633000373840332
L4,4.067999839782715
D3,4.919000148773193
M2,3.6069998741149902
M6,2.51200008392334
J2,1.753999948501587
L1,2.2260000705718994
K2,1.6200000047683716
F2,3.4779999256134033
I3,2.078000068664551
L1,8.476999282836914
N5,7.195000171661377
H2,1.872999906539917
M6,2.2669999599456787
E3,1.930999994277954
N2,5.138000011444092
O2,1.5720000267028809
F3,1.8930000066757202
F3,1.7130000591278076
L2,2.1019999980926514
G5,1.5839999914169312
P6,1.5529999732971191
I3,9.579999923706055
L2,2.693000078201294
N3,8.118000030517578
J3,4.693000316619873
P6,7.2220001220703125
N5,8.87399959564209
K4,1.590999960899353
C3,3.7899999618530273
H2,2.936000108718872
A1,3.7819998264312744
M4,5.818999767303467
F2,1.809000015258789
D5,8.531000137329102
K4,10.605999946594238
F3,2.1089999675750732
E5,1.777999997138977
K5,1.6610000133514404
D6,7.73799991607666
A3,2.0269999504089355
A1,8.38700008392334
P6,1.8299999237060547
E4,8.45199966430664
I3,1.555999994277954
B6,4.8580002784729
M2,3.3499999046325684
K3,1.8320000171661377
P3,1.6899999380111694
D1,1.6660000085830688
I4,15.005000114440918
D5,1.5740000009536743
B3,2.0250000953674316
N6,2.0073999643325804
L1,2.7170000076293945
H2,1.6629999876022339
B2,2.6029999256134033
M6,4.463000297546387
D4,8.604999542236328
L6,3.061000108718872
O5,6.386000156402588
D4,1.7940000295639038
F5,7.066999912261963
E6,1.5290000438690186
G1,3.2089998722076416
G2,1.8200000524520874
A6,2.2290000915527344
H4,2.9718331893285117
O3,5.039000034332275
N3,2.509399890899658
O3,1.9076000213623048
D6,1.5419999361038208
E3,1.7259999513626099
B6,1.9570000171661377
A4,3.825000047683716
E2,1.5759999752044678
I6,4.414999961853027
O2,1.6979999542236328
I4,1.6589999198913574
N5,6.659000396728516
F2,1.8600000143051147
C3,4.830499947071075
G1,6.828999996185303
A5,3.0460000038146973
D1,1.8100000619888306
M6,1.6309999227523804
O4,11.093999862670898
E3,3.754999876022339
B1,1.6589999198913574
G2,2.3949999809265137
M6,7.021999835968018
G6,1.715000033378601
C6,2
F3,7.6944997906684875
M5,1.875
J2,7.39900016784668
A1,2.4059998989105225
P3,14.480000495910645
G3,2.197000026702881
O1,1.5500000715255737
O3,1.811000108718872
L5,2.1039998531341553
B5,6
P5,5.115000247955322
P2,14.996999740600586
H1,5.470000267028809
E1,2.823000192642212
L4,9.642000198364258
L6,2.0490000247955322
B5,3.6050000190734863
L2,4.736999988555908
M4,10.781999588012695
O1,8.501999855041504
J5,2.0190000534057617
M3,1.7079999446868896
H4,12.129000663757324
J5,1.8370000123977661
A4,1.6159999370574951
P6,2.0149998664855957
I4,1.8410000801086426
J1,2.3310000896453857
K1,5.115000247955322
F2,8.506000518798828
K2,1.627000093460083
H1,6.684000015258789
H2,1.9930000305175781
D4,14.015999794006348
O6,2.994999885559082
N5,1.8380000591278076
D4,9.987000465393066
B6,3.5949997901916504
C1,7.476999759674072
D3,2.1009998321533203
N4,10.99000072479248
I3,2.328000068664551
N3,7.759999752044678
B1,1.8589999675750732
A5,9.302999496459961
F1,3.184000015258789
J6,1.7979999780654907
I6,1.9240000247955322
P4,5.1620001792907715
K1,4.9160003662109375
H4,15.585000038146973
F5,1.8050000667572021
G4,2.1670000553131104
B1,2.6410000324249268
E4,6.728000164031982
A5,2.128999948501587
L1,13.427999496459961
C6,2.0510001182556152
N4,1.7259999513626099
I3,1.8990000486373901
O5,6.513999938964844
I5,2.440000057220459
M5,14.656000137329102
N3,1.7939999401569366
B5,2.7799999713897705
N3,3.867000102996826
H2,4.536999702453613
P1,21.347999572753906
F4,11.10099983215332
K5,1.596000075340271
G5,1.5360000133514404
J1,17.030000686645508
K2,3.0199999809265137
C5,2.109999895095825
B3,2.430000066757202
N5,8.567999839782715
A1,1.7120000123977661
C2,1.7659999132156372
C5,1.9279999732971191
P4,5.2129998207092285
O4,1.7829999923706055
H2,4.041999816894531
L4,1.7430000305175781
I6,1.930999994277954
N4,3.703000068664551
O5,1.6510000228881836
H5,2.0360000133514404
L2,6.644999980926514
E3,1.7640000581741333
B5,7.59499979019165
O2,8.439000129699707
A6,1.7319999933242798
H1,5.229999542236328
J5,4.650250196456909
J4,3.2230000495910645
D1,2.327000141143799
M2,2.005999803543091
B5,2.1290000081062317
E6,1.596000075340271
B4,1.8220000267028809
C1,5.070000171661377
D5,7.98199987411499
E4,1.7740000486373901
G1,1.5770000219345093
G1,1.8599999666213989
O3,10.710000038146973
N5,7.213000297546387
N5,6.548999786376953
E6,4.925999641418457
H6,13.881999969482422
D3,1.6640000343322754
L1,15.015999794006348
K6,1.7869999408721924
O2,1.5810000896453857
P6,12.822999954223633
G2,1.9490000009536743
B4,16.3439998626709
K4,12.942999839782715
H5,7.404999732971191
M5,5.211999893188477
D5,1.9900000095367432
B2,10.053000450134277
G3,4.881999969482422
D4,1.6489999294281006
J1,1.722000002861023
J6,2.4700000286102295
M1,2.4250001907348633
I3,1.7170000076293945
J3,9.753000259399414
I1,2.0870001316070557
H5,3.4570000171661377
K6,1.7070000171661377
C5,1.8509999513626099
P2,7.39900016784668
L6,6.240000247955322
B4,1.7610000371932983
A5,101.77599334716797
P1,7.319999694824219
J5,2.372999906539917
N1,1.7330000400543213
F1,7.210999965667725
A5,1.8200000524520874
L6,1.9290000200271606
F1,2.5269999504089355
L4,1.903999924659729
B1,2.1700000762939453
K4,1.9610000848770142
I6,1.7009999752044678
B1,16.25200080871582
F4,2.1649999618530273
O5,2.3370001316070557
G1,7.829000473022461
E3,3.053999900817871
O1,13.566999435424805
I3,2.8580000400543213
G5,1.5699999332427979
M5,5.557000160217285
P4,2.1089999675750732
H4,14.898999214172363
M1,5.4070000648498535
J3,2.2690000534057617
K4,12.664999961853027
J2,2.322000026702881
K5,2.171799921989441
B6,2.2360000610351562
D1,14.376999855041504
E1,9.609999656677246
D2,1.725000023841858
M3,1.9769998788833618
A1,1.903999924659729
G4,1.6959999799728394
M4,7.065000057220459
O5,2.0230000019073486
A1,2.131999969482422
E2,6.596399784088135
K1,9.253000259399414
I5,14.430000305175781
I4,2.9179999828338623
D3,2.616999864578247
G4,4.007999897003174
M3,3.7339999675750732
M6,1.8799999952316284
B5,4.019000053405762
M5,7.935999870300293
E4,4.954999923706055
G4,19.371999740600586
P6,12.081000328063965
C5,10.700000762939453
F1,1.9867499470710754
A1,13.059000015258789
I1,2.495999813079834
B3,1.7910000085830688
C1,4.006999969482422
N5,1.9620000123977661
I1,9.177999496459961
J5,5.195000171661377
L2,14.875999450683594
C2,1.968000054359436
K2,2.736999988555908
D6,2.131333371003469
J1,2.0870001316070557
D1,2.2879998683929443
A2,9.38700008392334
B1,1.8700000047683716
F1,5.793000221252441
L3,3.2840001583099365
E4,1.8029999732971191
M6,1.746999979019165
H3,2.747999906539917
H2,1.5140000581741333
M1,8.430999755859375
F1,1.7130000591278076
D1,1.7580000162124634
D3,15.013999938964844
P3,4.75
O6,13.873500347137451
C5,1.9980000257492065
N6,2.9519999027252197
M6,3.0920000076293945
F1,1.8279999494552612
A2,1.819000005722046
C5,2.1039998531341553
I5,1.8889999389648438
O4,2.5290000438690186
A1,5.167999744415283
I3,1.9889999628067017
C2,6.054999828338623
P1,12.619999885559082
B1,4.333000183105469
F1,7.9539995193481445
N2,2.633000135421753
B4,7.319999694824219
J5,3.552000045776367
F3,23.690500656763714
B2,10.409000396728516
D2,1.78000009059906
O4,8.656000137329102
F3,10.805999755859375
C4,4.743000030517578
A1,5.0169997215271
P5,2.2090001106262207
G2,2.1460001468658447
A5,7.172999858856201
K5,2.0220000743865967
F1,1.8220000267028809
J1,7.510999917984009
H1,8.337000846862793
P5,9.006999969482422
G3,2.0439999103546143
P5,2.0850000381469727
H6,1.6660000085830688
C3,4.4679999351501465
G2,1.7989999055862427
I5,1.8179999589920044
D6,7.857999801635742
I5,5.046999931335449
C6,1.715000033378601
M1,1.7070000171661377
H1,9.239999771118164
P3,4.069000244140625
H2,6.909999847412109
N3,1.6540000438690186
D2,3.0989999771118164
H3,11.640000343322754
G3,1.8889999389648438
C1,8.33799934387207
D4,1.9160000085830688
L2,7.189000129699707
N6,9.388999938964844
H1,2.805999994277954
C4,2.437999963760376
F6,1.5640000104904175
E3,8.833000183105469
O4,8.937999725341797
B4,7.255000114440918
A6,1.6929999589920044
J4,3.6510000228881836
C1,1.805999994277954
A2,2.9690001010894775
H6,1.753999948501587
B2,8.053000450134277
F5,3.7060000896453857
P2,1.5440000295639038
D2,1.847000002861023
C3,2.4170000553131104
P1,1.6629999876022339
A4,13.46500015258789
E2,1.5260000228881836
B6,13.454999923706055
N6,1.6519999504089355
I2,2.25
N3,2.559000015258789
L5,4.567999839782715
A4,1.909000039100647
C3,11.611000061035156
K3,4.294000148773193
G2,2.325000047683716
D1,12.402999877929688
K1,3.677999973297119
B2,13.419000625610352
F6,8.550000190734863
P2,1.9140000343322754
N6,1.7389999628067017
F6,2.5249998569488525
I6,1.7379999160766602
C2,4.53000020980835
G3,6.306000232696533
N2,1.805999994277954
F4,2.138000011444092
E5,8.64799976348877
F4,1.8289999961853027
H1,2.8519999980926514
A3,8.879000663757324
N6,1.7480000257492065
P3,1.9300000667572021
I5,18.525001525878906
O4,1.878000020980835
M2,1.6390000581741333
M4,4.4730000495910645
H2,6.161999702453613
P3,7.050000190734863
M2,4.355999946594238
L3,1.915000081062317
M3,5.322000026702881
A6,1.8639999628067017
P6,23.019001007080078
P6,1.6410000324249268
G6,2.308000087738037
A3,1.6380000114440918
K2,2.556999921798706
D5,2.7320001125335693
B5,14.633999824523926
F3,7.174000263214111
C3,17.253999710083008
C5,13.420999526977539
J3,3.6569998264312744
C4,4.614999771118164
A1,2.455000162124634
F3,17.519001007080078
B4,1.7430000305175781
M6,4.763000011444092
K3,1.5479999780654907
P6,4.769000053405762
I2,1.8870000839233398
L2,5.932000160217285
E5,2.2360000610351562
B3,3.9479997158050537
G5,2.997999906539917
G1,1.559000015258789
K6,2.4639999866485596
P6,1.6720000505447388
I4,7.60099983215332
G2,1.7640000581741333
D5,8.640999794006348
G6,14.359000205993652
K3,9.699000358581543
E6,1.6180000305175781
P5,7.296999931335449
B6,1.9210000038146973
A3,8.972999572753906
O6,1.8700000047683716
B5,1.8519999980926514
P5,19.83300018310547
M5,1.840000033378601
K5,10.357000350952148
J4,6.993000030517578
N4,3.2649998664855957
D2,1.6059999465942383
O4,2.0789999961853027
C3,6.180999755859375
L1,2.305000066757202
C3,4.869999885559082
C6,3.882999897003174
E5,1.659999966621399
O3,6.758999824523926
E3,28.696001052856445
C2,5.204999923706055
L1,1.8700000047683716
N6,1.565000057220459
L2,1.9570000171661377
F2,1.6640000343322754
H6,1.8279999494552612
D5,1.878999948501587
B3,14.59000015258789
C2,1.5870000123977661
J2,1.6700000762939453
B2,2.5969998836517334
M2,14.465999603271484
G1,1.649999976158142
K1,7.360000133514404
P4,1.9229999780654907
J6,6.771999835968018
E2,2.052999973297119
O6,1.6790000200271606
H6,12.079999923706055
I5,1.75600004196167
D6,1.6880000829696655
I5,7.290999889373779
B1,7.280999660491943
C5,11.296000480651855
M4,1.88100004196167
I2,4.349999904632568
P4,2.0999999046325684
C1,2.693000078201294
A5,1.9049999713897705
I6,8.548999786376953
G3,8.479000091552734
O4,1.7580000162124634
G3,1.8339999914169312
O2,7.703000068664551
I2,1.8140000104904175
C1,1.656000018119812
G4,7.693999767303467
I6,2.013000011444092
N5,1.5989999771118164
O3,5.404999732971191
A1,5.944999694824219
N2,7.480000019073486
E1,6.622000217437744
F4,3.816999912261963
P2,6.488999843597412
N6,2.125
D3,7.034999847412109
I3,1.9852500259876251
K3,1.7379999160766602
E6,8.004000663757324
F3,8.906999588012695
L2,1.9509999752044678
M2,1.8680000305175781
M4,2.2899999618530273
J4,1.5839999914169312
N2,1.8509999513626099
H4,14.111000061035156
F5,7.916999816894531
J4,2.455000162124634
J4,20.88800048828125
D3,8.440999984741211
M5,1.7419999837875366
G2,1.9660000801086426
H5,1.5579999685287476
K2,9.343000411987305
E2,2.25600004196167
O6,1.5750000476837158
O6,5.034999847412109
M3,8.14799976348877
F2,1.569000005722046
I3,1.8870000839233398
N5,7.364999771118164
D3,2.0209999084472656
O6,3.1640000343322754
M2,9.496999740600586
H6,1.7630000114440918
E4,8.394000053405762
L2,8.647000312805176
G1,7.726999759674072
O6,1.850000023841858
N6,10.436999320983887
D3,4.538000106811523
P3,4.884000205993653
A3,1.6549999713897705
A5,2.322000026702881
K2,9.25100040435791
A2,8.83899974822998
K2,3.6500000953674316
E3,2.687999963760376
M2,8.019999504089355
E1,1.9199999570846558
P1,1.8509999513626099
A6,8.904999732971191
P4,1.8560000658035278
K5,18.386999130249023
K5,7.406000137329102
C5,4.513000011444092
K5,1.847000002861023
M1,1.718000054359436
P2,1.5369999408721924
P3,1.872999906539917
C4,1.9640001058578491
G3,1.7160000801086426
F4,2.9059998989105225
H5,4.478000164031982
H4,1.7170000076293945
O2,4.125
A5,12.925000190734863
H1,1.7359999418258667
L6,2.8350000381469727
A3,1.621000051498413
E2,3.9160001277923584
F3,2.553999900817871
E4,4.302000045776367
M1,12.288000106811523
C2,1.590000033378601
A4,7.5960001945495605
M3,10.263999938964844
D3,2.376999855041504
J3,1.8309999704360962
K3,7.443000316619873
B3,5.309999942779541
G5,1.9210000038146973
M4,1.78000009059906
M6,1.9529999494552612
B2,2.1019999980926514
M1,18.626998901367188
M2,3.4240000247955322
H5,1.6990000009536743
P2,5.763999938964844
D5,1.597999930381775
J3,6.7230000495910645
E2,1.8819999694824219
J2,1.6330000162124634
K5,6.581999778747559
I6,1.6629999876022339
E3,1.7940000295639038
A6,16.81100082397461
J1,1.7160000801086426
N6,12.690000534057617
F3,1.7359999418258667
A5,49.78099822998047
I6,1.7549999952316284
B6,8.362500309944153
J2,5.605999946594238
M5,1.6890000104904175
O5,1.8960000276565552
E1,4.585600185394287
I2,2.330000162124634
N4,8.379999160766602
I3,1.6749999523162842
F1,2.0949997901916504
K2,4.459000110626221
H5,4.949000358581543
J1,3.813999891281128
H6,6.180999755859375
C3,1.5789999961853027
O2,2.0959999561309814
D5,5.0169997215271
I5,2.2869999408721924
K2,1.7350000143051147
O2,7.283999919891357
C6,2.965599846839905
J1,4.548999786376953
E6,5.9245998620986935
O6,4.265999794006348
I6,4.579999923706055
K5,1.8579999208450317
K2,4.5889997482299805
I3,1.5419999361038208
I2,6.291999816894531
L5,6.874000072479248
F6,1.8320000171661377
P2,12.90999984741211
H6,4.896999835968018
A5,1.7310000658035278
K4,1.8429999351501465
L1,1.7659999132156372
B3,8.979000091552734
K6,1.6769999265670776
J5,2.371999979019165
A4,2.758000135421753
P5,3.628999948501587
N2,1.5519999265670776
K2,1.649999976158142
D2,2.0179998874664307
B6,1.7450000047683716
H1,2.263000011444092
E2,8.315999984741211
G3,1.7089999914169312
G6,9.220000267028809
D3,4.013999938964844
O6,5.067000389099121
E4,5.145999908447266
C5,5.36299991607666
B1,3.5310001373291016
H5,1.7669999599456787
H1,10.723000526428223
G1,2.4689998626708984
F1,4.5920000076293945
P5,1.7280000448226929
M2,3.107999801635742
J6,2.08580002784729
M4,1.7879999876022339
M3,3.9700000286102295
M3,15.732999801635742
O3,1.84499990940094
G3,2.639000177383423
P1,4.666999816894531
F2,9.894000053405762
H4,2.6029999256134033
N4,2.2869999408721924
B4,2.2179999351501465
N3,2.0490000247955322
E1,1.7039999961853027
M2,2.0810000896453857
L4,1.7039999961853027
J3,7.625
H1,5.006999969482422
A6,1.9010000228881836
O2,2.0409998893737793
F5,6.550999641418457
N2,6.607999801635742
H3,7.4730000495910645
K1,1.7369999885559082
P1,6.113000392913818
I1,1.9079999923706055
H4,5.421000003814697
C4,4.575000286102295
I4,4.031000137329102
M3,7.664000034332275
P4,1.746000051498413
J1,1.6640000343322754
O3,1.6390000581741333
J1,2.9019999504089355
G5,1.7070000171661377
H5,13.086000442504883
F5,1.9580000638961792
L6,3.677000045776367
H2,2.121999979019165
H1,15.21299934387207
M4,4.707000255584717
C1,17.35500144958496
K3,5.89160008430481
K1,8.526000022888184
G5,3.4170000553131104
M6,1.5999999046325684
G1,8.403999328613281
M4,1.4950000047683716
P6,8.456000328063965
G1,1.805999994277954
E6,17.149999618530273
G3,1.9769998788833618
F2,1.8289999961853027
A5,2.117000102996826
E2,8.383000373840332
J4,1.815999984741211
O2,1.8700000047683716
H6,9.831000328063965
E4,1.9369999170303345
D6,5.4029998779296875
E5,6.566999912261963
E5,1.7529999017715454
K4,1.8149999380111694
F1,5.531000137329102
F3,2.0349998474121094
P4,1.9789999723434448
I2,3.7665001153945923
D6,1.746000051498413
A3,1.7719999551773071
P5,2.186999797821045
K1,2.254999876022339
I1,11.390999794006348
B4,13.013999938964844
J1,1.7259999513626099
I4,7.447000026702881
A5,8.034000396728516
K6,5.09499979019165
G6,1.8930000066757202
G5,7.540999889373779
O6,3.0859999656677246
H3,14.751999855041504
B2,7.600500047206879
J2,3.48799991607666
E5,4.757999897003174
C5,1.9210000038146973
K1,5.11299991607666
L1,3.3400001525878906
I4,7.788000106811523
K2,2.1610000133514404
F6,7.367000102996826
D4,6.039000034332275
K2,8.194999694824219
A6,7.1419997215271
G4,1.7280000448226929
D4,1.6330000162124634
I4,4.926499962806702
O2,2.4089999198913574
N4,2.881999969482422
C3,2.2009999752044678
N4,18.37700080871582
O6,1.8119999170303345
B1,7.480999946594238
P2,6.922999858856201
I3,2.2249999046325684
E1,4.701000213623047
K3,6.203000068664551
F2,10.254000663757324
E1,2.182000160217285
C4,1.965000033378601
N4,2.2139999866485596
N1,4.599999904632568
E5,1.5360000133514404
L6,1.996000051498413
A2,4.980999946594238
M1,2.6070001125335693
O1,1.9630000591278076
A6,6.285000324249268
F4,1.6730000972747803
D2,18.753000259399414
P1,3.251000165939331
H4,4.346999645233154
B2,1.6859999895095825
G6,2.4539999961853027
N3,12.638999938964844
L3,1.9519999027252197
M4,1.8519999980926514
F1,1.749000072479248
O6,5.388999938964844
J1,1.5660001039505005
O1,6.918000221252441
P1,1.9279999732971191
B1,3.249000072479248
K5,1.5360000133514404
K3,4.7129998207092285
K5,3.8600001335144043
B4,2.0959999561309814
B4,1.9839999675750732
L5,2.1760001182556152
P2,20.427000045776367
C3,13.143000602722168
K4,1.725000023841858
J1,2.302999973297119
F1,2.2179999351501465
F3,13.590999603271484
F6,2.180000066757202
H4,1.8579999208450317
G1,4.914000034332275
J5,2.449000120162964
I1,13.107000350952148
G3,45.250999450683594
L4,9.053999900817871
K4,2.07099986076355
J3,7.749000072479248
G2,2.0199999809265137
A6,3.5
G5,11.38700008392334
B6,1.7620000839233398
I5,5.888000011444092
I6,9.473999977111816
P2,1.597000002861023
J6,9.777000427246094
D4,13.276999473571777
N3,3.3389999866485596
F6,2.2478000640869142
H2,8.111000061035156
I4,10.21500015258789
L5,9.046000480651855
M6,2.0969998836517334
B6,3.9220001697540283
A5,2.0880000591278076
E1,3.4170000553131104
A4,2.2189998626708984
N6,4.10099983215332
K3,6.670000076293945
C4,3.827000141143799
D4,5.065000057220459
B6,11.57800006866455
E5,1.6319999694824219
P6,2.0360000133514404
A1,1.593999981880188
C3,9.665999412536621
L2,13.394000053405762
F6,14.375999450683594
I4,8.542999267578125
N1,2.063000202178955
L3,13.956000328063965
D4,1.61899995803833
F6,4.073999881744385
M6,1.7710000276565552
J3,2.9529998302459717
P4,4.815999984741211
M2,32.84000015258789
E6,10.763999938964844
H3,2.2330000400543213
O1,4.9079999923706055
B6,1.8539999723434448
C2,8.394000053405762
H5,1.7049999237060547
K2,12.276000022888184
B2,1.7409999370574951
L2,1.8140000104904175
O4,8.976000785827637
K1,2.2350001335144043
D2,1.5210000276565552
H4,2.4739999771118164
B3,2.248999834060669
B5,2.431999921798706
K2,2.3630001544952393
H2,1.8220000267028809
L6,3.6619999408721924
L3,2.7899999618530273
D4,2.0160000324249268
I3,2.4079999923706055
G4,13.999000549316406
I2,16.704999923706055
M1,1.7790000438690186
F6,1.6670000553131104
H3,2.0870001316070557
A4,1.7190001010894775
E4,2.495999813079834
I4,1.8690000772476196
A1,1.7529999017715454
D2,2.2019999027252197
J1,8.510000228881836
M2,10.072999954223633
C1,1.6710000038146973
H6,21.779001235961914
A3,1.593000054359436
H6,2.5879998207092285
C2,5.638999938964844
N2,5.224999904632568
N4,8.906999588012695
H3,1.6720000505447388
O3,2.2929999828338623
O5,11.53600025177002
D2,2.180000066757202
J4,9.301000595092773
L5,22.64900016784668
G6,3.0269999504089355
P6,1.9189999103546143
P3,3.6539998054504395
O6,1.8589999675750732
I4,1.8050000667572021
I6,2.299999952316284
J4,2.0220000743865967
K4,5.931000232696533
C6,4.466000080108643
A4,11.605999946594238
B6,2.05400013923645
H3,2.8320000171661377
N3,1.5320000648498535
F5,2.1710000038146973
P3,1.9970000982284546
L1,5.030500084161758
H1,1.7599999904632568
L6,2.2260000705718994
K6,7.38599967956543
O5,8.086999893188477
I2,3.0940001010894775
L4,3.6410000324249268
K3,1.8209999799728394
P5,4.916999816894531
C1,1.7529999017715454
D6,1.9483999252319335
P2,2.0989999771118164
O4,8.90999984741211
L5,1.937999963760376
K6,1.5740000009536743
E4,8.956000328063965
L4,10.494999885559082
G3,5.0269999504089355
O6,1.753999948501587
C2,19.362998962402344
O4,1.9420000314712524
K6,4.660999774932861
F4,1.8029999732971191
C3,1.6640000343322754
P1,5.01200008392334
A3,1.7209999561309814
L5,16.96000099182129
C2,1.9170000553131104
K5,2.1989998817443848
D4,8.116000175476074
A2,2.2079999446868896
P2,1.7209999561309814
P6,1.6549999713897705
I6,5.045000076293945
J3,1.6949999332427979
E1,9.627999305725098
G3,8.982999801635742
C2,9.541999816894531
P4,1.8860000371932983
K6,7.005000114440918
D4,7.515000343322754
D4,15.718999862670898
N5,2.743000030517578
I2,1.7100000381469727
B3,1.6619999408721924
I2,1.933000087738037
G4,1.8370000123977661
K4,2.440000057220459
G6,2.562000036239624
J2,5.519000053405762
O5,1.5600000619888306
J5,1.656000018119812
G5,1.8149999380111694
G2,1.5549999475479126
N4,7.366000175476074
K4,1.7020000219345093
J2,2.5360000133514404
F6,1.7689999341964722
K5,1.9610000848770142
I5,1.9869999885559082
B5,13.268000602722168
L4,1.746000051498413
O2,30.76300048828125
B6,4.058000087738037
F4,5.034999847412109
B6,1.814800000190735
P4,1.6420000791549683
A1,3.9160001277923584
D1,8.640999794006348
J3,5.03000020980835
O2,9.708999633789062
P4,4.7920002937316895
J3,5.061000347137451
J1,19.76799964904785
K1,1.6710000038146973
F4,1.7519999742507935
I5,2.247000217437744
N3,3.8610000610351562
F2,15.645999908447266
E4,2.3589999675750732
N2,1.6009999513626099
I1,1.7999999523162842
O3,8.433000564575195
F2,11.736000061035156
B3,2.2260000705718994
O4,14.538999557495117
N4,3.694000005722046
E4,5.210000038146973
B6,1.5399999618530273
B5,1.899999976158142
C1,8.840999603271484
P6,1.6710000038146973
F4,6.560999870300293
I6,4.567999839782715
B1,3.4549999237060547
A4,2.06000018119812
A1,1.9240000247955322
D5,2.6080000400543213
L1,1.9010000228881836
L1,1.8849999904632568
O3,8.415999412536621
E2,2.0169999599456787
D3,2.0829999446868896
L2,1.6579999923706055
I1,5.0829997062683105
J6,1.6929999589920044
M6,2.384999990463257
L1,1.6489999294281006
O6,8.522000312805176
G4,1.847000002861023
I1,1.6690000295639038
N4,2.2219998836517334
D1,3.4680001735687256
D4,7.521999835968018
B1,2.0429999828338623
B6,2.1550002098083496
J1,4.53000020980835
M4,7.925000190734863
P5,1.9049999713897705
G3,2.002999782562256
D5,5.986000061035156
L4,1.6589999198913574
E4,3.5480000376701355
G3,1.3350000381469727
E5,11.880000114440918
J6,1.7089999914169312
O1,1.7209999561309814
P1,1.930999994277954
D1,1.6139999628067017
I1,2.675999879837036
I4,1.88100004196167
N2,12.552000045776367
I4,1.9240000247955322
B2,11.702000617980957
G4,1.996000051498413
C3,5.659999847412109
E6,1.8690000772476196
K6,13.85099983215332
F6,2.32099986076355
D2,11.083000183105469
D4,1.5789999961853027
F2,2.5360000133514404
M6,1.7059999704360962
M4,2.247999906539917
K5,4.9160003662109375
K3,7.14300012588501
M5,1.5190000534057617
A3,2.746999979019165
E5,7.505000114440918
J3,2.5360000133514404
P1,8.65999984741211
H6,1.8899999856948853
A5,2.5830001831054688
J3,2.767000198364258
C5,7.311999797821045
J1,12.059999465942383
I5,4.619999885559082
M2,2.1629998683929443
E4,1.6899999380111694
N2,6.932000160217285
M1,11.551000595092773
C1,2.9019999504089355
I6,2.427000045776367
D2,5.845999717712402
A6,1.8990000486373901
J6,7.250999927520752
G2,1.9249999523162842
G3,1.6610000133514404
L1,1.9279999732971191
D1,13.378999710083008
B4,5.630000114440918
L4,5.187000274658203
N5,8.852999687194824
N3,3.8999998569488525
B6,3.0209999084472656
A5,1.7109999656677246
D3,4.960000038146973
M3,1.8919999599456787
N2,8.244999885559082
F5,3.932000160217285
H4,2.371999979019165
N1,8.958000183105469
G4,1.6589999198913574
E3,2.075000047683716
H1,1.8909999132156372
D6,9.309000015258789
J2,4.6489996910095215
L1,16.55000114440918
P6,15.04800033569336
L2,7.804999828338623
J6,3.087999773025513
A6,2.072999954223633
L4,2.369999885559082
L4,2.364000082015991
N3,1.6730000972747803
D5,2.0880000591278076
P3,1.593999981880188
K2,1.6629999876022339
K2,5.335000038146973
P3,2.2279999256134033
A6,3.748999834060669
J5,8.902000427246094
O5,2.7269999980926514
J4,1.5399999618530273
J2,4.084000110626221
P5,1.8889999389648438
C6,2.871000051498413
I6,2.455000162124634
E4,9.618000030517578
I4,2.0979998111724854
I2,1.6230000257492065
D3,2.452000141143799
L5,1.7860000133514404
B2,1.5299999713897705
J2,2.286600112915039
D3,1.5410000085830688
M1,3.680999994277954
M2,6.63700008392334
L2,2.940000057220459
J5,5.603000164031982
A6,2.0969998836517334
M5,2.8459999561309814
E1,1.7020000219345093
I3,2.3459999561309814
K2,1.553999900817871
I2,2.1989998817443848
P2,7.204999923706055
B1,16.269001007080078
K4,1.7760000228881836
L3,1.8909999132156372
M1,1.7269999980926514
G5,2.11299991607666
O6,1.8949999809265137
L2,2.177000045776367
B5,1.6979999542236328
O3,2.1649999618530273
B2,5.7210001945495605
K6,8.069000244140625
E3,4.666999816894531
L1,1.812999963760376
N1,1.6949999332427979
H4,1.5729999542236328
C2,2.1619999408721924
B3,1.8630000352859497
D4,1.6850000619888306
P5,3.6419999599456787
E3,16.663000106811523
O6,6.269999980926514
A1,11.90000057220459
G2,1.7289999723434448
L6,8.538999557495117
A1,1.6410000324249268
E1,22.191999435424805
K2,1.7860000133514404
O6,4.684000015258789
O3,5.648000240325928
M4,8.500999450683594
G4,1.5950000286102295
O2,7.164999961853027
F2,2.0462499260902405
G6,1.8570001125335693
J5,8.209000587463379
F3,4.573999881744385
B4,14.050999641418457
B5,12.765999794006348
I1,4.985000133514404
L3,1.912000060081482
O6,1.74399995803833
O1,2.5279998779296875
G1,2.691999912261963
K6,19.548999786376953
D1,2.0399999618530273
D6,1.9570000171661377
I3,2.003999948501587
F3,2.4749999046325684
P2,1.8370000123977661
P5,2.4700000286102295
F3,8.427999496459961
P1,8.438000679016113
E2,7.172999858856201
H6,1.6899999380111694
F2,6.736000061035156
K1,6.190500020980835
M6,22.086000442504883
O5,3.75
O5,5.020999908447266
D2,3.2889997959136963
P2,11.501999855041504
D2,2.061000108718872
M4,4.610000133514404
N6,1.5660001039505005
P1,1.9819999933242798
B4,1.684000015258789
I4,8.914999961853027
O6,1.8230000734329224
C5,1.593000054359436
B5,2.5929999351501465
N2,1.5429999828338623
D2,1.7350000143051147
K1,2.138000011444092
P4,20.455001831054688
I6,7.534999847412109
H3,1.556999921798706
J2,1.9910000562667847
G4,6.577999591827393
B3,2.574000120162964
K4,14.156999588012695
O2,9.693000793457031
M5,1.8179999589920044
J3,1.5180000066757202
J5,4.861999988555908
I1,1.6929999589920044
D4,4.697000026702881
C1,2.0920000076293945
J4,6.479000091552734
F4,1.597999930381775
H4,8.967000007629395
L2,16.744001388549805
F2,5.659999847412109
F2,10.715999603271484
M4,1.6829999685287476
B6,1.7120000123977661
C6,4.442999839782715
F4,4.8480000495910645
H2,5.0320000648498535
K3,1.7070000171661377
K6,1.8609999418258667
B2,5.891199970245362
J4,1.9249999523162842
N1,1.6090000867843628
F2,1.9660000801086426
O2,14.25
I5,19.363998413085938
B5,1.750999927520752
C3,1.7480000257492065
H1,8.735000610351562
K6,2.557999849319458
C4,1.6640000343322754
C5,11.026000181833902
E1,1.9950000047683716
G1,5.453999996185303
O2,11.831000328063965
M6,1.934999942779541
B6,2.2300000190734863
J3,1.5379999876022339
J2,1.7480000257492065
O2,12.811999320983887
D5,1.9229999780654907
H5,6.5879998207092285
M4,7.500999927520752
K2,1.6080000400543213
B2,2.7360000610351562
C4,1.9950000047683716
F4,11.131999969482422
K1,12.604000091552734
J4,7.174000263214111
O5,4.319999694824219
C5,2.0420000553131104
I1,2.0810000896453857
E4,1.6859999895095825
P5,7.6489996910095215
E6,11.864499986171722
D4,4.542999744415283
M1,4.22599983215332
A2,3.753000020980835
N4,5.133999824523926
I5,6.650000095367432
D1,4.825999736785889
C5,4.486999988555908
D6,3.3005000352859497
D6,7.292999744415283
D6,1.6260000467300415
A4,1.5500000715255737
A1,7.59499979019165
B1,5.2860002517700195
D6,2.063999891281128
A6,6.969000339508057
G1,2.955666661262512
P1,17.642000198364258
O3,11.955999374389648
K3,1.6829999685287476
H1,7.605999946594238
B1,2.063999891281128
N2,1.6970000267028809
I4,1.6829999685287476
O4,1.7569999694824219
F5,1.7319999933242798
E3,2.694999933242798
F6,8.421000480651855
J2,3.1710000038146973
F1,1.8359999656677246
A6,1.781999945640564
D6,1.8700000047683716
A2,14.694999694824219
M2,8.174999237060547
P1,1.7730000019073486
F4,8.710000038146973
M2,2.501999855041504
H3,1.8799999952316284
E6,1.8436000347137451
K2,2.263000011444092
H3,6.5269999504089355
L1,19.072999954223633
L2,1.8700000047683716
P3,14.482999801635742
N6,1.8819999694824219
C3,4.711999893188477
D1,16.63599967956543
K3,1.8359999656677246
H6,1.8359999656677246
H6,7.685999870300293
N3,9.995999336242676
B3,1.9049999713897705
H2,1.6660000085830688
A3,1.9919999837875366
H1,2.241000175476074
A5,5.7769999504089355
O6,21.61199951171875
I4,8.246000289916992
P6,2.239000082015991
M5,5.555000305175781
O4,1.7760000228881836
B6,3.067000150680542
M1,1.7760000228881836
K5,23.67500114440918
O1,2.0260000228881836
N6,2.634000062942505
M5,1.6469999551773071
L2,1.7100000381469727
E5,3.254000186920166
M2,9.673999786376953
D6,2.930000066757202
A5,11.730999946594238
H2,9.878000259399414
G3,1.9589999914169312
G6,1.7109999656677246
J5,1.593999981880188
B6,1.5829999446868896
H5,1.6230000257492065
J3,10.598000526428223
N3,2.489000082015991
E3,2.4830000400543213
K6,14.050999641418457
K3,4.135000228881836
J4,1.7719999551773071
A2,5.105000019073486
P6,15.96299934387207
I1,2.2070000171661377
B6,1.6260000467300415
D6,6.934999942779541
G4,2.627000093460083
E1,15.929000854492188
D5,1.8550000190734863
C4,8.229999542236328
C6,11.074000358581543
J4,1.6380000114440918
F5,1.9799998998641968
P3,1.9519999027252197
P2,1.8819999694824219
B3,6.823999881744385
C1,1.6050000190734863
F3,7.500999927520752
L5,4.835999965667725
D2,8.180999755859375
K3,1.8630000352859497
F4,1.746000051498413
H1,1.5470000505447388
N5,2.4280002117156982
B6,55.88300323486328
F5,1.8289999961853027
L1,3.1089999675750732
A5,6.062199687957763
G4,4.670000076293945
B2,1.7049999237060547
I5,22.131999969482422
P4,1.809000015258789
D2,1.6139999628067017
C2,1.7650001049041748
M6,1.659999966621399
J1,12.687999725341797
C5,2.0850000381469727
G6,4.8329997062683105
N1,15.965999603271484
D6,1.5829999446868896
F5,6.701000213623047
D6,1.5010000467300415
D6,1.9910000562667847
D3,7.322000026702881
I1,8.74899959564209
A3,9.576000213623047
J5,1.5579999685287476
K5,11.10099983215332
K4,7.388999938964844
O3,1.6090000867843628
L4,13.055999755859375
A5,1.7610000371932983
D6,8.468000411987305
K1,2.569999933242798
D6,10.881000518798828
B6,1.5089999437332153
P1,2.399666726589203
H3,4.449999809265137
O5,14.500999450683594
E5,2.299999952316284
L2,2.2130000591278076
N6,8.434000015258789
H6,9.417999267578125
P5,1.8070000410079956
P4,3.008000135421753
E2,1.8600000143051147
J5,13.897000312805176
M3,2.180999994277954
I1,1.777000069618225
F1,10.914999961853027
K3,7.979000091552734
O5,2.2330000400543213
D4,3.437000095844269
G2,16.269001007080078
N1,2.3239998817443848
N2,3.824000120162964
D1,1.8700000047683716
D6,8.057000160217285
O6,1.587999939918518
P5,12.902999877929688
C4,1.7519999742507935
K5,5.021999835968018
P4,8.945000648498535
O4,1.7890000343322754
H1,9.371000289916992
E2,1.656000018119812
O3,2.7902000904083253
F1,9.265399861335755
G5,15.0910005569458
B2,1.6420000791549683
M6,6.324000358581543
J6,9.786999702453613
M4,7.400000095367432
H4,1.843999981880188
C1,2.0149998664855957
B6,2.2730000019073486
N3,1.6459999084472656
N5,5.448999881744385
N3,2.004999876022339
N5,8.336000442504883
B2,2.0339999198913574
L3,1.5889999866485596
I3,1.8600000143051147
D4,3.197999954223633
N5,1.843999981880188
J6,2.1740000247955322
I6,2.250999927520752
A3,1.7529999017715454
M3,2.0840001106262207
J4,1.5889999866485596
M2,1.9930000305175781
J2,4.521000385284424
C4,1.875
B6,6.2820000648498535
A2,1.9940000772476196
B4,7.426000118255615
L4,1.7979999780654907
I3,5.049999713897705
H3,7.497000217437744
B1,2.0999999046325684
J5,4.421000003814697
N3,9.514999389648438
H2,2.5279998779296875
H5,3.8360002040863037
C6,1.8359999656677246
A1,1.6169999837875366
O3,2.431999921798706
A2,2.093400001525879
B5,2.6029999256134033
E5,2.191999912261963
B3,4.36899995803833
A2,7.928999900817871
N3,5.363999843597412
H2,2.8359999656677246
G4,4.563000202178955
F2,2.373999834060669
O4,2.7880001068115234
H6,1.8380000591278076
O1,2.216999864578247
E6,2.2799999713897705
N2,1.627000093460083
E5,1.7280000448226929
F4,2.390000104904175
L5,17.85099983215332
E2,7.046999931335449
I6,1.5759999752044678
H6,2.450000047683716
E2,8.36299991607666
J2,24.875
H4,1.5369999408721924
H6,8.375
E3,3.5939998626708984
P4,1.8269999027252197
M1,1.5770000219345093
D5,7.3379998207092285
D1,1.621000051498413
A5,9.550999641418457
E5,11.814000129699707
G2,4.203999996185303
I6,17.152999877929688
D4,3.2289998531341553
C3,7.191999912261963
M3,2.42900013923645
N5,2.943000078201294
A1,15.029000282287598
N4,1.850000023841858
E1,9.971000671386719
L4,12.189000129699707
N2,1.7960000038146973
G1,1.8240000009536743
G4,1.8700000047683716
A6,11.741999626159668
H2,6.6010003089904785
B5,1.593000054359436
J5,8.062999725341797
N4,1.8040000200271606
E4,5.353999614715576
H3,4.816999912261963
H1,3.2820000648498535
F6,2.0769999027252197
L6,11.707000732421875
P3,1.6589999198913574
P5,10.140999794006348
M4,1.597999930381775
N2,5.483999729156494
N6,13.39799976348877
C6,1.805999994277954
E1,1.7000000476837158
C1,2.2860000133514404
B6,3.805999994277954
O4,1.8260000944137573
M6,1.7239999771118164
D5,8.453999519348145
M3,2.446000099182129
C1,2.0209999084472656
J5,1.812999963760376
J4,5.160000324249268
J3,2.3889999389648438
D5,1.878000020980835
E6,3
B6,1.4900000095367432
H2,1.6009999513626099
O5,8.288000106811523
E5,2.18999981880188
F3,7.236999988555908
P2,2.128000020980835
B6,9.317000389099121
C6,1.5750000476837158
G3,3.430999994277954
M5,18.190000534057617
H6,7.337000370025635
O6,2.5939998626708984
K1,1.971000075340271
H4,1.875999927520752
I3,1.7059999704360962
P5,3.00600004196167
D4,1.556999921798706
E6,1.590999960899353
I1,1.9359999895095825
I1,7.366000175476074
E6,3.4230000972747803
I4,15.510000228881836
H3,15.51099967956543
G4,1.6690000295639038
F1,3.5
L6,1.8930000066757202
A6,4.939000129699707
G6,5.2769999504089355
H6,1.8589999675750732
D2,1.5999999046325684
N2,1.6649999618530273
C2,1.684000015258789
I6,2.311999797821045
F6,8.461000442504883
E2,1.6670000553131104
M3,1.7999999523162842
E4,4.421000003814697
G2,9.108000755310059
P3,2.1029999256134033
D4,7.230000019073486
A2,6.769999980926514
N1,5.171800041198731
J5,1.6660000085830688
G1,1.8634000301361084
K1,1.7829999923706055
E2,1.7137999773025512
G3,1.902999997138977
O6,12.050000190734863
N1,16.548999786376953
H2,4.940999984741211
L2,4.497999668121338
I1,12.92300033569336
G2,1.8299999237060547
H3,14.348999977111816
I1,1.7030000686645508
K1,8.680999755859375
D1,1.812999963760376
B1,1.8329999446868896
O2,3.9650001525878906
N1,10.01099967956543
J1,2.007999897003174
B5,2.3390002250671387
I6,2.3910000324249268
J3,6.620999813079834
H5,2.25600004196167
J5,9.027999877929688
E1,2.2260000705718994
K1,1.9919999837875366
J5,8.314000129699707
E1,9.357999801635742
F2,1.71999990940094
K1,7.736000061035156
B3,6.703999996185303
O3,7.871000289916992
K1,5.929999828338623
J6,1.61899995803833
N5,1.7079999446868896
H2,1.6169999837875366
I4,12.036999702453613
M2,9.972999572753906
A6,1.5119999647140503
N4,3.4099998474121094
E3,1.8919999599456787
L4,2.9579999446868896
L2,2.509000062942505
P3,1.8650000095367432
A6,2.066999912261963
B1,19.494998931884766
M4,1.7030000686645508
I1,2.0300002098083496
B4,9.487000465393066
H5,6.626249730587006
A6,7.003999710083008
E6,5.661999702453613
M3,1.7130000591278076
A1,8.940999984741211
H5,14.72800064086914
P4,8.960000038146973
M6,2.634999990463257
M1,4.4760003089904785
H6,1.6150000095367432
L4,5.003999710083008
N2,3.5460000038146973
H3,1.9559999704360962
L1,6.965000152587891
D5,8.449000358581543
A4,3.0370001792907715
C1,2.254999876022339
A4,7.335999965667725
B2,3.1969997882843018
F5,11.694000244140625
H6,2.4830000400543213
M1,1.5069999694824219
L1,1.909999966621399
M5,8.006999969482422
C2,1.847000002861023
N5,1.9769998788833618
N1,2.0260000228881836
C6,1.9259999990463257
I3,1.718000054359436
B1,2.6010000705718994
N6,2.302999973297119
P6,1.6510000228881836
O2,2.0369999408721924
D2,1.75
B4,4.164999961853027
N6,4.525000095367432
E5,1.690999984741211
F3,1.5479999780654907
L4,5.214000225067139
C5,1.7620000839233398
C1,1.6159999370574951
K3,2.497999906539917
E1,1.840000033378601
P3,6.960000038146973
O6,4.910000324249268
I4,5.638999938964844
A2,12.64940013885498
E4,7.382999897003174
A6,1.819000005722046
E3,2.0390000343322754
N3,1.652999997138977
P2,7.382999897003174
P2,1.9229999780654907
B4,2.4129998683929443
C5,3.506999969482422
I3,1.9459999799728394
J4,2.057000160217285
G5,2.1510000228881836
K3,1.8600000143051147
L1,1.6349999904632568
M6,5.442999839782715
I6,432.9150085449219
G6,1.6710000038146973
H2,1.7170000076293945
E3,1.8339999914169312
J1,10.309000015258789
B5,10.105999946594238
N4,2.2760000228881836
M1,2.046999931335449
F2,2.7929999828338623
A1,2.444999933242798
N2,2.688999891281128
B3,9.59000015258789
G4,1.7409999370574951
N3,3.621000051498413
P4,1.9270000457763672
I4,4.720000267028809
N1,5.97599983215332
D2,3.308000087738037
B4,1.8889999389648438
A2,43.38100051879883
E6,3.7990000247955322
D6,19.466999053955078
G2,1.9799998998641968
L4,1.9359999895095825
F5,1.5080000162124634
A6,10.642999649047852
L6,1.6029999256134033
B6,1.9759999513626099
G3,1.524999976158142
K5,1.8939999341964722
H1,4.683000087738037
C2,2.5429999828338623
L1,17.03999900817871
H1,1.722000002861023
L1,1.5750000476837158
G6,10.677000045776367
O2,6.930999755859375
D6,1.6069999933242798
B5,9.58899974822998
A5,1.7569999694824219
O2,9.397000312805176
A5,3.1560001373291016
O3,2.06499981880188
F3,5.388000011444092
N4,1.6459999084472656
C4,2.3510000705718994
C2,1.9759999513626099
G6,1.7920000553131104
O5,1.7089999914169312
H3,10.75
J3,2.2929999828338623
H3,3.5280001163482666
E2,1.8489999771118164
H2,1.9162499904632568
O5,1.7910000085830688
B2,1.656000018119812
O1,1.6979999542236328
F6,6.619999885559082
A6,7.720999717712402
N6,1.5479999780654907
H2,1.777999997138977
N5,1.8899999856948853
C6,1.587999939918518
K3,9.819000244140625
L6,1.656000018119812
D4,2.388000011444092
G1,1.5699999332427979
J3,13.058000564575195
C4,2.0250000953674316
L6,1.6776000261306763
G6,1.5729999542236328
F3,1.7989999055862427
I2,4.397000312805176
N6,5.565000057220459
B3,18.298999786376953
L6,6.547999858856201
E5,4.644999980926514
E1,6.945999622344971
J1,1.8019999265670776
M4,13.506999969482422
P5,3.062000036239624
F3,15.222000122070312
M5,5.923999786376953
K4,1.8680000305175781
B3,8.143000602722168
B4,2.7679998874664307
F3,1.6439999341964722
N4,2.007999897003174
O4,1.4839999675750732
D5,9.400249719619751
F4,11.496000289916992
D5,1.6150000095367432
F3,1.8260000944137573
D6,3.0230000019073486
D1,5.184000015258789
A6,20.125999450683594
O2,5.289000034332275
N5,5.336999893188477
J5,2.678999900817871
M2,3.5199999809265137
E3,1.71999990940094
J3,3.8559999465942383
A6,4.259000301361084
D4,1.9610000848770142
K3,8.67300033569336
E4,6.854000091552734
E2,9.747000694274902
K2,7.039000034332275
N2,2.1589999198913574
G1,8.070000648498535
L2,11.432999610900879
C3,1.8220000267028809
O1,1.587999939918518
L2,9.369999885559082
O5,7.604000091552734
I3,3.437000036239624
G5,6.7799999713897705
J3,7.289999961853027
K6,1.8250000476837158
F5,6.229000091552734
I5,4.461999893188477
B6,1.906999945640564
H4,2.3259999752044678
I2,8.531000137329102
J6,5.236000061035156
F6,1.6570000648498535
B4,2.7129998207092285
O3,2.1740000247955322
D4,1.5440000295639038
G1,14.965999603271484
B1,2.007999897003174
B5,10.835000038146973
B2,1.5920000076293945
O1,1.684000015258789
M5,13.677000045776367
K1,8.343999862670898
D4,1.971000075340271
I6,7.503000259399414
I2,4.61899995803833
B1,8.004000663757324
H5,14.236000061035156
I1,1.628999948501587
B3,1.5529999732971191
E2,2.2639999389648438
H6,3.377000093460083
C6,1.909000039100647
M1,2.803999900817871
C4,4.699000358581543
I4,9.038000106811523
L6,2.5177998542785645
C4,33.055999755859375
N3,8.907999992370605
J5,15.131999969482422
J2,1.6740000247955322
G2,2.3350000381469727
D5,7.736999988555908
F3,4.823999881744385
K4,1.6360000371932983
H3,1.6369999647140503
P6,1.680999994277954
C1,1.556999921798706
I1,2.3289999961853027
P4,1.6959999799728394
E4,2.0179998874664307
L6,1.7079999446868896
G6,12.527000427246094
N6,3.011000156402588
L5,1.9079999923706055
H5,1.7259999513626099
J6,7.433000087738037
G6,5.171000003814697
P5,9.520999908447266
H4,5.968999862670898
B4,20.329999923706055
D2,1.912000060081482
P4,3.7779998779296875
L1,1.746999979019165
L4,5.09499979019165
P3,1.84499990940094
D5,11.647000312805176
B6,1.746000051498413
A2,15.961000442504883
N1,2.0989999771118164
B3,2.6059999465942383
J6,2.0810000896453857
D1,4.677000045776367
J2,1.7869999408721924
F5,8.463000297546387
M2,1.996000051498413
I6,1.8530000448226929
B4,2.05400013923645
M2,1.9270000457763672
G1,5.039000034332275
G1,16.200000762939453
K4,5.565000057220459
M5,1.6439999341964722
J4,2.8999998569488525
B3,1.6660000085830688
K6,2.308000087738037
A2,1.8880000114440918
J6,2.3889999389648438
O1,9.343000411987305
C5,1.5140000581741333
O1,9.795000076293945
C6,1.5080000162124634
K4,4.751999855041504
F2,7.74399995803833
E2,2.1689999103546143
O5,6.3429999351501465
G1,1.684000015258789
K1,2.26200008392334
J5,33.180999755859375
L5,4.590000152587891
K5,2.452000141143799
I1,2.251999855041504
G3,1.8489999771118164
G6,1.7319999933242798
A5,3.0820000171661377
P5,1.5529999732971191
D5,4.546999931335449
P2,1.656000018119812
O5,7.519000053405762
L3,1.5729999542236328
G1,1.7480000257492065
E5,1.8700000047683716
L1,1.9550000429153442
E4,1.5640000104904175
N5,1.627000093460083
I3,2.4996000289916993
P2,7.271999835968018
J3,2.1679999828338623
G5,1.8739999532699585
O6,13.607999801635742
O2,9.720999717712402
H2,3.9610002040863037
E2,2.114000082015991
M5,1.967000126838684
N4,1.7590000629425049
G5,5.421999931335449
I5,2.308000087738037
E1,4.144000053405762
F2,1.694000005722046
G3,3.876999855041504
B5,4.223999977111816
E1,5.6103997230529785
O1,1.680999994277954
G4,2.0910000801086426
O6,1.8509999513626099
B3,5.537999629974365
F5,1.8539999723434448
J5,1.5379999876022339
A3,18.259000778198242
E2,1.6740000247955322
E6,1.7710000276565552
L3,2.568000078201294
P4,2.07099986076355
B3,2.0119998455047607
F2,1.930999994277954
O3,1.5369999408721924
C2,5.129000186920166
H5,8.53499984741211
C1,1.9450000524520874
C1,2.503999948501587
L3,25.517000198364258
A3,22.187999725341797
B3,14.385000228881836
A1,1.7079999446868896
I2,2.2279999256134033
F4,1.624000072479248
F4,1.7020000219345093
E2,20.0210018157959
G1,1.6929999589920044
N4,8.476999282836914
F2,1.8309999704360962
N4,7.441999912261963
K5,13.342999458312988
I2,2.8989999294281006
A6,2.4059998989105225
I3,2.1440000534057617
M4,2.2219998836517334
C5,1.5089999437332153
H2,2.013000011444092
A4,4.9029998779296875
C4,1.7280000448226929
E4,7.2230000495910645
F5,2.1389999389648438
G6,5.169000148773193
C1,1.7209999561309814
N6,12.772000312805176
A4,13.372000694274902
F1,1.8429999351501465
D3,2.642000198364258
G2,9.873000144958496
K5,1.5709999799728394
E1,1.967000126838684
H6,1.6159999370574951
G1,1.7979999780654907
L5,7.026000022888184
E5,2.4049999713897705
F3,8.559000015258789
H1,7.755000114440918
H3,9.734000205993652
D6,13.403999328613281
N4,6.044000148773193
N4,2.4539999961853027
N5,14.248000144958496
L3,6.394999980926514
I4,2.557999849319458
O3,1.750999927520752
B3,1.5770000219345093
E4,16.225000381469727
N2,1.8680000305175781
A5,7.459000110626221
J1,7.639000415802002
C4,15.603999137878418
O1,6.493000030517578
O1,1.909000039100647
I3,1.687000036239624
J5,2.3910000324249268
D5,8.057000160217285
B6,3.2939999103546143
K4,15.70199966430664
C3,2.0360000133514404
E2,2.3589999675750732
E6,1.6829999685287476
O3,13.982999801635742
N1,7.360000133514404
M5,2.2990000247955322
H5,1.6029999256134033
M4,7.040999889373779
J2,8.6899995803833
B1,12.494999885559082
P4,13.969999313354492
E6,4.765000343322754
I2,1.5870000123977661
E5,1.7659999132156372
A1,2.806999921798706
I2,2.1619999408721924
G6,2.2279999256134033
H1,8.073999404907227
L5,15.543999671936035
N4,2.069000005722046
C4,1.7620000839233398
C1,7.197000026702881
F5,6.085999965667725
G5,1.902000069618225
N6,4.614999771118164
M4,1.725000023841858
M4,9.63800048828125
K1,1.556999921798706
N6,18.80500030517578
N5,1.7979999780654907
I5,2.3010001182556152
G2,2.115999937057495
D1,6.749000072479248
H3,1.9499999284744263
P2,5.098999977111816
I5,1.808000087738037
H6,9.501999855041504
P3,1.7359999418258667
J6,1.684000015258789
M1,1.9749999046325684
D3,11.780000686645508
M3,11.973999977111816
I5,2.055999994277954
M4,1.8880000114440918
O4,1.6430000066757202
P2,13.598999977111816
D4,7.27400016784668
F6,2.1500000953674316
F2,1.596000075340271
O1,1.6349999904632568
F6,1.9219999313354492
N4,10.729000091552734
A6,1.8919999599456787
G1,4.494000434875488
E3,5.912800121307373
K2,5.543000221252441
B2,3.5813999652862547
E5,4.210000038146973
G3,1.7100000381469727
F2,2.4059998989105225
C4,8.484999656677246
A1,1.7730000019073486
B5,1.6679999828338623
D1,1.9759999513626099
E4,8.008000373840332
A4,10.604999542236328
E3,1.6589999198913574
A5,19.099998474121094
L1,1.6670000553131104
E1,1.906000018119812
G1,2.0399999618530273
H6,14.121999740600586
C6,4.625999927520752
O4,6.5970001220703125
K5,1.9290000200271606
B4,1.8179999589920044
A3,2.120000123977661
H6,2.880000114440918
N3,3.3910000324249268
O2,1.9390000104904175
J5,8.477999687194824
B4,7.763000011444092
G4,7.263999938964844
C4,2.2360000610351562
N5,11.062000274658203
M5,1.5389999151229858
E3,2.1518000602722167
K1,12.39699935913086
P5,10.055999755859375
D2,9.446999549865723
B4,5.146999835968018
J3,1.6769999265670776
O3,1.5780000686645508
M2,2.2899999618530273
D6,5.392999649047852
F1,7.627999782562256
E5,2.265000104904175
P4,2.040000009536743
M6,2.194000005722046
B4,8.232999801635742
K1,12.75100040435791
L3,2.121000051498413
G6,5.704999923706055
J3,6.639999866485596
D5,1.9140000343322754
O4,1.8899999856948853
H4,12.616000175476074
P6,1.9110000133514404
A1,1.7369999885559082
M2,8.416999816894531
G2,3.7950000762939453
H5,3.3299999237060547
E6,6.841000080108643
H4,7.485000133514404
J1,8.875999450683594
A1,2.2819998264312744
G3,14.960999488830566
L4,7.832000255584717
N2,14.069999694824219
H4,9.572000503540039
C6,11.164000511169434
A5,6.565000057220459
G1,8.392999649047852
B5,5.508999824523926
B2,2.1080000400543213
C2,2.174999952316284
N1,1.7599999904632568
D2,1.6759999990463257
G6,3.240000009536743
K1,6.610749810934067
C3,1.628000020980835
M1,1.903999924659729
O6,1.5989999771118164
B5,3.8010001182556152
I2,1.625
C1,1.9279999732971191
M4,1.8799999952316284
M1,6.752999782562256
G4,23.441999435424805
L6,3.4549999237060547
N4,2.2249999046325684
G3,2.125
C5,3.5949997901916504
J2,1.9189999103546143
M3,13.28499984741211
F6,2.1689999103546143
J5,11.267999649047852
B4,8.880999565124512
H1,7.051000118255615
D1,2.2939999103546143
L3,1.5260000228881836
C3,3.319000005722046
E3,1.9140000343322754
A5,2.1629998683929443
O4,1.9240000247955322
I6,1.6690000295639038
C2,1.8350000381469727
C3,6.734999656677246
L2,31.33300018310547
N3,3.63700008392334
J6,1.899999976158142
P6,2.246000051498413
N6,2.309999942779541
H1,4.168749958276749
O3,13.560999870300293
E6,1.7910000085830688
O5,1.5810000896453857
I5,1.996000051498413
L5,7.526000022888184
C6,5.043000221252441
E2,10.687000274658203
D2,13.404999732971191
A3,7.5289998054504395
O5,1.621000051498413
K5,1.6670000553131104
H5,13.883999824523926
H6,5.671000003814697
N6,1.596000075340271
A3,6.771999835968018
G1,5.169000148773193
H1,1.6949999332427979
D4,2.2380001544952393
M5,11.85099983215332
I2,7.437999725341797
C2,7.198999881744385
G2,1.8650000095367432
A2,1.7659999132156372
C5,2.186000108718872
O4,10.345999717712402
G4,1.9610000848770142
L1,1.75
E4,13.378000259399414
D6,3.621000051498413
C6,1.7979999780654907
L3,8.306000709533691
K6,2.0349998474121094
G5,1.8939999341964722
F1,1.8100000619888306
J6,1.6690000295639038
G1,6.136000156402588
F4,2.4280002117156982
L6,9.278999328613281
G4,6.710999965667725
N3,15.74899959564209
B2,13.060999870300293
P6,5.058000087738037
O5,1.430999994277954
G4,1.832200002670288
O3,6.581999778747559
E4,2.2839999198913574
H5,4.745999813079834
J1,2.0850000381469727
H2,1.5729999542236328
H6,1.6449999809265137
P3,1.8140000104904175
H6,1.75
F4,2.1540000438690186
B2,6.607999801635742
O2,10.776000022888184
A2,2.9130001068115234
N3,1.722999930381775
L1,1.590000033378601
C5,11.697999954223633
M6,12.632999420166016
I4,1.9759999513626099
E6,9.363999366760254
L3,1.9240000247955322
J4,11.131999969482422
L2,6.194000244140625
E4,4.011000156402588
B6,2.2179999351501465
G1,1.8680000305175781
L4,2.9140000343322754
K2,14.294000625610352
G2,2.438249945640564
K4,9.475000381469727
B4,1.840000033378601
P6,1.8100000619888306
M4,14.381999969482422
B5,1.5399999618530273
B2,1.5500000715255737
E4,1.8899999856948853
C3,14.043999671936035
G1,13.8100004196167
H1,8.856999397277832
B4,3.8889999389648438
E6,6.514999866485596
M1,1.9850000143051147
L1,7.174000263214111
B3,1.9690001010894775
E3,9.045000076293945
E3,1.774999976158142
E1,5.564000129699707
F2,6.878000259399414
C2,1.6159999370574951
D5,7.805999755859375
F6,2.1730000972747803
D5,7.9443999290466305
B5,15.74899959564209
D5,1.8019999265670776
J3,1.8509999513626099
L4,1.6069999933242798
O3,13.829999923706055
A1,11.552000045776367
I2,1.9499999284744263
H1,17.52400016784668
O3,7.334000110626221
P4,1.7039999961853027
I5,2.2249999046325684
K6,1.621000051498413
B4,5.236200046539307
G6,1.7139999866485596
J5,1.875999927520752
P4,2.2890000343322754
H3,2.3130000829696655
G3,13.694000244140625
C5,1.9759999513626099
I3,7.784999847412109
G2,2.500999927520752
A6,2.2690000534057617
L2,6.206000328063965
L3,6.743000030517578
G6,1.909999966621399
J4,4.019000053405762
K2,1.8410000801086426
A5,4.738000392913818
C3,1.8639999628067017
C5,3.0970001220703125
M1,1.6679999828338623
L6,6.874000072479248
N2,2.3919999599456787
K2,1.8579999208450317
H4,2.7269999980926514
C3,81.88200378417969
D1,1.6510000228881836
A1,4.922000408172607
O4,16.121999740600586
P4,1.5829999446868896
J1,38.58000183105469
C5,1.784999966621399
A1,17.04199981689453
N3,1.8070000410079956
M1,12.548999786376953
A5,5.423999786376953
I1,4.993000030517578
H2,34.597999572753906
B1,4.928999900817871
P4,1.7049999237060547
J4,4.639999866485596
G3,1.6929999589920044
M6,1.6449999809265137
C6,2.1500000953674316
N3,6.699000406265259
K3,1.8119999170303345
H1,14.446000099182129
K5,20.378999710083008
O6,5.009999752044678
B4,32.874000549316406
B2,6.5839996337890625
F3,2.305000066757202
D5,5.086400079727173
F5,12.902000427246094
B4,1.7130000591278076
N2,6.297999858856201
O5,8.093000411987305
O6,6.442000389099121
E2,5.619999885559082
H4,7.441999912261963
P4,2.3510000705718994
O4,1.5889999866485596
P2,2.184000015258789
A4,1.8639999628067017
N3,8.548999786376953
C1,3.8439998626708984
F1,8.802000045776367
G4,9.406000137329102
F1,14.37399959564209
C6,1.5379999876022339
M2,2.1550002098083496
K4,2.4170000553131104
F5,20.73499870300293
C3,1.6059999465942383
O5,6.644000053405762
C1,14.14799976348877
J6,8.809999465942383
H4,1.8530000448226929
J2,1.9749999046325684
I3,1.8279999494552612
M5,1.903999924659729
K6,6.710999965667725
E6,1.6200000047683716
I2,1.875
B3,5.065999984741211
E4,1.7289999723434448
F4,12.776000022888184
N2,11.184000015258789
D2,16.418001174926758
E2,2.322999954223633
I1,2.072000026702881
A3,1.556999921798706
N6,5.138000011444092
M1,1.6589999198913574
P3,9.56100082397461
L3,11.96399974822998
O4,7.286999702453613
D4,1.8960000276565552
K6,1.6589999198913574
G4,6.559999942779541
I1,1.584999918937683
L6,6.138000011444092
K6,2.1679999828338623
H4,1.8289999961853027
K6,6.839000225067139
M2,2.072999954223633
E2,2.002000093460083
C3,2.242000102996826
I1,2.1059999465942383
A3,3.8519999980926514
C1,1.71999990940094
D5,8.331999778747559
G3,7.999000072479248
B2,1.5080000162124634
O1,14.241999626159668
E4,2.123000144958496
J4,1.9160000085830688
N1,3.115999937057495
O2,2.0139999389648438
E6,2.4639999866485596
P3,4.310000419616699
J4,2.07099986076355
F5,1.6769999265670776
I2,7.207000255584717
L4,5.011000156402588
P6,13.904999732971191
I2,6.932000160217285
K6,1.6019999980926514
J2,3.0779998302459717
D1,1.781999945640564
C6,7.776000022888184
O5,4.810999870300293
E4,2.3930001258850098
H4,7.03049972653389
F4,1.6180000305175781
H4,1.555999994277954
A6,1.9529999494552612
L3,1.9529999494552612
L3,1.8660000562667847
H5,6.072000026702881
K5,1.9459999799728394
C5,2.180999994277954
K4,1.6439999341964722
I2,11.309000015258789
B4,3.6957998275756836
D3,2.309999942779541
L5,6.229000091552734
N2,3.1679999828338623
K5,2.069000005722046
I1,11.843999862670898
F5,4.5279998779296875
C3,4.59499979019165
G3,1.906000018119812
B6,13.97599983215332
N5,1.7519999742507935
F2,1.5679999589920044
E6,3.677000045776367
B6,1.8609999418258667
N5,1.5699999332427979
N6,8.506000518798828
I5,8.454999923706055
K5,1.722999930381775
J6,7.244000434875488
P3,1.5740000009536743
E2,2.046999931335449
I5,4.982000350952148
N5,7.298999786376953
M4,2.8359999656677246
P6,7.267000198364258
M3,7.235000133514404
D2,1.6890000104904175
N2,6.953999996185303
O5,12.755000114440918
H1,7.638000011444092
M3,11.718999862670898
N4,1.812399935722351
F5,2.8329999446868896
J3,3.0910000801086426
E1,1.524999976158142
B1,4.459000110626221
J1,15.140999794006348
H6,2.565999984741211
D5,2.889000177383423
N4,12.057999610900879
J5,1.750999927520752
N5,4.672000408172607
I3,2.0900001525878906
O6,10.383999824523926
L4,1.5500000715255737
J4,2.7719998359680176
I1,3.9619998931884766
A6,2.0269999504089355
K6,2.06000018119812
E6,1.6890000104904175
M5,1.5829999446868896
J6,2.1670000553131104
L5,1.6139999628067017
F4,1.7940000295639038
K6,1.971000075340271
B2,4.675000190734863
G1,1.8899999856948853
O4,1.593999981880188
F5,1.8279999792575836
G6,1.6740000247955322
G2,1.7999999523162842
L4,6.595000267028809
M3,1.5119999647140503
C3,1.5720000267028809
M3,1.933000087738037
J2,1.562000036239624
P5,4.581000328063965
K1,3.7360000610351562
C4,4.079999923706055
I4,1.9170000553131104
M3,4.6080002784729
P1,2.0379998683929443
F1,1.5350000858306885
K5,3.6640000343322754
N2,4.7230000495910645
C2,8.531999588012695
D5,16.243000030517578
I1,1.5119999647140503
P1,2.634000062942505
I6,1.7790000438690186
L4,9.67300033569336
E5,7.3480000495910645
H2,2.616999864578247
E6,8.059999465942383
G3,14.10099983215332
F6,10.061999320983887
B3,1.5759999752044678
K3,1.78000009059906
L3,10.767999649047852
H5,10.109000205993652
F2,7.246000289916992
P5,12.625
F3,1.7719999551773071
A6,1.5759999752044678
B3,2.3630001544952393
L3,6.7739996910095215
P5,1.9369999170303345
I3,2.302000045776367
H6,7.335999965667725
L5,13.293000221252441
A2,7.247000217437744
N6,1.918600034713745
N2,4.668000221252441
N6,4.759000301361084
L1,13.28600025177002
C2,17.152000427246094
I3,7.705000400543213
L4,5.579999923706055
F3,16.891000747680664
I3,1.88100004196167
O2,14.229000091552734
J2,1.6449999809265137
G3,1.8660000562667847
D2,1.753999948501587
J1,1.7030000686645508
N1,5.223000144958496
C1,2.1926000118255615
B5,8.534000396728516
H1,1.652999997138977
E4,4.771999835968018
E6,8.927000045776367
M4,2.2269999980926514
O1,1.6720000505447388
F3,2.2980000972747803
C5,1.7130000591278076
I5,2.5399999618530273
J2,14.491000175476074
M5,4.5329999923706055
P5,8.984999656677246
N5,4.422999858856201
O1,1.7730000019073486
E5,1.7790000438690186
E4,1.6679999828338623
F5,1.593000054359436
J1,1.8220000267028809
J3,2.636000156402588
F1,11.89699935913086
C6,1.88100004196167
M4,1.749000072479248
J3,1.6660000085830688
D6,2.0910000801086426
C1,7.204999923706055
I4,2.117000102996826
I6,1.8279999494552612
J3,1.6029999256134033
F3,1.811000108718872
J2,1.8570001125335693
N6,1.6480000019073486
O1,5.638999938964844
I5,1.6640000343322754
C1,8.005999565124512
E3,2.0230000019073486
G3,1.6439999341964722
N1,1.49399995803833
O2,9.880000114440918
G3,8.597999572753906
G5,7.876999855041504
P5,1.9210000038146973
O6,1.934999942779541
C4,6.645999908447266
H3,2.1089999675750732
P3,8.507999420166016
F6,4.741000175476074
E5,2.19599986076355
K3,9.569999694824219
P1,1.958400011062622
C5,7.428999900817871
N3,1.7089999914169312
M3,2.0390000343322754
A5,3.2339999675750732
J5,1.5989999771118164
K5,8.633999824523926
J6,1.843999981880188
F1,8.755000114440918
J5,1.8339999914169312
C4,8.461000442504883
J6,13.982999801635742
N3,1.8570001125335693
L5,2.061000108718872
B3,2.005999803543091
E3,4.598999977111816
K2,19.25200080871582
M3,7.750999927520752
L5,54.459999084472656
B1,13.8149995803833
G2,14.923999786376953
K2,1.7160000801086426
C6,6.273666342099507
L1,13.821000099182129
I2,1.8939999341964722
B3,19.532001495361328
C5,1.462999939918518
N3,3.635999917984009
K2,2.06000018119812
B6,1.7020000219345093
B6,4.210000038146973
G4,2.9029998779296875
G1,4.439999580383301
E2,1.7719999551773071
C1,1.6660000085830688
B2,9.119999885559082
F3,4.9679999351501465
O3,9.894000053405762
D5,1.8990000486373901
O5,3.5508331855138144
D5,9.375999450683594
D3,7.935999870300293
L5,1.5040000677108765
J5,7.464999675750732
A1,1.781000018119812
F3,4.989999771118164
I6,7.578000068664551
P4,5.01800012588501
P3,1.88100004196167
J2,1.5210000276565552
I2,1.6399999856948853
F5,2.2249999046325684
L5,3.9599997997283936
G5,4.325999736785889
A6,1.9259999990463257
E2,1.9390000104904175
B2,11.89799976348877
M2,4.98799991607666
D6,2.322800040245056
F3,11.676000595092773
M2,2.2660000324249268
A1,7.37399959564209
I2,2.140000104904175
L2,8.644999504089355
K5,7.441999912261963
O4,2
C4,1.878000020980835
M4,7.8919997215271
C4,7.5420002937316895
D1,2.118000030517578
E1,2.0460000038146973
B3,1.5360000133514404
H4,2.0429999828338623
P3,2.25600004196167
O3,8.75249981880188
G2,1.9839999675750732
L2,1.9279999732971191
J1,5.202999591827393
J4,3.5240001678466797
D6,2.2139999866485596
I3,1.624000072479248
K1,2.562999963760376
H4,2.0940001010894775
A1,1.9919999837875366
G5,7.599999904632568
N5,7.232999801635742
O1,1.7630000114440918
E1,4.497999668121338
P1,14.999000549316406
K4,25.076000213623047
P4,1.6360000371932983
L5,2.111999988555908
E1,1.715000033378601
B4,4.9079999923706055
F6,2.990000009536743
N3,2.05400013923645
A4,3.4759998321533203
P3,29.59600067138672
D1,9.51300048828125
C4,12.938000679016113
L6,9.6850004196167
A2,3.3489999771118164
K1,1.7340000867843628
E5,4.9079999923706055
H5,19.49799919128418
E4,11.083999633789062
P6,3.134000062942505
A6,1.5720000267028809
J5,1.8700000047683716
M1,2.244000196456909
F5,1.7009999752044678
D6,14.209000587463379
F5,2.177999973297119
D3,6.849999904632568
M3,10.182000160217285
P3,6.604999542236328
O6,1.8600000143051147
J2,1.6180000305175781
L2,1.6299999952316284
H3,1.8170000314712524
H4,1.5600000619888306
M2,8.63800048828125
D2,2.117000102996826
I3,2.187999963760376
B5,4.545166532198588
I5,2.5869998931884766
P5,7.960000038146973
H2,7.051000118255615
B4,1.6619999408721924
C2,1.9420000314712524
M5,12.73799991607666
I1,1.965000033378601
B5,1.74399995803833
F2,2.560999870300293
C2,7.400999546051025
D3,9.298999786376953
D5,1.7680000066757202
N1,4.213000297546387
B3,3.1659998893737793
L2,14.503999710083008
P3,1.7569999694824219
M3,9.887999534606934
G5,2.2890000343322754
M6,1.5210000276565552
F2,2.310999870300293
J3,1.9739998579025269
N4,1.4980000257492065
I2,6.382999897003174
D4,15.471000671386719
N4,5.369999885559082
L1,4.6080002784729
G2,3.062999963760376
G1,5.72599983215332
P5,2.993000030517578
B2,6.5980000495910645
J4,4.385000228881836
H2,1.590999960899353
P4,2.5759999752044678
F3,1.7319999933242798
A4,4.339000225067139
G2,1.8380000591278076
F6,1.8119999170303345
A4,1.965000033378601
P1,2.572000026702881
C3,11.831000328063965
M4,7.309999942779541
F6,1.6710000038146973
D5,1.5379999876022339
A1,1.9470000267028809
B2,4.670000076293945
N3,8.496999740600586
D3,1.624000072479248
L5,7.849999904632568
N4,1.8650000095367432
F5,9.968999862670898
B6,1.652999997138977
O5,2.5410001277923584
O3,2.6730000972747803
G5,2.0300002098083496
L2,13.647000312805176
J5,1.753999948501587
H4,6.5239996910095215
D6,12.536999702453613
A1,1.9290000200271606
A4,4.939000129699707
O6,2.9605000813802085
E5,1.6459999084472656
H1,11.64900016784668
H5,1.7239999771118164
C3,7.658999919891357
D5,2.1110000610351562
F2,1.9390000104904175
I4,2.888000011444092
G2,2.449000120162964
D3,1.8350000381469727
M4,6.167999744415283
O3,13.523000717163086
D2,1.6100000143051147
E1,6.6419997215271
K3,1.8389999866485596
F2,1.5709999799728394
M4,2.2829999923706055
I3,3.6805999755859373
J2,1.5810000896453857
C3,4.879000186920166
N6,1.5750000476837158
E3,5.187999725341797
O4,1.5470000505447388
O1,5.648000240325928
E5,7.994999885559082
F4,1.8840000629425049
G5,1.9369999170303345
L1,3.865000009536743
M6,1.7999999523162842
E2,11.381999969482422
B4,1.8849999904632568
D4,5.039799857139587
B3,1.7000000476837158
N1,2.759999990463257
N3,5.724999904632568
N4,7.756999969482422
P6,1.940999984741211
N1,4.991999626159668
L2,3.053999900817871
L3,1.9697999954223633
J4,9.559000015258789
C2,8.204999923706055
F5,1.8420000076293945
M2,7.003999710083008
K1,13.940999984741211
E5,2.0510001182556152
C5,4.548999786376953
M5,4.836999893188477
J6,5.754000186920166
F3,5.0320000648498535
M1,1.9759999513626099
O5,2.452000141143799
N6,12.49899959564209
C1,9.448999404907227
F3,8.71399974822998
C5,1.6790000200271606
I3,1.5509999990463257
I2,1.6799999475479126
H3,1.970000147819519
F1,10.227999687194824
C4,9.657999992370605
K5,1.777000069618225
F3,7.534999847412109
M1,4.968999862670898
D3,3.746500015258789
P4,12.468999862670898
E2,2.2300000190734863
D3,1.6510000228881836
F6,13.058000564575195
E3,8.309000015258789
C6,1.8070000410079956
M3,3.1019999980926514
M2,2.2920000553131104
K2,1.8339999914169312
C6,1.8720000982284546
I2,1.9859999418258667
H4,2.0209999084472656
M5,1.8669999837875366
E4,4.563999652862549
B5,8.052000045776367
F3,1.5699999332427979
A6,1.6570000648498535
N6,1.8539999723434448
J3,1.6820000410079956
L5,2.057000160217285
H4,8.88599967956543
C1,2.05400013923645
K3,6.812999725341797
O3,10.454999923706055
J1,2.2039999961853027
B4,14.321999549865723
E1,1.7319999933242798
P4,9.12600040435791
H6,8.204000473022461
A5,1.6039999723434448
J4,3.4140000343322754
M2,33.32500076293945
B4,10.285999298095703
K6,1.7699999809265137
E5,1.649999976158142
M2,17.88800048828125
G1,1.6480000019073486
G2,1.597999930381775
M6,1.6769999265670776
N3,17.20599937438965
G4,8.067999839782715
B4,7.730000019073486
P2,1.7920000553131104
F2,6.638999938964844
K6,3.073000192642212
A1,7.269000053405762
I1,3.5230000019073486
E3,1.722999930381775
M2,2.062000036239624
O5,2.055000066757202
E2,2.705000162124634
P4,1.6820000410079956
K6,3.0739998817443848
N1,7.349999904632568
C4,3.1640000343322754
H6,2.125999927520752
K3,7.193999767303467
E1,2.4790000915527344
D2,2.197000026702881
O6,14.825000762939453
D3,2.4539999961853027
J5,1.7350000143051147
C3,8.937999725341797
M1,1.9930000305175781
O2,1.8200000524520874
M2,5.076000213623047
J3,1.7030000686645508
E1,2.0920000076293945
G4,2.2780001163482666
L1,4.9019999504089355
C2,1.8919999599456787
H4,9.61299991607666
N5,2.2920000553131104
M1,2.861999988555908
D2,1.6110000610351562
K1,2.6499998569488525
K4,7.540999889373779
P4,12.649999618530273
C4,10.296000480651855
J2,17.178001403808594
C2,1.9290000200271606
A6,10.98699951171875
A6,10.418999671936035
J6,2.1419999599456787
I5,5.457250028848648
O4,1.6349999904632568
B5,1.5210000276565552
N6,17.3574010848999
B6,7.741999626159668
C2,1.7000000476837158
O5,1.9079999923706055
N1,1.8609999418258667
D6,2.177999973297119
E3,31.355998992919922
K6,1.534000039100647
E4,1.71999990940094
F5,1.9610000848770142
P3,1.6959999799728394
B5,1.6799999475479126
I2,5.308000087738037
P2,6.788000106811523
P1,5.0929999351501465
C2,10.273999214172363
C1,15.704000473022461
G1,5.038000106811523
F2,1.7170000076293945
D6,6.87600040435791
J3,4.681000232696533
L6,25.056001663208008
B6,1.5800000429153442
P3,14.303999900817871
B2,3.43500018119812
L5,2.115999937057495
M6,4.324000120162964
P4,1.8489999771118164
A1,2.5260000228881836
K6,10.25
A1,1.5099999904632568
D3,2.557999849319458
H1,7.999000072479248
A6,1.6660000085830688
M3,8.506999969482422
G6,2.9709999561309814
H2,4.9760003089904785
M4,11.130999565124512
G3,2.115000009536743
A1,6.271999835968018
H2,4.575999736785889
I5,4.8520002365112305
C1,2.001000165939331
A2,3.868000030517578
L6,6.7170000076293945
P1,2.0269999504089355
E1,1.7659999132156372
F1,2.2660000324249268
I2,14.067999839782715
I5,10.134000778198242
O5,2.1059999465942383
L3,1.7170000076293945
E4,5.756999969482422
G1,1.7929999828338623
I1,1.6330000162124634
I2,7.884999752044678
D1,7.36400032043457
A5,8.279999732971191
I4,1.75
K3,14.999000549316406
K3,1.652999997138977
F1,1.9199999570846558
H5,2.3320000171661377
K1,8.632999420166016
B4,1.5839999914169312
M3,3.7130000591278076
P3,1.6309999227523804
J3,4.485000133514404
L1,5.367000102996826
B6,5.0269999504089355
L2,2.1629998683929443
K3,8.71399974822998
A4,4.446000099182129
L4,1.875
K4,1.746000051498413
N4,6.692999839782715
E3,1.937999963760376
G1,2.384999990463257
F1,1.6610000133514404
D5,1.5519999265670776
O5,1.9690001010894775
N5,1.6169999837875366
M2,1.687000036239624
M5,3.2240002155303955
B6,1.805999994277954
A3,9.0600004196167
G3,10.5600004196167
I2,14.259000778198242
I1,14.10099983215332
K1,1.8619999885559082
M2,16.566999435424805
L4,1.6169999837875366
H5,2.3399999141693115
G2,14.461000442504883
K6,1.555999994277954
J1,7.349999904632568
L4,4.020999908447266
G3,11.168000221252441
M2,16.451000213623047
O4,1.8140000104904175
L6,1.7130000591278076
H5,1.74399995803833
E4,1.8149999380111694
L1,2.194999933242798
B5,4.798999786376953
D6,11.776999473571777
P6,4.795000076293945
B2,2.372999906539917
L6,11.501999855041504
N3,2.6050000190734863
B3,6.165999889373779
N3,1.5609999895095825
F2,1.7669999599456787
F6,1.6949999332427979
I6,6.788000106811523
J6,1.621000051498413
E3,2.4000000953674316
N3,5.3460001945495605
D6,1.6230000257492065
O4,11.107999801635742
K3,8.281000137329102
I6,3.4179999828338623
E5,3.3350000381469727
J3,6.315000057220459
O1,4.86899995803833
H5,1.8220000267028809
L6,4.934999942779541
D6,2.183000087738037
F6,4.61899995803833
J2,9.468000411987305
C6,2.9110000133514404
C5,1.8799999952316284
O2,2.1059999465942383
D6,1.590999960899353
C3,3.572999954223633
E1,16.50400161743164
K6,2.2330000400543213
L4,4.836999893188477
K4,5.0229997634887695
P5,2.510999917984009
C1,5.111000061035156
P5,6.200999736785889
M5,4.8420000076293945
H5,1.7569999694824219
F1,1.6959999799728394
O3,1.6519999504089355
H1,1.872999906539917
H5,3.5339999198913574
H6,1.9390000104904175
E3,2.128000020980835
P1,5.929000377655029
I1,2.7730000019073486
B1,9.012999534606934
L4,1.7330000400543213
H1,4.958000183105469
L2,6.556999683380127
N5,2.4189999103546143
G4,1.8660000562667847
L1,1.553999900817871
H2,2.2360000610351562
I6,8.901000022888184
L6,1.6510000228881836
O5,18.246000289916992
D5,8.939000129699707
I2,2.1689999103546143
D1,2.7239999771118164
F1,1.715000033378601
L3,1.8220000267028809
L3,7.37999963760376
I1,6.318000316619873
J5,8.890000343322754
A3,1.5789999961853027
N1,11.702000617980957
I4,9.902000427246094
P6,1.9799998998641968
J1,6.734999656677246
G2,8.692000389099121
H6,4.703000068664551
N3,2.123000144958496
L1,4.608999729156494
A5,1.6949999332427979
B4,1.9779999256134033
A6,1.6949999332427979
M6,6.2853998184204105
H1,1.819000005722046
D6,1.7130000591278076
H4,2.4457999229431153
L3,12.767000198364258
G2,1.8289999961853027
P5,9.32800006866455
H2,6.719000339508057
M1,5.577199983596802
E4,8.114999771118164
N5,1.7389999628067017
A4,2.9239999850591025
B4,2.5410001277923584
L4,1.6029999256134033
K3,2.0910000801086426
E5,4.794000148773193
A4,7.517000198364258
M3,1.6880000829696655
E5,1.7409999370574951
D4,1.718000054359436
K6,1.6339999437332153
N5,1.6410000324249268
C1,3.842833240826925
G4,8.414000511169434
B4,7.242000102996826
E3,1.9759999513626099
K2,1.659999966621399
G2,1.6159999370574951
M6,2.2279999256134033
A6,5.736999988555908
A3,6.613999843597412
C4,1.7139999866485596
B4,2.327000141143799
E1,1.5210000276565552
M4,1.7409999370574951
I3,2.497999906539917
N2,8.879000663757324
N6,5.446000099182129
K4,13.918000221252441
J2,7.553999900817871
G6,1.5640000104904175
F5,5.542799949645996
H6,1.5800000429153442
N4,2.515000104904175
P4,2.2639999389648438
E4,1.6360000371932983
P2,13.85099983215332
F1,7.5320000648498535
C4,1.527999997138977
J6,27.461999893188477
I5,1.7020000219345093
A5,1.8050000667572021
B5,4.666000032424927
E5,14.108999252319336
O6,1.9749999046325684
F6,7.940999984741211
N6,1.7310000658035278
M6,11.144000053405762
N5,5.948999881744385
M2,2.1292500495910645
B6,5.26800012588501
I2,2.002999782562256
K1,7.881999969482422
D5,6.63100004196167
M2,1.8489999771118164
D4,8.321999549865723
E4,2.628000020980835
F6,3.552000045776367
I5,1.6390000581741333
D4,10.947000503540039
D6,7.761000156402588
A3,23.369998931884766
M3,1.6489999294281006
M6,2.13700008392334
H4,2.9529998302459717
G4,2.126999855041504
E5,1.8230000734329224
M4,2.800999879837036
H1,2.0160000324249268
B2,15.79800033569336
O2,2.0490000247955322
G2,2.319000005722046
F6,5.646000385284424
L1,4.982000350952148
L5,14.711000442504883
A6,1.6549999713897705
I4,1.5579999685287476
B1,2.194000005722046
P2,2.058000087738037
O6,5.073000431060791
F2,1.5810000896453857
P1,4.138000011444092
O2,1.8179999589920044
C5,1.940999984741211
I1,17.52699851989746
O1,8.473999977111816
M5,5.2179999351501465
M4,6.790999889373779
E3,1.6720000505447388
I1,1.555999994277954
B2,1.6540000438690186
K3,1.6959999799728394
H2,2.0820000171661377
K4,6.784999752044678
C5,1.7280000448226929
E6,6.246000289916992
M3,4.98799991607666
K1,1.8960000276565552
B2,2.2309999465942383
H3,13.125
M6,1.7350000143051147
E1,1.7359999418258667
N2,7.517000198364258
C1,12.972000122070312
K6,1.6929999589920044
N4,1.6670000553131104
K5,1.8072499930858612
M3,5.434000015258789
C2,1.4700000286102295
L3,42.69900131225586
B2,7.2860002517700195
K3,6.121500015258789
I5,13.093999862670898
K1,8.895999908447266
P5,1.809000015258789
I3,13.046000480651855
M4,2.3910000324249268
A6,17.399999618530273
O6,11.366000175476074
D2,1.8179999589920044
H6,8.572000503540039
J3,8.054999351501465
H2,2.5169999599456787
M3,1.75600004196167
K1,1.7030000686645508
P2,1.5210000276565552
D2,1.6761999607086182
G2,2.120000123977661
I5,7.540999889373779
F5,1.6399999856948853
G5,1.6589999198913574
O5,1.781999945640564
E5,1.7120000123977661
E3,5.190999984741211
D4,4.886000156402588
K2,8.534000396728516
A6,1.8530000448226929
G1,6.802000045776367
H1,17.917999267578125
P3,2.7970001697540283
H6,6.203000068664551
H5,1.8930000066757202
A2,9.098999977111816
K1,1.7289999723434448
C5,11.207999229431152
D1,2.0360000133514404
B4,2.131999969482422
O1,2.317999839782715
J1,4.047999858856201
M6,9.708000183105469
I2,2.2169997692108154
L3,3.1549999713897705
M3,2.2199999690055847
J4,13.670999526977539
M5,1.8539999723434448
L5,3.493000030517578
A1,11.373000144958496
N4,2.0810000896453857
O6,1.5509999990463257
B5,5.044000148773193
K1,6.678999900817871
K3,1.8140000104904175
B1,13.918000221252441
L6,2.388000011444092
E2,1.8739999532699585
N2,7.482000350952148
H5,2.2160000801086426
F5,1.6380000114440918
G3,4.88100004196167
F2,2.0230000019073486
D4,7.8480000495910645
F4,23.128999710083008
C6,6.0370001792907715
B3,1.8100000619888306
H5,12.721999168395996
B2,9.914999961853027
L4,13.156999588012695
G1,1.6110000610351562
J3,6.651000022888184
F3,1.7839999198913574
J6,2.571000099182129
N6,2.5440001487731934
C4,1.999000072479248
B3,1.6029999256134033
D5,2.253999948501587
C6,1.6200000047683716
K4,1.9829999208450317
F1,5.413000106811523
D1,2.0300002098083496
K1,7.253000259399414
D1,2.0420000553131104
E3,7.431999683380127
O6,2.0409998893737793
G4,5.121999740600586
I1,1.7689999341964722
H3,1.9519999027252197
J6,1.8939999341964722
O3,9.326000213623047
I4,11.3100004196167
L2,5.497000217437744
K6,17.81999969482422
E3,4.61899995803833
O3,4.64300012588501
F3,1.9470000267028809
B5,4.958000183105469
M4,1.5759999752044678
H5,2.3510000705718994
C3,1.6720000505447388
P4,1.6120001077651978
D4,3.13539981842041
O3,1.8220000267028809
F3,10.312999725341797
J2,1.718000054359436
P2,1.565000057220459
J2,1.965000033378601
O1,7.223999977111816
H5,6.178999900817871
I6,4.171999931335449
E4,2.3529999256134033
A1,1.5529999732971191
J5,27.38800048828125
N6,2.109999895095825
C4,10.053999900817871
E2,2.115000009536743
G4,2.5139999389648438
C6,5.444000244140625
D5,7.559000015258789
I6,6.413000106811523
P1,1.746000051498413
J2,4.811999797821045
D3,1.5399999618530273
J2,5.76800012588501
F4,1.7079999446868896
D6,1.7089999914169312
M4,2.427000045776367
C6,6.909999847412109
A2,4.414999961853027
H2,6.192999839782715
P1,2.2950000762939453
G2,1.7389999628067017
D6,1.7350000143051147
K5,1.691999912261963
C4,4.482999801635742
H6,1.8909999132156372
A2,2.871000051498413
F5,4.935999870300293
E2,11.065999984741211
C5,1.6510000228881836
G5,1.690999984741211
I4,10.982999801635742
B2,3.7839999198913574
F5,2.0409998893737793
I6,1.9249999523162842
A1,27.11199951171875
J2,1.9819999933242798
E3,1.8600000143051147
P3,3.4871666431427
M2,8.82800006866455
K6,1.774999976158142
D2,1.8029999732971191
G3,13.050000190734863
P4,8.467000007629395
L1,7.493000030517578
G3,1.6319999694824219
C2,1.8849999904632568
H3,1.4459999799728394
O1,5.879000043869018
K4,1.7030000686645508
M5,4.366000175476074
F4,9.604999542236328
K3,1.9570000171661377
F6,3.5900001525878906
G4,9.2160005569458
I1,2.3439998626708984
N5,3.8235000371932983
M6,19.014999389648438
F6,1.8359999656677246
H6,1.9079999923706055
N5,1.596000075340271
J1,3.3889999389648438
K6,8.403999328613281
D3,1.5170000791549683
N2,3.3869998455047607
M5,11.161999702453613
E3,6.565000057220459
H6,2.200000047683716
K2,8.423999786376953
E6,1.6640000343322754
K3,1.6949999332427979
E3,11.540999412536621
F6,9.054999351501465
A2,3.7829999923706055
L6,7.209000110626221
I5,1.7419999837875366
E1,1.6564000129699707
O1,1.7580000162124634
C3,7.2179999351501465
M5,2.059000015258789
E4,5.7870001792907715
J3,12.89799976348877
F2,8.27500057220459
B3,1.9259999990463257
F1,2.2269999980926514
O1,8.085000038146973
O6,1.9589999914169312
H2,1.8550000190734863
P3,8.441999435424805
O1,11.907000541687012
L3,2.7940001487731934
J4,4.131999969482422
P6,1.8509999513626099
B1,6.589999675750732
P5,7.210999965667725
O1,3.315000057220459
D2,1.9290000200271606
C1,1.8930000066757202
L2,4.9679999351501465
H1,2.2339999675750732
F3,2.1069998741149902
G2,8.887999534606934
P2,1.6949999332427979
I1,1.8289999961853027
I2,2.007999897003174
P1,1.8969999551773071
C3,1.944000005722046
F6,2.7660000324249268
I4,2.3980000019073486
P2,14.7839994430542
A1,1.7630000114440918
N4,3.9049999713897705
H1,3.5989999771118164
G1,4.255000114440918
A4,1.8579999208450317
K2,8.322999954223633
P6,2.1039998531341553
I2,1.5479999780654907
O1,3.0230000019073486
M6,2.806999921798706
J1,2.1050000190734863
F2,16.838998794555664
P3,1.6410000324249268
D5,1.7070000171661377
C2,4.9760003089904785
L1,6.4710001945495605
B2,4.035000324249268
E3,3.444999933242798
N2,2.11899995803833
J5,1.9950000047683716
P3,8.54699993133545
C1,1.9249999523162842
M5,2.322999954223633
G6,12.166999816894531
K6,17.399999618530273
D2,1.7669999599456787
G4,2.3610000610351562
F2,1.8235999822616578
L2,2.9079999923706055
F6,1.5920000076293945
H5,5.946000099182129
K5,9.229999542236328
O5,1.9759999513626099
K1,5.049000263214111
O4,11.11400032043457
F4,4.133999824523926
G1,2.6480000019073486
O4,1.8149999380111694
F6,13.791999816894531
J2,3.3824000358581543
C3,1.902999997138977
H3,11.067000389099121
G4,1.6069999933242798
C6,2.247000217437744
N5,8.489999771118164
C6,3.949000120162964
P6,2.9630000591278076
K6,8.892000198364258
B5,14.383000373840332
J3,10.425999641418457
I2,6.781000137329102
I3,14.407999992370605
K4,25.586000442504883
O5,3.272000014781952
N6,9.105999946594238
A6,2.3390002250671387
E6,7.869999885559082
C2,16.96900177001953
A2,6.644000053405762
D3,1.7450000047683716
H3,1.5810000896453857
C2,16.317001342773438
K6,2.069000005722046
L2,2.7099997997283936
I5,8.039999961853027
P4,5.211999893188477
F5,1.6330000162124634
F5,3.63100004196167
K4,1.8140000104904175
F2,1.9210000038146973
B3,1.5379999876022339
J3,1.5759999752044678
G1,4.75600004196167
M1,5.5289998054504395
H1,3.359999895095825
K5,1.556999921798706
N4,1.9290000200271606
L5,3.7239999771118164
L4,1.8830000162124634
L6,6.170000076293945
D5,1.6469999551773071
H5,3.747999906539917
L2,2.9519999027252197
F2,1.6790000200271606
G1,1.9300000667572021
C5,2.115999937057495
J4,2.924999952316284
G5,15.477999687194824
O5,1.7969999313354492
H1,4.952000141143799
J1,4.701000213623047
O3,2.1500000953674316
G3,2.322999954223633
P2,17.96099853515625
L5,2.875
L5,1.6469999551773071
G3,1.4880000352859497
P1,2.1740000247955322
H5,1.4980000257492065
N3,16.979000091552734
E5,2.002999782562256
C3,6.250999927520752
M1,7.702000141143799
C5,5.3460001945495605
P3,1.9480000734329224
O2,10.427000045776367
E2,1.811000108718872
N6,1.597000002861023
O2,2.489000082015991
O3,3.885999917984009
M1,4.39300012588501
D6,2.3259999752044678
K1,4.271000385284424
M5,1.9835999011993408
P1,1.6180000305175781
J2,1.850000023841858
J3,13.597000122070312
D5,4.164000034332275
C3,15.61199951171875
A4,3.8930001258850098
E6,1.555999994277954
D3,1.7740000486373901
D4,4.255000114440918
I6,14.427000045776367
F3,1.9570000171661377
L3,1.6080000400543213
D2,11.40000057220459
D4,8.34000015258789
M3,2.2160000801086426
C4,89.8429946899414
J5,8.303999900817871
N1,12.748000144958496
F4,2.3390002250671387
J5,1.9490000009536743
C6,1.628999948501587
E2,6.550000190734863
P5,5.163000106811523
F3,1.843999981880188
C4,2.009999990463257
H4,3.866000175476074
N2,1.6260000467300415
O3,4.894999980926514
K6,2.767000198364258
B5,52.70899963378906
E1,4.861000061035156
P4,7.158999919891357
C1,2.0840001106262207
K1,1.8700000047683716
G2,8.753999710083008
C2,1.621000051498413
F1,1.875999927520752
G5,9.175000190734863
I1,17.562999725341797
A1,7.313999652862549
L2,1.7899999618530273
C3,2.7300000190734863
L6,1.8410000801086426
P1,8.45199966430664
C6,1.902000069618225
F3,1.7369999885559082
M1,1.7910000085830688
N2,2.132999897003174
O6,10.373000144958496
A4,5.119999885559082
P5,13.21399974822998
I2,1.590000033378601
O3,1.5640000104904175
P2,7.230999946594238
O3,2.554999828338623
E3,2.1569998264312744
D3,3.994999885559082
E1,11.597000122070312
K6,1.6430000066757202
I5,7.651000022888184
E3,1.7239999771118164
L3,10.128999710083008
P1,11.973999977111816
K5,16.29199981689453
E3,6.672999858856201
E6,7.974999904632568
G4,3.779200029373169
L1,3.421999931335449
H2,1.6080000400543213
L4,10.134833296140036
D2,1.6710000038146973
K4,9.868999481201172
C2,1.8339999914169312
C2,2.2760000228881836
J1,8.573999404907227
O1,13.184000015258789
E2,4.994999885559082
E3,2.5450000762939453
H3,16.500999450683594
O4,31.33300018310547
I5,2.125
N6,1.8579999208450317
E2,2.6720001697540283
P1,7.0360002517700195
L3,2.1009998321533203
J1,7.240000247955322
B3,12.696000099182129
A1,1.5800000429153442
L6,1.9210000038146973
D2,2.3390002250671387
P2,20.849000930786133
M4,2.240000009536743
L2,4.6419997215271
M6,6.910999774932861
E2,2.1117499470710754
C2,9.032999992370605
O5,1.8519999980926514
D1,1.6740000247955322
C5,2.17900013923645
O5,11.215999603271484
D3,1.8690000772476196
L2,11.772000312805176
N6,7.220000267028809
G6,14.414000511169434
K5,1.6820000410079956
I2,1.9739998579025269
B2,2.382999897003174
O6,2.3589999675750732
M4,8.234000205993652
C6,14.503999710083008
I4,6.572999954223633
B3,21.764999389648438
M4,1.933000087738037
D6,2.125999927520752
H2,9.321000099182129
P2,1.9570000171661377
C2,6.616999626159668
D2,9.553000450134277
P2,7.569000244140625
L5,184.73899841308594
M3,7.230999946594238
A3,2.124000072479248
O4,13.032999992370605
C3,1.8860000371932983
O1,5.229999542236328
L6,2.622999906539917
L6,1.850000023841858
F2,3.48799991607666
F1,1.7039999961853027
G1,8.003000259399414
O5,2.057000160217285
G3,4.466000080108643
N1,1.6640000343322754
G4,8.545000076293945
K2,1.9799998998641968
G1,1.7000000476837158
N4,2.0049999475479128
N5,9.549999237060547
J2,1.694000005722046
K2,1.749000072479248
B2,7.4079999923706055
H5,2.449000120162964
D3,5.8510003089904785
P2,4.5879998207092285
N5,1.8949999809265137
D4,1.9399999380111694
K6,10.967999458312988
D4,1.6449999809265137
J2,2.1739999651908875
O4,2.385999917984009
B5,8.402000427246094
O4,4.759999752044678
F4,1.84499990940094
C3,1.5299999713897705
A1,2.2320001125335693
O6,2.9739999771118164
O1,1.9660000801086426
C2,2.182000160217285
J4,3.4830000400543213
J5,2.1679999828338623
P3,8.741999626159668
I4,1.9359999895095825
H5,12.229000091552734
C1,1.6899999380111694
I3,8.899999618530273
P4,4.710999965667725
E1,1.9429999589920044
B4,7.315000057220459
G3,2.0119998455047607
A1,7.440000057220459
F1,7.249000072479248
B6,1.809000015258789
N6,1.6230000257492065
D5,1.8230000734329224
G5,2.003999948501587
P6,3.984999895095825
B2,4.064000129699707
K2,1.8370000123977661
P5,2.877000093460083
B6,1.5479999780654907
O3,2.0429999828338623
K5,2.26200008392334
E4,1.7869999408721924
C4,1.6929999589920044
L1,20.694000244140625
A5,16.946998596191406
B4,1.8309999704360962
B4,1.7979999780654907
C2,1.5720000267028809
E1,1.625
K6,14.234000205993652
C2,9.678999900817871
M4,1.8539999723434448
N6,6.599999904632568
G1,1.7239999771118164
A3,8.031000137329102
L3,1.6619999408721924
A6,1.6979999542236328
H5,5.51099967956543
L6,1.9839999675750732
J2,2.430999994277954
B6,2.135999917984009
G6,1.8149999380111694
D1,1.7310000658035278
O2,1.9369999170303345
O2,4.36899995803833
B1,1.909999966621399
I2,9.892000198364258
O2,2.5279998779296875
H1,1.9529999494552612
I3,2.503000020980835
N4,4.979000091552734
C1,1.7910000085830688
J1,8.824000358581543
P4,8.550000190734863
K4,2.366000175476074
C5,1.9369999170303345
A1,6.585999965667725
J6,1.777000069618225
N5,1.967000126838684
L3,5.336999893188477
D2,2.1050000190734863
L6,1.5839999914169312
B3,2.07099986076355
J1,2.0840001106262207
A3,1.621999979019165
A5,1.8680000305175781
A3,2.6649999618530273
D5,1.715000033378601
P3,2.256999969482422
O4,15.055999755859375
K2,1.8930000066757202
F1,4.964999675750732
I1,5.855000019073486
P2,1.7719999551773071
D2,1.8149999380111694
M1,2.06499981880188
A5,8.477999687194824
J5,6.973999977111816
B6,1.8350000381469727
K2,31.39499855041504
F5,1.8840000629425049
K6,15.6510009765625
C2,2.138000011444092
E2,1.6730000972747803
J6,1.8739999532699585
D1,3.118000030517578
E5,16.744998931884766
B1,7.234000205993652
J4,6.678999900817871
M3,16.589000701904297
B3,1.7760000228881836
E5,1.6880000829696655
I3,1.5440000295639038
D1,1.5679999589920044
E3,5.623000144958496
G4,3.2709999084472656
K3,1.6339999437332153
G1,1.9620000123977661
P4,1.5720000267028809
C4,10.250999450683594
H2,1.722000002861023
N2,2.3519999980926514
I1,10.520000457763672
I1,9.729000508785248
K2,2.0230000019073486
N5,3.890000104904175
A2,4.51800012588501
L4,4.865749955177307
B5,1.8579999208450317
P2,7.2079997062683105
D1,4.724999904632568
O5,7.337000370025635
O6,6.88599967956543
G2,8.38599967956543
E2,2.05400013923645
O2,1.628999948501587
E6,1.7899999618530273
D6,1.6029999256134033
K6,1.7089999914169312
M4,5.609999656677246
F2,2.1659998893737793
N6,1.503000020980835
A5,2.3360002040863037
A3,2.06000018119812
B2,8.821999549865723
B2,4.919000148773193
P3,1.7731999635696412
A2,3.984999895095825
E1,9.465999603271484
O4,1.7049999237060547
N5,1.899999976158142
P5,2.1460001468658447
L3,2.365000009536743
G2,4.616000175476074
G3,3.5420000553131104
A4,1.74399995803833
C6,4.195000171661377
J3,1.7059999704360962
D3,5.193000316619873
E4,2.259999990463257
I5,2.2960000038146973
I2,1.9880000352859497
N1,17.888999938964844
E3,2.949000120162964
I1,1.9739998579025269
M6,8.662999153137207
K6,4.836999893188477
L3,1.7239999771118164
M5,7.409999847412109
L4,1.9610000848770142
K6,1.9210000038146973
M3,30.07900047302246
L2,12.600000381469727
M4,3.816999912261963
D3,2.4839999675750732
O2,1.7669999599456787
P6,13.083999633789062
B2,8.753999710083008
I4,2.0820000171661377
H3,1.7359999418258667
F4,9.338000297546387
H6,4.533999919891357
L6,1.687000036239624
I3,5.849999904632568
O5,3.6700000762939453
L2,1.6649999618530273
E2,2.0179998874664307
C4,4.567999839782715
L3,2.3980000019073486
J3,17.197999954223633
O6,1.7020000219345093
F6,2.3310000896453857
G1,2.7159998416900635
M1,1.5099999904632568
I6,1.5509999990463257
B4,7.388999938964844
M3,1.5110000371932983
L2,1.6009999513626099
G4,4.445000171661377
H1,8.066999435424805
A5,1.5699999332427979
J6,1.7689999341964722
D6,14.21399974822998
J5,11.32800006866455
M1,3.900999903678894
J1,47.57500076293945
H2,2.2750000953674316
L3,4.375
C4,7.581000328063965
K6,1.7160000801086426
P5,6.834000110626221
O6,1.9259999990463257
A2,1.9739998579025269
J2,1.6799999475479126
B6,1.9519999027252197
G1,8.515999794006348
O5,17.027000427246094
L3,3.1489999294281006
P5,1.8299999237060547
A3,2.0349998474121094
N6,5.638000011444092
H1,1.8149999380111694
G5,5.229999542236328
N1,3.684999942779541
K4,1.6459999084472656
F2,2.125999927520752
F6,1.8990000486373901
E4,5.526000022888184
O4,2.763000011444092
G2,1.972999930381775
P4,29.68600082397461
M4,1.6390000581741333
L5,7.554999828338623
O4,3.7189998626708984
H5,9.385000228881836
J5,1.6439999341964722
F1,3.0915997982025147
G3,7.03000020980835
M2,5.888999938964844
L6,6.374000072479248
I6,1.534000039100647
L4,7.542999744415283
L2,1.7049999237060547
O4,4.8379998207092285
G5,1.7599999904632568
J1,8.802999496459961
A5,7.435999870300293
N6,3.703000068664551
J2,1.909000039100647
J3,2.2789998054504395
G1,3.9280002117156982
C2,1.5670000314712524
A1,1.7089999914169312
L2,1.6430000066757202
L3,1.5780000686645508
J4,2.31499981880188
B4,1.9519999027252197
O3,2.3310000896453857
G6,3.874666452407837
J3,8.279000282287598
G4,1.809000015258789
F2,3.0250000953674316
J2,2.010999917984009
F2,2.5380001068115234
N4,2.5420000553131104
L5,1.8560000658035278
N1,7.9019999504089355
E3,9.873000144958496
M5,4.447999954223633
A1,1.9839999675750732
P6,1.8990000486373901
P3,5.417999744415283
J1,7.319999694824219
C3,2.1530001163482666
K2,2.138000011444092
N6,9.270999908447266
C3,11.927999496459961
D1,2.8939998149871826
C6,12.241000175476074
A2,8.892999649047852
H5,1.875999927520752
J2,2.134000062942505
M5,9.952000617980957
M2,2.2209999561309814
A5,1.9199999570846558
M6,2.6679999828338623
D4,8.538999557495117
L1,1.5729999542236328
K5,12.0649995803833
L6,2.1730000972747803
B2,2.9865000247955322
P1,2.486999988555908
F1,3.11299991607666
D6,1.9769998788833618
M5,5.9670000076293945
E5,5.01800012588501
O4,7.501999855041504
E4,2.0409998893737793
C6,9.445000648498535
D1,7.235666990280151
F4,2.184000015258789
G6,20.58300018310547
J1,4.375
H2,2.0320000648498535
F3,1.7689999341964722
H1,5.5920000076293945
G6,1.8589999675750732
D3,2.3450000286102295
E3,3.684000015258789
N6,2.2169997692108154
G1,11.213000297546387
F6,2.2060000896453857
J6,24.878000259399414
L3,7.8480000495910645
J4,2.253000020980835
C6,15.619999885559082
K2,1.5350000858306885
L6,15.702799415588379
K2,1.6009999513626099
M3,1.7280000448226929
K3,8.156999588012695
L1,7.241000175476074
H6,2.7940001487731934
E1,5.344000339508057
N1,2.1700000762939453
B4,2.7970001697540283
L6,16.807998657226562
M1,2.319999933242798
N3,1.7000000476837158
C3,7.927999973297119
G5,4.183000183105468
J2,12.047999382019043
H6,5.861600112915039
E5,1.6610000133514404
I1,1.9429999589920044
F5,6.520999908447266
L2,1.6740000247955322
H5,7.218999862670898
A3,11.373000144958496
I2,2.9609999656677246
K5,18.14099884033203
K1,1.815999984741211
K2,4.041999816894531
N3,1.9140000343322754
P6,8.295000076293945
D3,4.716000080108643
H1,2.3559999465942383
J5,2.1478334267934165
K1,15.553000450134277
O1,14.35200023651123
L4,5.926000118255615
H6,2.5199999809265137
H4,17.163999557495117
B1,1.5549999475479126
P6,1.715000033378601
K4,1.6430000066757202
K3,17.92999839782715
D2,5.361000061035156
E5,1.74399995803833
G3,8.476999282836914
O3,5.078999996185303
K2,6.3979997634887695
N6,14.487000465393066
P2,2.6430001258850098
A4,2.572000026702881
H5,7.672000408172607
D3,1.5770000219345093
L4,3.578000068664551
P5,1.9199999570846558
F2,1.7950000762939453
O1,1.7940000295639038
P5,9.030999183654785
C4,12.244000434875488
H4,1.5350000858306885
N6,2.1110000610351562
J1,1.9470000267028809
I4,1.8260000944137573
K5,8.32599925994873
H2,1.6859999895095825
C2,1.5470000505447388
B5,4.545000076293945
D5,5.480999946594238
J5,13.790999412536621
F5,3.0829999446868896
F3,1.6929999589920044
I4,1.6449999809265137
I5,1.774999976158142
G3,2.0169999599456787
A6,7.424000263214111
O3,1.8939999341964722
P5,1.4929999113082886
M2,2.0399999618530273
L3,3.7360000610351562
H2,1.9739998579025269
A6,2.0880000591278076
D2,7.729000091552734
M5,4.389999866485596
H4,2.5500001907348633
G4,3.9130001068115234
D5,14.621999740600586
I2,7.315999984741211
D5,2.2890000343322754
H4,16.82699966430664
D3,4.346999645233154
N6,9.255000114440918
I5,13.921000480651855
G1,3.8232497572898865
B5,2.319999933242798
A5,2.067999839782715
D1,7.623000144958496
D1,1.7259999513626099
L1,3.2810001373291016
C5,1.621999979019165
C2,2.1710000038146973
K1,12.347999572753906
B2,1.6820000410079956
I2,1.555999994277954
O5,2.556999921798706
O2,8.211999893188477
P1,13.918999671936035
G6,2.0969998836517334
O6,2.2899999618530273
M2,1.9140000343322754
D5,5.410999774932861
O2,11.647000312805176
M6,2.1589999198913574
O1,9.319000244140625
K4,1.5870000123977661
K2,8.988999366760254
E3,9.180000305175781
H4,1.7009999752044678
A3,1.8309999704360962
H1,11.38800048828125
G5,7.183000087738037
P4,2.183000087738037
J3,1.7599999904632568
A5,3.0420000553131104
O3,2.0820000171661377
H4,1.7569999694824219
H2,1.6959999799728394
N2,1.6549999713897705
E5,2.2849998474121094
L3,3.9709999561309814
H6,7.360000133514404
P4,11.714000701904297
M1,1.7330000400543213
G3,9.808000564575195
P3,2.0769999027252197
M5,1.7009999752044678
P1,6.7829999923706055
J1,1.6299999952316284
D1,7.230999946594238
F4,2.2049999237060547
P2,1.9219999313354492
B4,1.6670000553131104
H4,14.553000450134277
J4,1.6050000190734863
J2,1.621999979019165
B1,12.642999649047852
H4,7.289000034332275
F6,7.031000137329102
L6,9.259000778198242
B1,7.244999885559082
M5,10.586999893188477
P2,1.7950000762939453
H6,8.366000175476074
F1,2.134000062942505
F2,21.80699920654297
I6,2.328000068664551
N1,13.979000091552734
E5,1.8350000381469727
M4,9.194399976730347
O4,3.050999879837036
N1,5.034999847412109
B2,10.23900032043457
I1,6.610000133514404
N5,6.947000026702881
D1,3.7320001125335693
O4,1.902999997138977
J4,1.7359999418258667
B2,2.241000175476074
L4,6.761000156402588
C6,1.78000009059906
A4,7.370999813079834
G1,12.199999809265137
G6,1.9490000009536743
N4,1.8660000562667847
N3,5.35699987411499
M6,4.928999900817871
E6,1.6230000257492065
G1,9.207000076770782
H6,2.135999917984009
O1,1.5389999151229858
O2,7.491800022125244
D3,1.8299999237060547
I4,2.260999917984009
I3,6.546999931335449
L4,6.8979997634887695
G2,1.9720001220703125
H5,1.9620000123977661
B1,2.6449999809265137
G4,2.4739999771118164
C4,9.355000495910645
K4,2.25600004196167
L4,1.7379999160766602
P6,5.033999919891357
J2,2.6720001697540283
N4,1.7059999704360962
A6,5.0269999504089355
F4,13.82599925994873
F3,1.8240000009536743
J1,2.203000068664551
E6,4.114999771118164
P5,2.5950000286102295
E5,1.718000054359436
B1,1.815999984741211
G2,1.5709999799728394
K3,1.9180001020431519
I1,17.18400001525879
G5,1.8889999389648438
I1,10.386000633239746
J1,1.999000072479248
B5,1.9720001220703125
J5,1.6100000143051147
J4,1.6230000257492065
C2,13.546000480651855
E5,1.6019999980926514
G2,7.302999973297119
F1,1.621000051498413
B1,76.29199981689453
K5,3.9750001430511475
C2,5.551000118255615
B6,1.659999966621399
B6,1.8630000352859497
E6,8.577499985694885
K5,2.126999855041504
D6,1.5350000858306885
G2,2.5500001907348633
E1,2.376999855041504
D5,1.9189999103546143
B2,8.329999923706055
A6,10.022000312805176
E4,1.8429999351501465
O1,8.222000122070312
B5,3.5480000972747803
H4,3.493000030517578
C4,2.2130000591278076
N4,7.290999889373779
L6,1.8429999351501465
P4,1.5490000247955322
H5,2.4719998836517334
L1,1.7760000228881836
M3,1.691999912261963
P2,1.5519999265670776
O6,2.507999897003174
B4,1.7969999313354492
H5,1.7079999446868896
P3,1.746000051498413
P5,2.260999917984009
M2,2.0300002098083496
J1,6.794999599456787
E6,2.1710000038146973
A5,1.593999981880188
A3,9.356999397277832
J6,1.6330000162124634
F6,6.539000034332275
E2,1.7280000448226929
C6,1.965000033378601
D1,8.503200054168701
M4,12.913000106811523
I4,2.614000082015991
F1,1.6670000553131104
E5,19.007999420166016
O2,7.685999870300293
E4,3.625
N4,1.8739999532699585
M3,1.9199999570846558
O4,8.11400032043457
L6,7.926000118255615
K1,1.5080000162124634
K5,7.553999900817871
K3,15.96500015258789
P6,8.76300048828125
J3,1.75600004196167
M4,7.259999752044678
L5,8.946999549865723
A4,1.7319999933242798
I3,1.8550000190734863
L1,13.059999465942383
L5,8.855999946594238
D6,1.6979999542236328
C2,2.115000009536743
D1,21.31599998474121
F4,1.8339999914169312
B3,1.7740000486373901
O5,2.1050000190734863
C5,8.711999893188477
J2,3.0220000743865967
I5,7.2179999351501465
L6,1.847000002861023
K6,1.659999966621399
F6,1.6169999837875366
E3,1.553999900817871
H1,5.6529998779296875
G5,1.8619999885559082
C6,1.7259999513626099
P4,9.084999084472656
A3,1.6820000410079956
G5,1.8279999494552612
K6,2.005999803543091
A6,1.5519999265670776
C3,2.066999912261963
L2,2.305000066757202
F6,1.9630000591278076
J4,1.7419999837875366
A3,1.7689999341964722
O5,10.215999603271484
P2,5.537999629974365
P2,2.4089999198913574
O2,6.777800273895264
J4,14.678999900817871
L4,1.8320000171661377
I2,1.7829999923706055
D2,1.5759999752044678
F5,1.872999906539917
N5,1.6779999732971191
M1,4.178500374158223
P5,2.2920000553131104
F4,8.476999282836914
E6,1.587999939918518
O2,1.7480000257492065
L5,11.939000129699707
O3,1.722000002861023
A4,2.115000009536743
A4,1.9499999284744263
G2,2.2799999713897705
J3,12.449000358581543
M1,2.0269999504089355
E5,1.6790000200271606
F3,1.9210000038146973
C6,1.7860000133514404
H2,10.539999961853027
J4,4.442999958992004
E4,1.6349999904632568
G5,4.891000270843506
K3,7.38700008392334
O5,1.9259999990463257
P3,1.5479999780654907
E6,5.0960001945495605
A1,2.305000066757202
A6,12.621999740600586
A6,10.5600004196167
J5,12.343600463867187
F3,11.213000297546387
O2,3.9710001945495605
A5,12.51099967956543
P5,1.6649999618530273
D1,1.6690000295639038
C5,2.5450000762939453
G1,1.9290000200271606
M1,4.296000003814697
E5,8.468000411987305
F1,1.6449999809265137
K6,5.5229997634887695
O3,17.145000457763672
N3,1.7100000381469727
H3,7.391000270843506
G3,2.2260000705718994
L1,4.156000137329102
O4,2.1968000411987303
N5,2.7760000228881836
A1,5.491000175476074
A3,12.243000030517578
N5,1.7009999752044678
F6,7.703999996185303
K1,6.514999866485596
J5,6.86899995803833
A6,13.427999496459961
N5,5.013999938964844
M3,2.705000162124634
I1,2.1510000228881836
G5,1.8990000486373901
D1,8.887999534606934
J4,2.0969998836517334
G2,2.1589999198913574
A2,1.8939999341964722
E4,1.4869999885559082
A5,7.437000274658203
N1,7.992000102996826
F5,8.465999603271484
H1,7.802999973297119
O1,3.5647501051425934
J5,1.7039999961853027
M6,3.924999952316284
B3,1.9369999170303345
B5,2.2899999618530273
H2,1.7310000658035278
J2,10.420000076293945
B5,2.123000144958496
F1,2.302000045776367
N1,1.462999939918518
I4,1.7640000581741333
O1,1.6749999523162842
I6,1.7529999017715454
A3,2.869999885559082
J5,1.6230000257492065
O3,8.32800006866455
D2,13.84999942779541
C6,1.7039999961853027
N3,6.797999858856201
F5,1.7359999418258667
I5,12.576000213623047
K3,1.5490000247955322
I4,9.717000007629395
A2,1.6670000553131104
M4,1.6670000553131104
M6,5.007999897003174
D6,1.6629999876022339
C5,2.0209999084472656
F2,1.496999979019165
G5,8.944000244140625
P4,1.934999942779541
K2,1.9620000123977661
B5,2.367000102996826
M4,1.6039999723434448
K2,4.8560004234313965
M2,1.8990000486373901
I4,12.741999626159668
B5,13.667000770568848
F4,16.83300018310547
J6,7.331999778747559
B5,1.680999994277954
J4,3.2709999084472656
E3,9.072999954223633
O1,16.799999237060547
D6,6.560999870300293
L1,1.5950000286102295
H4,1.6540000438690186
L4,1.569000005722046
M2,1.912000060081482
O5,1.6260000467300415
A1,82.70099639892578
K5,2.0739998817443848
P4,9.1899995803833
N2,4.625999927520752
B6,4.871000289916992
M6,1.6740000247955322
K1,4.319999694824219
F4,8.032999992370605
G1,10.543000221252441
H4,1.749000072479248
P1,1.7620000839233398
P3,1.7079999446868896
M6,43.994998931884766
G1,16.493999481201172
B1,1.8830000162124634
F1,1.718000054359436
C3,1.71999990940094
L1,3.1010000705718994
L5,2.2699999809265137
L2,1.8209999799728394
O3,2.5390000343322754
I3,9.925000190734863
F4,2.8959999084472656
J1,1.5820000171661377
L3,2.0239999294281006
D6,8.836999893188477
F4,1.6990000009536743
P5,1.6200000047683716
E6,8.964999198913574
E2,2.3489999771118164
I6,4.373000144958496
F3,10.164000511169434
A2,9.706999778747559
G6,2.121999979019165
H3,4.253999710083008
L4,2.819000005722046
C1,2.0160000324249268
F4,10.465999603271484
P3,23.04399871826172
G3,2.246000051498413
K5,7.35699987411499
P4,10.126999855041504
G1,7.681000232696533
G2,2.431999921798706
A6,2.5320000648498535
D1,4.583000183105469
J3,2.1059999465942383
L6,7.813000202178955
L4,5.224999904632568
P1,4.863999843597412
O2,9.808000564575195
P3,1.556999921798706
I2,13.89799976348877
P6,1.7000000476837158
L1,1.7910000085830688
N2,8.800000190734863
I2,1.7910000085830688
I1,1.5770000219345093
A3,1.6059999465942383
I5,6.752999782562256
G3,7.5980000495910645
P3,1.906000018119812
M1,16.947999954223633
H4,6.190000057220459
D3,2.4200000762939453
F2,6.984000205993652
D1,2.2669999599456787
O2,1.5239999294281006
A4,222.6680145263672
J3,1.8609999418258667
L1,5.508999824523926
M5,10.850000381469727
M1,1.9570000171661377
P5,7.307000160217285
L2,1.8539999723434448
J1,1.6769999265670776
O1,6.6010003089904785
L5,2.4000000953674316
N6,1.7089999914169312
J1,12.817999839782715
L6,4.606000065803528
M5,1.8200000524520874
J4,7.3389997482299805
G3,1.6970000267028809
I6,1.5429999828338623
F4,2.248999834060669
H2,1.8179999589920044
K1,1.8009999990463257
J4,1.5099999904632568
E3,5.408999919891357
B4,2.010999917984009
P5,12.531000137329102
P3,2.1530001163482666
N3,14.011000633239746
B1,9.813000679016113
B2,5.932000160217285
I2,1.680999994277954
O6,2.0547999858856203
B4,7.209000110626221
O5,2.009999990463257
E1,2.816999912261963
M5,5.189000129699707
I1,2.8289999961853027
B6,2.1700000762939453
J3,8.729999542236328
P4,1.8260000944137573
J3,1.7989999055862427
M4,1.5729999542236328
C1,10.381999969482422
H1,1.6880000829696655
L2,8.871999740600586
B4,6.757999897003174
B4,1.974199938774109
O4,12.239999771118164
J3,11.23799991607666
K3,1.7020000219345093
A1,6.0279998779296875
K3,2.6600000858306885
B6,13.814000129699707
B4,3.117000102996826
L2,6.701000213623047
L1,1.968000054359436
A4,7.911999702453613
G4,5.094000339508057
O6,7.617000102996826
J1,5.437999725341797
K5,1.6890000104904175
I3,4.861999988555908
F6,7.7220001220703125
B3,13.98799991607666
P2,2.5980000495910645
E6,1.6430000066757202
M2,7.986999988555908
O5,4.927999973297119
P2,4.38599967956543
P4,10.789000511169434
N1,5.007999897003174
L1,1.6929999589920044
A6,1.9539999961853027
K6,7.368000030517578
H6,2.2179999351501465
F5,1.934000015258789
N1,1.7039999961853027
E2,5.183000087738037
O2,3.1147500574588776
M3,3.6700000166893005
O4,9.892000198364258
K2,1.9749999046325684
I3,2.002999782562256
F4,2.449000120162964
P2,1.7790000438690186
M2,5.055000305175781
L3,7.479000091552734
G5,6.87600040435791
L4,6.671999931335449
M1,1.7100000381469727
G6,14.675999641418457
J6,2.2780001163482666
G2,2.2269999980926514
F5,2.2990000247955322
J6,6.809999942779541
N2,4.75
A3,7.915999889373779
F4,9.582200050354004
E1,1.9980000257492065
M2,2.3540000915527344
I4,1.6670000553131104
G1,1.8100000619888306
M4,6.433000087738037
C3,1.6469999551773071
D3,1.6549999713897705
K4,8.682999610900879
I5,1.7310000658035278
D1,3.303999900817871
D6,1.8250000476837158
A1,1.7039999961853027
B3,2.441999912261963
K4,1.9889999628067017
A2,3.694000005722046
L6,1.6640000343322754
M2,3.315999984741211
B5,7.416999816894531
D3,12.928999900817871
G1,2.0480000972747803
C2,8.180999755859375
B2,7.222000074386597
H2,1.9919999837875366
H5,12.039999961853027
E2,1.6570000648498535
D6,7.738999843597412
L1,8.026000022888184
H5,1.8320000171661377
L5,3.3509998321533203
D3,5.175000190734863
A6,1.527999997138977
B6,2.5279998779296875
N4,13.539000511169434
I2,4.4720001220703125
N5,4.136999940872192
G6,12.338000297546387
O4,4.454999923706055
J4,1.7389999628067017
K5,1.9799998998641968
K3,4.714999675750732
A6,1.6029999256134033
E3,2.236999988555908
K1,13.876999855041504
H1,3.949000120162964
D4,4.757999897003174
O4,2.072999954223633
M3,1.902999997138977
I4,7.853999614715576
O2,2.1410000324249268
J5,2.06499981880188
A1,2.06499981880188
B1,2.0209999084472656
L4,19.61199951171875
K4,1.5699999332427979
O4,1.5770000219345093
L2,2.3380000591278076
D5,1.6959999799728394
K3,5.289000034332275
I3,11.303000450134277
M1,1.8600000143051147
O2,1.9429999589920044
A4,1.5810000896453857
C2,1.7640000581741333
M5,2.6010000705718994
E6,11.338000297546387
C3,7.904999732971191
G4,1.4919999837875366
I6,6.901000022888184
N2,5.843999862670898
N6,1.5
A2,10.359000205993652
B3,8.356999397277832
G2,1.6990000009536743
K4,4.770999908447266
A6,4.693000316619873
K1,11.873000144958496
L4,1.996000051498413
P3,2.0300002098083496
L4,1.6690000295639038
G4,3.003999948501587
B2,1.7000000476837158
A3,14.25999927520752
H1,5.226999759674072
G2,4.372000217437744
M1,5.953000068664551
H1,7.240000247955322
M4,2.26200008392334
A5,3.7380001544952393
F3,1.5080000162124634
N6,16.176000595092773
H3,1.715000033378601
G6,3.499000072479248
H2,12.427999496459961
E3,12.42199993133545
C2,1.902000069618225
K3,1.6649999618530273
H6,5.251999855041504
F1,2.06000018119812
A6,2.0169999599456787
A4,11.49899959564209
K2,2.0949997901916504
I1,4.755000114440918
F5,3.6265000104904175
A3,7.404999732971191
I3,8.625
D1,2.63700008392334
N3,4.019000053405762
C5,3.0859999656677246
D1,1.9140000343322754
J4,1.7839999198913574
O1,9.458999633789062
O1,8.107999801635742
G3,1.5950000286102295
G2,1.9180001020431519
K4,11.393000602722168
G4,3.5480000972747803
N6,6.670000076293945
J6,1.878999948501587
A1,6.2670000195503235
N4,12.225000381469727
J4,1.7450000047683716
I1,6.446000099182129
B2,1.8320000171661377
B4,4.39300012588501
N3,1.8019999265670776
I2,14.3149995803833
E5,2.3310000896453857
M2,32.322998046875
G1,9.882999420166016
C6,2.239000082015991
E3,4.301000118255615
P5,2.325000047683716
F6,7.4720001220703125
K4,1.965000033378601
D2,15.538999557495117
E5,1.628000020980835
L6,1.9850000143051147
G2,13.550000190734863
P3,13.782999992370605
O1,2.0300002098083496
F2,5.340000152587891
C5,2.259000062942505
K2,1.878000020980835
H3,1.9369999170303345
K1,1.809000015258789
H5,9.953999519348145
J1,6.680000305175781
K3,5.392999649047852
J4,5.220000267028809
M6,11.753999710083008
J4,6.574000358581543
D4,4.759999752044678
H2,1.9079999923706055
A3,1.8725000619888306
K4,1.7969999313354492
N2,2.4570000171661377
K6,2.5269999504089355
H3,1.659999966621399
I2,2.4019999504089355
H5,11.526000022888184
N3,2.0369999408721924
N2,7.244999885559082
J3,4.244999885559082
N2,4.86899995803833
J2,7.132999897003174
J4,12.375
D6,8.534000396728516
F3,1.9829999208450317
L1,12.401000022888184
L5,5.100000381469727
M4,1.5260000228881836
J5,10.018000602722168
O3,4.307000160217285
C4,6.798999786376953
K5,1.7109999656677246
L1,1.6700000762939453
D6,3.867000102996826
F5,5.990500092506409
P1,2.0409998893737793
G6,1.722000002861023
F3,1.6540000438690186
N6,2.3450000286102295
E4,9.055999755859375
F4,1.6019999980926514
K4,5.140999794006348
O2,3.5379998683929443
C5,4.815000057220459
E5,5.244999885559082
J6,8.21399974822998
A5,10.234000205993652
J3,4.705000400543213
I2,3.9659998416900635
P3,8.013999938964844
N4,1.5670000314712524
F4,7.59499979019165
J6,5.320000171661377
L2,1.7699999809265137
M6,6.683000087738037
J5,6.066999912261963
D2,1.6859999895095825
G4,4.565000057220459
F4,1.9859999418258667
J4,2.8769999742507935
B2,2.2750000953674316
B3,1.9470000267028809
P1,1.569000005722046
D4,3.8499999046325684
M1,14.596000671386719
O5,1.7079999446868896
C3,4.37000036239624
J4,7.006999969482422
C1,2.0850000381469727
L1,2.627000093460083
I4,2.1550002098083496
H5,2.3519999980926514
O6,15.411999702453613
F1,4.7179999351501465
M4,4.139999866485596
L6,12.659000396728516
K3,2.8339998722076416
A4,6.042599678039551
P3,4.8420000076293945
L4,2.0290000438690186
L4,3.9730002880096436
G3,2.2680001258850098
A1,4.898000240325928
E4,24.555999755859375
O1,1.5670000314712524
L1,1.621000051498413
F4,5.123000144958496
C3,1.6430000066757202
D6,2.2150001525878906
A2,9.675000190734863
L6,11.97499942779541
P2,6.006999969482422
G3,1.7960000038146973
A3,1.6180000305175781
G2,2.3320000171661377
B5,1.9570000171661377
F5,8.345999717712402
O1,2.4029998779296875
F4,1.7929999828338623
N2,10.276000022888184
E5,1.5399999618530273
N1,1.8070000410079956
D1,7.383999824523926
N4,1.75
K4,96.25199890136719
I3,2.241000175476074
N4,8.434999465942383
O3,1.9553999423980712
L3,1.8669999837875366
M5,1.7610000371932983
B3,1.9064000844955444
G3,2.1589999198913574
D2,3.546999931335449
N1,1.9369999170303345
I1,1.9869999885559082
H4,2.072000026702881
M2,1.8359999656677246
G2,1.590000033378601
G3,1.8100000619888306
O1,18.93400001525879
F6,2.197999954223633
J3,1.593999981880188
H3,11.98900032043457
C6,4.557999610900879
D6,13.659000396728516
B4,8.034000396728516
O4,1.8359999656677246
D6,9.669000625610352
K4,1.9240000247955322
E6,1.7039999961853027
J1,2.1689999103546143
A1,1.9450000524520874
C4,1.875999927520752
A6,2.9070000648498535
D2,9.571000099182129
O3,17.10099983215332
M6,5.428999900817871
N4,2.302000045776367
O6,5.167999744415283
N5,2.2189998626708984
K5,1.722000002861023
N2,1.7989999055862427
C5,11.460999488830566
I3,1.7330000400543213
G4,1.7079999446868896
N4,7.915999889373779
I1,4.486000061035156
H6,1.71999990940094
K5,5.861000061035156
C4,11.85099983215332
N4,2.296999931335449
A1,2.9839999675750732
L4,3.7339999675750732
H3,2.055999994277954
P2,1.6790000200271606
C1,1.878000020980835
A5,5.288000106811523
B1,6.574000358581543
O5,4.7829999923706055
C5,1.7379999160766602
C3,3.572000026702881
C6,1.7599999904632568
A2,1.5729999542236328
E1,1.906999945640564
K2,5.291999816894531
N6,7.51800012588501
B1,3.131600093841553
H6,7.736000061035156
J4,1.6459999084472656
I6,13.581999778747559
B6,1.8289999961853027
G2,2.2819998264312744
L3,6.849000453948975
I1,8.055999755859375
N5,7.507999897003174
G2,8.441999435424805
K5,4.418999671936035
J4,1.9459999799728394
E6,16.97599983215332
N1,1.863999992609024
G4,8.244999885559082
F3,1.8650000095367432
K5,1.6649999618530273
L5,3.5160000324249268
L3,11.562000274658203
E4,1.9249999523162842
L5,3.569000005722046
A1,1.6690000295639038
H3,8.45199966430664
M5,4.394000053405762
N2,6.581999778747559
K4,1.8860000371932983
A5,9.677000045776367
B5,1.590999960899353
E1,2.0369999408721924
F3,4.982999801635742
A1,5.840000152587891
B2,2.7730000019073486
A5,5.072000026702881
J4,14.062999725341797
C2,12.268000602722168
N2,4.276000022888184
B6,12.737000465393066
A5,2.0260000228881836
K2,1.9027999639511108
B3,170.63299560546875
O4,1.590000033378601
J5,2.133799982070923
E6,6.885000228881836
F3,7.230999946594238
K1,7.391000270843506
G3,7.572999954223633
J1,5.416999816894531
C2,8.48799991607666
J2,1.75600004196167
M6,2.1610000133514404
C4,18.310998916625977
I1,1.9259999990463257
B1,2.6080000400543213
O3,3.3949999809265137
B3,7.888999938964844
M4,1.9279999732971191
L4,1.6480000019073486
L2,23.086000442504883
J4,11.346000671386719
E6,2.260999917984009
G3,1.9869999885559082
D6,1.5579999685287476
O6,1.5449999570846558
L4,3.753000020980835
L6,2.0230000019073486
H2,8.4399995803833
D4,1.8119999170303345
O6,2.2939999103546143
F1,1.9499999284744263
I6,1.652999997138977
H4,1.6129999160766602
L3,4.60099983215332
K6,4.889999866485596
C4,1.6309999227523804
C1,1.8960000276565552
M6,8.29800033569336
E5,19.147998809814453
G6,8.005999565124512
I5,5.140999794006348
E6,1.5859999656677246
G3,7.544000148773193
H2,6.960000038146973
D3,1.7680000066757202
I1,2.7434999148050943
K4,7.464000225067139
D3,1.7719999551773071
N2,1.6309999227523804
J3,10.152999877929688
J2,1.909999966621399
E6,1.8609999418258667
B2,1.8799999952316284
P5,2.489000082015991
J3,10.839999198913574
A1,1.8445000052452087
J1,4.1419997215271
A4,1.7330000400543213
P6,2.109200048446655
O1,2.13700008392334
N4,12.380000114440918
N4,4.699000358581543
G5,6.562999725341797
N2,2.799999952316284
P6,1.970000147819519
B2,6.076000213623047
J2,1.9570000171661377
O2,1.5859999656677246
O1,26.19300079345703
N4,2.2239999771118164
H4,1.596000075340271
C6,5.076000213623047
K4,1.8380000591278076
J1,2.17900013923645
C4,10.436999320983887
H6,12.157999849319458
N5,7.144000053405762
N3,2.9750001430511475
M2,3.121000051498413
C5,2.0810000896453857
I5,1.7979999780654907
B2,4.519000053405762
K3,2.256999969482422
B1,7.88700008392334
G6,2.013000011444092
I6,1.6069999933242798
A2,2.765000104904175
D4,1.5810000896453857
I2,4.439000129699707
O2,2.3610000610351562
K2,2.0480000972747803
G5,2.1050000190734863
D6,1.8140000104904175
O2,12.968999862670898
G6,12.756000518798828
I6,1.9950000047683716
O1,14.392999649047852
F6,16.95800018310547
M4,4.226999759674072
I3,1.4890000820159912
C5,3.2639999389648438
F2,1.6670000553131104
A5,1.5810000896453857
F4,3.8320000171661377
K1,2.434999942779541
P4,14.904000282287598
B6,13.883999824523926
F2,13.142000198364258
K3,1.8639999628067017
E3,2.8540000915527344
P2,1.8050000667572021
C1,3.055000066757202
M6,2.4000000953674316
P3,3.623000144958496
L3,1.61899995803833
N2,9.61400032043457
H5,6.802000045776367
N6,1.8889999389648438
P2,1.590999960899353
M3,1.8149999380111694
H6,1.7379999160766602
M1,2.111999988555908
P5,2.492000102996826
G1,1.6670000553131104
M6,20
O1,1.9980000257492065
N2,1.746000051498413
P2,1.6570000648498535
L4,4.2820000648498535
P6,11.866999626159668
O1,16.642000198364258
G5,1.8880000114440918
J1,8.246999740600586
F1,1.9950000047683716
O1,1.534000039100647
J5,8.802999496459961
M1,1.6439999341964722
L1,1.784999966621399
I3,10.378999710083008
P2,1.7379999160766602
M6,2.3540000915527344
K6,11.168000221252441
J5,1.9160000085830688
K5,13.894000053405762
G2,2.010999917984009
I5,1.6430000066757202
M5,5.151000022888184
J2,1.8420000076293945
E1,2.2829999923706055
L2,6.349999904632568
D6,9.67199993133545
M1,2.5339999198913574
D6,6.978999614715576
P4,1.872999906539917
J4,17.72800064086914
K4,5.940999984741211
O5,2.007999897003174
A1,1.627000093460083
C3,7.226999759674072
G4,6.750333209832509
C3,4.989999771118164
J5,1.9049999713897705
K6,12.234999656677246
D4,7.933000087738037
G1,2.310999870300293
A3,2.453000068664551
N6,1.4959999322891235
A3,8.515999794006348
H6,1.872999906539917
J3,2.257999897003174
P1,2.1550002098083496
G4,2.440999984741211
E4,2.7739999294281006
G5,7.126999855041504
C4,10.670000076293945
A3,1.8870000839233398
P1,4.76200008392334
G4,7.538000106811523
H3,2.702000141143799
G1,2.75600004196167
P2,10.432000160217285
I5,9.057000160217285
L1,9.235000610351562
J4,2.002000093460083
P2,2.8540000915527344
K4,1.8600000143051147
H4,8.891000747680664
M2,2.132999897003174
B1,1.5829999446868896
F2,1.687000036239624
F3,2.2189998626708984
B5,2.2829999923706055
J3,4.081999778747559
N3,1.6779999732971191
C1,5.064000129699707
A2,16.589000701904297
K3,4.567999839782715
B1,3.9739999771118164
B1,2.755000114440918
G4,3.7849998474121094
D6,34.69999694824219
B5,123.23200225830078
I3,2.798999786376953
H3,1.912000060081482
G1,3.552000045776367
P4,9.895999908447266
F5,3.805999994277954
M2,8.72499942779541
A6,9.030000686645508
N1,7.864999771118164
K4,18.479999542236328
O2,8.652999877929688
G5,8.887999534606934
A2,4.53000020980835
E5,2.052000045776367
O2,1.811000108718872
C6,16.22599983215332
L6,2.171999931335449
I6,2.4129998683929443
J5,1.7239999771118164
E5,2.939000129699707
D6,2.3519999980926514
I4,2.0290000438690186
A1,2.061000108718872
O3,1.9529999494552612
O6,5.164000034332275
B5,1.6880000829696655
I4,1.7910000085830688
C6,8.546000480651855
B1,2.7929999828338623
O1,9.621000289916992
C1,1.4959999322891235
K5,1.9900000095367432
N1,5.710999965667725
I6,1.7020000219345093
H2,1.6619999408721924
F1,12.015000343322754
M4,26.450998306274414
B4,4.310999870300293
P3,2.1480000019073486
C3,8.453999519348145
I5,1.7710000276565552
D5,11.807000160217285
F1,5.026000022888184
H2,8.430999755859375
C2,1.5829999446868896
P3,13.302000045776367
J3,1.8389999866485596
D2,1.5720000267028809
N1,1.5389999151229858
O4,1.9930000305175781
N1,2.188999891281128
D1,1.5720000267028809
H3,9.088000297546387
O1,2.140000104904175
H3,4.952000141143799
P6,2.2860000133514404
A2,1.722000002861023
D1,1.7890000343322754
N4,1.8359999656677246
P4,2.685999870300293
L6,2.437000036239624
I2,1.7940000295639038
A1,9.6899995803833
P6,1.7969999313354492
E2,5.021999835968018
N6,3.4010000228881836
O1,2.440999984741211
C6,14.515999794006348
F6,1.684000015258789
J6,2.06499981880188
C5,2.013000011444092
I3,3.2649998664855957
H2,11.947000503540039
E3,2.2819998264312744
L4,8.488999366760254
A3,5.598999977111816
M5,1.9789999723434448
H2,1.6110000610351562
D2,24.66900062561035
H5,1.8700000047683716
B3,1.6959999799728394
K3,7.865999698638916
D3,5.125
N2,1.7350000143051147
D4,4.970999717712402
H3,1.6330000162124634
F4,1.878999948501587
P2,5.454999923706055
L3,1.6990000009536743
F5,3.9179999828338623
F3,9.369999885559082
A6,6.72599983215332
J5,7.702000141143799
K2,1.7170000076293945
G5,1.8747500479221344
N4,9.123000144958496
D1,10.845000267028809
H5,4.993000030517578
O3,6.701000213623047
L3,1.8799999952316284
A4,6.788000106811523
L2,1.691999912261963
F6,1.809000015258789
M5,18.03999900817871
P1,2.009999990463257
B6,6.445000171661377
A2,1.6309999227523804
N6,12.37399959564209
A2,14.11400032043457
L2,5.824999809265137
D6,2.447000026702881
E5,4.861999988555908
C6,1.4819999933242798
C1,9.084000587463379
H3,3.4709999561309814
H6,4.491000175476074
K4,2.0889999866485596
K2,15.428000450134277
K1,1.597999930381775
I2,5.185999870300293
J1,1.556999921798706
E6,4.913000106811523
K5,1.7209999561309814
K4,2.677999973297119
F1,2.0390000343322754
D2,1.6629999876022339
N3,5.084000110626221
E3,1.694000005722046
M6,1.9140000343322754
M3,1.5210000276565552
A1,3.2889997959136963
O1,2.2990000247955322
E5,1.6159999370574951
M4,1.753999948501587
D6,2.3889999389648438
G6,1.6829999685287476
F1,1.6339999437332153
N3,1.6080000400543213
F3,4.031000137329102
H2,1.7039999961853027
J4,2.1419999599456787
I2,35.452999114990234
L2,2.638000011444092
P1,1.7350000143051147
M5,2.5909998416900635
C5,1.773799967765808
H2,2.443000078201294
B5,2.0870001316070557
M3,13.175000190734863
B3,7.288000106811523
B2,6.326000213623047
D5,1.8589999675750732
N3,7.002000331878662
A3,2.2730000019073486
L6,2.057000160217285
D6,1.687000036239624
B3,1.527999997138977
A5,2.0439999103546143
L1,1.7089999914169312
O4,10.133000373840332
B4,1.967000126838684
A5,1.746999979019165
B1,2.1520001888275146
C5,7.2860002517700195
L1,2.0360000133514404
I4,2.8369998931884766
L5,2.1710000038146973
E5,2.927999973297119
P5,1.3519999980926514
F1,1.7089999914169312
J1,1.715000033378601
B6,5.275000095367432
I4,1.6959999799728394
B5,2.0880000591278076
O2,1.6510000228881836
K3,13.291999816894531
H2,1.965000033378601
B1,5.625999927520752
K1,13.72599983215332
E2,5.832000255584717
K2,1.569000005722046
O4,2.0360000133514404
E5,7.337000370025635
F1,2.4590001106262207
H1,1.5230000019073486
C5,7.550000190734863
H5,4.8480000495910645
I4,11.800000190734863
A4,1.6100000143051147
D4,10.122000694274902
L1,1.6990000009536743
O3,1.8119999170303345
L5,180.27999877929688
K5,1.649999976158142
H2,8.765000343322754
O4,2.06499981880188
D2,11.486000061035156
C2,1.5780000686645508
K6,4.823999881744385
K3,1.6549999713897705
P5,6.302000045776367
N6,4.9720001220703125
D1,2.4790000915527344
D6,7.526000022888184
P5,1.843999981880188
N1,11.894000053405762
H1,3.7860000133514404
F5,8.539999961853027
G1,6.421999931335449
A6,2.1419999599456787
G6,1.6670000553131104
K5,1.6420000791549683
I1,5.546999931335449
N2,10.423999786376953
A4,1.7599999904632568
D5,1.8119999170303345
O6,4.515999794006348
K4,1.8179999589920044
K1,1.7969999313354492
F6,1.9720001220703125
P6,11.864999771118164
P1,7.10699987411499
L6,1.9720001220703125
O5,1.9950000047683716
C1,8.496000289916992
D2,4.702000141143799
J1,8.546000480651855
B1,26.255001068115234
P3,1.7319999933242798
J1,1.7960000038146973
K4,2.0959999561309814
J4,13.942000389099121
G3,7.230999946594238
H3,2.135999917984009
G1,2.067999839782715
D4,8.520999908447266
F1,7.174999713897705
J4,20.597999572753906
I1,9.473999977111816
P4,2.812000036239624
A6,1.4259999990463257
A6,1.6260000467300415
I3,4.610000133514404
G1,12.210999488830566
C5,2.930000066757202
I2,1.7669999599456787
E6,7.907000541687012
K4,8.331000328063965
K5,7.228000164031982
P2,1.7319999933242798
P2,21.494998931884766
A6,5.000999927520752
G6,5.371999740600586
F1,1.9660000801086426
J6,9.096000671386719
K1,10.519000053405762
E2,4.422999858856201
N4,1.6899999380111694
I6,6.638000011444092
G3,10.936999320983887
K3,7.674000263214111
C3,2.2100000381469727
G2,2.26200008392334
L4,4.900000095367432
N6,1.6769999265670776
J1,2.2860000133514404
L1,4.9670000076293945
H1,1.7680000066757202
F2,1.9049999713897705
F1,12.77299976348877
B2,1.7910000085830688
G4,2.0989999771118164
P3,2.4580001831054688
H6,8.291999816894531
K3,2.4670000076293945
O1,6.578999996185303
B6,1.7160000801086426
I1,14.565000534057617
C4,1.8860000371932983
B6,2.1069998741149902
I5,6.032000422477722
B1,8.469999313354492
G4,2.369999885559082
C5,2.260999917984009
H6,9.62399959564209
A5,9.12399959564209
K1,13.570000648498535
H2,1.749000072479248
N3,1.5720000267028809
I2,8.300000190734863
G4,1.5529999732971191
N5,5.179999828338623
C1,1.628000020980835
O4,1.912000060081482
G3,7.322000026702881
J6,2.0220000743865967
N3,1.9369999170303345
B4,16.881000518798828
G4,8.561500191688538
B3,4.803999900817871
N5,7.51200008392334
G4,12.485000610351562
G6,15.369999885559082
K6,6.918999671936035
I3,1.5600000619888306
O1,1.465999960899353
L5,2.4280002117156982
K3,6.839000225067139
O6,1.6009999513626099
M6,1.628999948501587
B4,2.0160000324249268
D1,7.434999942779541
M4,3.183000087738037
G3,1.8200000524520874
E3,7.071000099182129
G6,1.7969999313354492
I2,2.0280001163482666
A3,1.996000051498413
J2,2.135999917984009
A6,1.75600004196167
N6,1.8339999914169312
B3,2.2669999599456787
D5,2.9700000286102295
I2,4.7179999351501465
J1,1.7929999828338623
E3,12.47599983215332
C4,2.183000087738037
P5,2.385999917984009
L3,6.107000350952148
H3,1.6850000619888306
M3,1.527999997138977
K1,5.0289998054504395
M1,1.624000072479248
K4,1.5529999732971191
D3,9.446000099182129
A3,1.6129999160766602
A4,25.583999633789062
B4,1.5630000829696655
P1,1.5770000219345093
K6,1.8660000562667847
B4,15.095000267028809
B6,1.7280000448226929
L3,1.7120000123977661
A1,2.0139999389648438
A5,18.593000411987305
P3,14.005999565124512
A2,1.5360000133514404
A2,2.17900013923645
M5,9.079999923706055
L4,2.496999979019165
L5,1.6489999294281006
N3,3.753999948501587
L1,1.781999945640564
M1,2.378000020980835
A6,7.355000019073486
G3,1.9393999576568604
N5,16.35099983215332
J6,1.6180000305175781
L5,2.0759999752044678
A4,2.8380000591278076
A2,2.057000160217285
O5,9.204999923706055
I2,1.7009999752044678
F3,7.253999710083008
G6,1.8660000562667847
M6,14.461000442504883
E4,1.9980000257492065
O1,10.633500099182129
E4,12.769999504089355
P3,1.6670000553131104
M1,3.611999988555908
C5,1.8420000076293945
O4,13.903000831604004
E6,2.1730000972747803
G1,2.627000093460083
P2,7.232999801635742
O6,1.5999999046325684
M3,8.607999992370605
A1,6.631999969482422
C3,1.7100000381469727
B4,7.236999988555908
O2,1.7130000591278076
C5,1.9930000305175781
P1,2.240000009536743
L4,1.4929999113082886
H6,2.002000093460083
B5,2.4610002040863037
L4,2.3480000495910645
P1,4.257999897003174
I5,7.256999969482422
L2,2.1419999599456787
P3,20.810001373291016
P6,11.243000030517578
C3,5.0929999351501465
E3,2.009999990463257
M5,7.241000175476074
K6,1.6899999380111694
P1,2.822000026702881
P2,1.715000033378601
B3,2.3469998836517334
H2,13.76099967956543
A4,2.4570000171661377
A3,14.12600040435791
A6,1.7920000553131104
L4,3.5399999618530273
B5,2.0510001182556152
I4,7.928999900817871
C1,189.67401123046875
N6,7.11400032043457
D1,2.18999981880188
P1,1.970000147819519
B2,1.7979999780654907
K6,12.474000930786133
L6,2.134999990463257
E4,2.007999897003174
O5,13.859000205993652
M3,10.446000099182129
F5,4.868000030517578
F1,1.7630000114440918
L6,8.852999687194824
O2,7.26800012588501
D4,16.74799919128418
O2,13.039999961853027
G2,4.406000137329102
H1,7.625999927520752
I1,4.509999752044678
A5,5.677000045776367
D5,18.461000442504883
F5,1.7269999980926514
F3,13.932000160217285
E1,6.787749856710434
F5,1.7379999160766602
A6,3.5739998817443848
K3,7.636000156402588
K5,12.860000610351562
N5,2.435999870300293
L6,4.147000312805176
L4,1.6449999809265137
G3,1.6200000047683716
I3,1.6019999980926514
F4,1.7839999198913574
M2,16.584999084472656
M5,3.2760000228881836
N4,8.331000328063965
B5,1.715000033378601
N3,7.414000034332275
E6,2.0141667326291404
D6,70.97999572753906
M4,12.009000778198242
B4,3.1369998455047607
K5,1.9170000553131104
H6,2.0349998474121094
N1,6.689000129699707
F5,2.2079999446868896
F5,8.892999649047852
I4,1.7599999904632568
E2,4.559999942779541
F6,8.806000709533691
I5,1.7529999017715454
C1,1.9219999313354492
L2,1.4789999723434448
E2,6.309000015258789
D5,2.7230000495910645
H1,8.534000396728516
A2,2.2239999771118164
G4,9.746000289916992
C2,1.5509999990463257
P1,3.442999839782715
B3,1.8960000276565552
D3,5.520999908447266
O1,1.8960000276565552
P5,5.053999900817871
N5,1.7239999771118164
M1,1.725000023841858
J3,1.715000033378601
H2,8.059999465942383
A4,1.8339999914169312
N6,3.306999921798706
H6,2.694000005722046
P2,2.9010000228881836
O3,2.738999843597412
F5,1.9499999284744263
H1,7.265999794006348
M6,5.7270002365112305
B6,9.208000183105469
K2,1.725000023841858
L1,2.0149998664855957
F3,2.9559998512268066
B5,1.8320000171661377
P4,4.599999904632568
H5,1.9259999990463257
D3,1.6829999685287476
A1,1.753999948501587
A3,1.6260000467300415
C4,1.815999984741211
P5,17.29599952697754
H3,3.373000144958496
J2,1.8250000476837158
H3,1.8639999628067017
K6,21.3179988861084
L5,1.777999997138977
N4,1.5549999475479126
C1,14.631999969482422
D2,1.8260000944137573
L5,1.5770000219345093
B5,8.440999984741211
P4,9.079999923706055
E5,4.61299991607666
B3,11.617000579833984
F4,6.578999996185303
N1,2.1019999980926514
F6,5.200999736785889
J3,3.4189999103546143
K2,3.8085002501805625
C2,1.559000015258789
L5,4.311999797821045
N5,7.8470001220703125
F4,8.18600082397461
G2,3.40500009059906
F4,1.8050000667572021
D3,4.770999908447266
P3,2.5399999618530273
N6,6.668000221252441
G1,2.259999990463257
C6,1.590999960899353
L3,3.632999897003174
K1,3.4570000171661377
F1,5.2829999923706055
N6,1.8700000047683716
G6,1.9079999923706055
N3,5.328999996185303
A3,1.8509999513626099
A2,2.192999839782715
G6,4.703000068664551
F2,5.288000106811523
L6,1.9399999380111694
C5,10.312999725341797
B2,3.177999973297119
K5,1.718000054359436
N4,2.6089999675750732
F3,2.2690000534057617
G4,1.5500000715255737
J1,1.794750064611435
B4,4.666999816894531
E3,11.002999305725098
A5,4.684999942779541
O5,2.001000165939331
H1,7.9770002365112305
D6,1.8339999914169312
J1,1.7599999904632568
F1,1.8533999919891357
C6,11.362000465393066
L3,12.486000061035156
H1,2.675999879837036
P1,1.8312499821186066
K3,5.448999881744385
O1,5.137800192832946
P2,8.951000213623047
D5,2.2819998264312744
C4,1.6790000200271606
P6,2.1419999599456787
F6,2.260999917984009
P4,1.7640000581741333
D6,1.6349999904632568
O3,4.256999969482422
H2,7.292999744415283
I2,1.7049999237060547
N6,1.8040000200271606
L4,1.8690000772476196
P3,2.128999948501587
B5,2.0369999408721924
K5,7.089000225067139
P4,10.638999938964844
E2,2.5199999809265137
J4,16.90799903869629
O6,19.022998809814453
P2,16.73699951171875
C3,2.5239999294281006
K6,4.454999923706055
C4,1.6129999160766602
H2,2.375
B1,1.915000081062317
O4,1.597999930381775
M2,1.9480000734329224
L6,1.6380000114440918
H4,1.5750000476837158
M1,1.7190001010894775
D2,1.7529999017715454
K1,1.722000002861023
I4,1.971000075340271
B1,5.320000171661377
H4,1.8990000486373901
C4,13.957000732421875
P6,2.1500000953674316
E1,8.922999382019043
E3,1.7109999656677246
E3,14.697000503540039
B3,8.488999366760254
N5,2.759000062942505
G1,1.8269999027252197
B1,2.5684998631477356
H4,1.9110000133514404
E2,1.6949999332427979
J3,5.244999885559082
H1,2.007999897003174
D5,1.6829999685287476
F6,1.8909999132156372
O5,1.9450000524520874
I6,13.979000091552734
M4,1.8209999799728394
L6,3.4620001316070557
E1,16.15799903869629
I3,2.046999931335449
H3,1.524999976158142
M5,8.800000190734863
G6,1.584999918937683
P4,1.7960000038146973
G2,10.368000030517578
G6,8.286999702453613
K1,1.7929999828338623
H5,7.99399995803833
H4,2.241000175476074
D2,7.875
O2,13.006999969482422
F3,1.5810000896453857
H2,4.192999839782715
M2,1.569000005722046
J6,7.184000015258789
G5,1.6730000972747803
C3,8.942999839782715
L2,4.0960001945495605
D3,1.875999927520752
G5,2.07099986076355
P2,1.4600000381469727
J6,6.96999979019165
C1,4.381999969482422
A5,9.051999628543854
L6,9.61400032043457
E1,4.676000118255615
C1,1.88100004196167
A3,2.4700000286102295
G3,26.39699935913086
K4,2.241000175476074
I6,12.175999641418457
O3,1.903999924659729
P3,2.177000045776367
M4,9.911999702453613
J2,1.9270000457763672
I4,5.073000431060791
J2,14.031000137329102
A2,1.7160000801086426
O5,9.390000343322754
K5,2.0989999771118164
L6,8.36400032043457
D2,1.6299999952316284
C4,4.937000274658203
H4,14.77400016784668
L1,3.626999855041504
I6,1.6769999265670776
G6,1.691999912261963
E5,2.328000068664551
M6,12.402999877929688
O1,2.17900013923645
B6,1.903999924659729
H2,2.2780001163482666
H6,12.683000564575195
K1,3.319999933242798
O2,11.177999496459961
E5,8.81399917602539
C4,9.67199993133545
B5,8.647499918937683
B1,1.6640000343322754
F3,15.28600025177002
H4,12.654999732971191
L3,14.826000213623047
L6,7.5420002937316895
D3,1.7569999694824219
K3,7.38599967956543
I3,12.133999824523926
N6,1.749000072479248
E5,1.746000051498413
M5,4.052000045776367
L1,7.211999893188477
D1,1.6649999618530273
D1,2.1510000228881836
F4,3.2049999237060547
P5,12.009000778198242
H5,10.708999633789062
C4,1.627000093460083
F5,1.965000033378601
L1,1.7209999561309814
L4,1.5820000171661377
C1,1.781999945640564
C4,1.5600000619888306
H4,8.566999435424805
I5,1.7300000190734863
J1,6.951000213623047
L5,1.75600004196167
O6,1.559000015258789
K3,1.8339999914169312
E6,1.628999948501587
I2,1.9320000410079956
O5,1.912000060081482
H4,2.1080000400543213
H3,1.7960000038146973
L4,8.512999534606934
H2,2.2680001258850098
K3,1.9480000734329224
N5,4.500999927520752
B6,9.232000350952148
G6,7.210000038146973
G2,9.421000480651855
O1,1.6759999990463257
D6,1.7409999370574951
F2,10.571000099182129
N3,2.3550000190734863
A2,6.734999656677246
F3,2.3380000591278076
M4,7.918000221252441
N1,1.8570001125335693
L6,4.563999652862549
B4,1.9570000171661377
C2,13.607999801635742
B3,6.7270002365112305
G4,1.9140000343322754
I1,1.6660000085830688
I4,1.6480000019073486
C6,10.310999870300293
C5,1.909999966621399
E3,1.777000069618225
M6,17.88399887084961
O1,1.7960000038146973
O1,4.238999843597412
K3,2.9780001640319824
P4,1.808000087738037
M1,2.135999917984009
I6,4.406999588012695
I6,3.2320001125335693
E1,5.184000015258789
P4,7.765999794006348
A5,3.7060000896453857
B1,2.7769999504089355
E6,1.940999984741211
P6,6.923499941825867
H6,1.7409999370574951
D6,2.7179999351501465
H6,18.797000885009766
G6,5.2170000076293945
D3,1.7190001010894775
C3,1.7710000276565552
H2,1.8609999418258667
I4,8.892999649047852
I5,4.743000030517578
B3,1.6169999837875366
J3,17.2450008392334
E4,11.683000564575195
G4,5.9079999923706055
E3,1.7999999523162842
M3,1.9599999904632568
F6,13.494999885559082
P4,1.534000039100647
B2,8.312999725341797
G4,1.7039999961853027
I5,5.307000160217285
L1,1.878000020980835
E6,1.9259999990463257
I2,4.720000267028809
K3,6.947999954223633
E1,2.0999999046325684
G5,1.9690001010894775
D2,7.747000217437744
H5,1.6430000066757202
J6,5.014999866485596
N2,4.9120001792907715
I4,5.811999797821045
L6,1.7839999198913574
F2,9.892999649047852
L5,7.783999919891357
K4,8.416999816894531
L4,2.1019999980926514
K2,1.5149999856948853
H4,9.142999649047852
E6,2.434999942779541
D2,7.0920000076293945
I4,2.1440000534057617
D5,3.825000047683716
G4,4.854000091552734
A5,1.872999906539917
K3,2.6720001697540283
M2,2.3480000495910645
B4,1.6009999513626099
N1,1.9470000267028809
B5,3.374000072479248
L1,1.715000033378601
B3,2.506999969482422
D3,1.569000005722046
C3,16.038000106811523
C6,2.4029998779296875
B4,1.6660000085830688
N1,1.524999976158142
F5,3.0420000553131104
I1,1.9580000638961792
K4,1.5429999828338623
J6,1.7359999418258667
O6,3.680000066757202
M2,1.8309999704360962
P1,4.641000270843506
J5,7.352999687194824
C6,1.8650000095367432
D3,8.196000099182129
N5,1.6029999256134033
H6,14.476999282836914
C4,2.4079999923706055
P6,5.793999671936035
E2,1.680999994277954
E2,2.0959999561309814
H5,3.625
P1,7.560999870300293
A4,1.687000036239624
F4,1.6740000247955322
C5,2.0169999599456787
H1,10.407999992370605
N6,7.895999431610107
L3,1.7730000019073486
O6,1.6740000247955322
L4,21.839000701904297
D3,3.571000099182129
D2,2.07099986076355
I3,6.688000202178955
O1,8.348999977111816
O3,1.8799999952316284
B6,1.694000005722046
L3,8.902000427246094
M2,5.185999870300293
D2,12.4350004196167
J4,3.444000005722046
D4,1.944000005722046
G2,1.7259999513626099
A1,2.0959999561309814
C4,7.907999515533447
H5,12.270999908447266
A3,6.5763999938964846
O4,1.9829999208450317
C3,1.746000051498413
K4,1.5410000085830688
J2,1.7839999198913574
P1,2.0480000972747803
I6,2.2290000915527344
O1,7.572999954223633
C6,1.5350000858306885
A3,16.260000228881836
C1,1.5429999828338623
A2,2.421999931335449
O5,2.5490000247955322
N1,9.468999862670898
F5,5
C6,2.052999973297119
P3,2.302999973297119
A1,4.177999973297119
J5,8.548999786376953
D2,2.0880000591278076
N3,1.7580000162124634
M2,1.6660000085830688
N2,2.302999973297119
G5,3.306999921798706
K3,1.6489999294281006
M2,2.6430001258850098
B6,1.9160000085830688
P5,6.270500183105469
N3,9.954999923706055
B2,1.7940000295639038
E5,3.1549999713897705
K2,2.115000009536743
M5,1.5419999361038208
A3,5.210000038146973
B1,8.623000144958496
C6,2.004999876022339
J6,1.9390000104904175
C5,1.6380000114440918
J5,1.5449999570846558
K4,9.941999435424805
P3,1.7379999160766602
I1,1.8429999351501465
L2,1.6260000467300415
G6,7.207000255584717
A6,1.7379999160766602
E6,1.9300000667572021
G6,1.5329999923706055
I4,7.25
M3,10.04699993133545
J2,1.8320000171661377
E4,1.5429999828338623
D3,2.4850001335144043
L3,2.117000102996826
M1,1.6759999990463257
P2,18.10300064086914
L2,13.883999824523926
J5,1.6690000295639038
J6,1.934000015258789
E4,10.874000549316406
N3,1.9630000591278076
M5,6.805499970912933
H4,1.627000093460083
O3,9.104999542236328
E4,2.9519999027252197
N3,1.6660000085830688
A6,5.551000118255615
P2,13.86400032043457
P1,1.7839999198913574
F6,1.7190001010894775
D5,9.092999458312988
C4,4.904000282287598
M4,5.609000205993652
M2,1.5750000476837158
G3,5.561999797821045
A6,11.939000129699707
A3,13.364999771118164
B4,1.9219999313354492
C6,1.9779999256134033
H1,16.402000427246094
C4,5.958599805831909
E6,11.777999877929688
J2,1.8299999237060547
A5,2.5290000438690186
F3,1.8990000486373901
N2,2.366000175476074
D5,3.9650001525878906
D4,1.88100004196167
B6,1.5019999742507935
D1,2.200000047683716
D6,10.359000205993652
E4,4.789000034332275
K4,1.9910000562667847
I5,1.912000060081482
N4,1.8380000591278076
H2,2.124000072479248
A5,1.875
B2,1.9199999570846558
I5,1.6570000648498535
N3,1.7740000486373901
J6,6.6610002517700195
J2,1.7630000114440918
A1,1.9589999914169312
B2,7.229000091552734
G2,1.8769999742507935
E2,14.069999694824219
D5,13.574000358581543
A1,3.059999942779541
A1,2.687999963760376
N5,2.0850000381469727
B1,16.22800064086914
B5,1.6690000295639038
J6,1.597000002861023
G6,11.508000373840332
A4,1.5160000324249268
D2,1.8980000019073486
H1,1.6059999465942383
A1,2.494999885559082
I1,1.534000039100647
A1,6.122000217437744
G2,7.710999965667725
L2,5.631999969482422
H4,2.0269999504089355
G5,5.127999782562256
M3,4.668000221252441
J6,2.0959999561309814
B3,5.948999881744385
C3,2.743000030517578
L4,1.8870000839233398
F1,20.545000076293945
J1,1.7120000123977661
F2,4.732000350952148
P5,1.5350000858306885
K1,12.491000175476074
L3,1.5549999475479126
N2,1.659999966621399
J3,1.6120001077651978
D5,2.0369999408721924
D3,2.078000068664551
K2,5.423999786376953
P3,2.0330002307891846
I5,1.597999930381775
F4,1.8140000104904175
C5,1.8320000171661377
K1,1.8250000476837158
O2,1.8009999990463257
B1,1.8680000305175781
I5,7.76800012588501
P1,20.485000610351562
M1,2.8459999561309814
J3,1.5839999914169312
B5,2.0799999237060547
P4,12.144999504089355
N1,4.763999938964844
I6,1.6510000228881836
I3,5.2089996337890625
P2,9.041000366210938
I5,1.6510000228881836
C3,12.135000228881836
H1,5.00600004196167
C4,1.6570000648498535
E3,5.263000011444092
C4,1.8187499642372131
C6,4.1579999923706055
E4,1.7300000190734863
D5,6.941999912261963
M4,25.457000732421875
F2,2.8580000400543213
N4,1.5640000104904175
K6,15.760998725891113
E4,2.6549999713897705
J3,4.9120001792907715
L2,2.922999858856201
N2,5.102000188827515
L1,6.164000034332275
K2,1.6510000228881836
A3,4.337000370025635
G2,11.292999267578125
I5,1.7790000438690186
J3,2.0799999237060547
G2,4.690000057220459
G5,2.0169999599456787
F2,1.6180000305175781
M1,2.4089999198913574
F5,2.515000104904175
J3,2.562999963760376
F4,1.7319999933242798
L3,7.250999927520752
E6,2.678999900817871
N1,5.514999866485596
F2,1.9229999780654907
H3,1.9290000200271606
A5,2.06000018119812
P5,1.7430000305175781
D4,2.049999952316284
M3,1.84499990940094
L5,1.812999963760376
M2,5.828999996185303
G1,1.9170000553131104
N3,1.9580000241597493
K6,1.6469999551773071
O4,4.007999897003174
E5,5.546999931335449
F6,20.60099983215332
A4,1.6299999952316284
E1,2.562999963760376
N1,2.0149998664855957
I6,2.182000160217285
D5,6.650000095367432
I4,1.7059999704360962
A5,1.6720000505447388
M5,2.129999876022339
H6,1.6380000114440918
O3,2.052000045776367
H4,1.8680000305175781
D2,1.8899999856948853
E3,3.0320000648498535
B1,2.8530001640319824
A4,8.550000190734863
H1,12.086000442504883
G1,5.214999675750732
O6,2.184000015258789
F4,1.75
N5,8.53600025177002
H3,1.903999924659729
C1,5.1060004234313965
E6,1.906000018119812
A3,1.9219999313354492
O1,6.854000091552734
P4,1.555999994277954
G6,1.6100000143051147
I3,5.305000305175781
C5,8.789999961853027
L3,1.6430000066757202
K6,13.957000732421875
K5,2.2770001888275146
A1,1.6720000505447388
L4,14.77199935913086
M6,2.1710000038146973
C5,4.7829999923706055
O5,5.729000091552734
I6,5.076000213623047
L1,8.944000244140625
M5,5.371999740600586
J1,2.6529998779296875
M5,1.5839999914169312
A5,7.36299991607666
E1,7.546999931335449
I1,15.049999237060547
H6,2.0369999408721924
O5,14.832999229431152
K3,14.446999549865723
N1,1.6929999589920044
J4,2.0160000324249268
G2,7.426000118255615
P6,1.9229999780654907
B3,11.699000358581543
I3,7.038000106811523
O2,2.0880000591278076
F4,3.427999973297119
G4,1.7999999523162842
M1,4.6479997634887695
C3,6.297000408172607
A1,2.1540000438690186
J2,1.7829999923706055
E2,4.236000061035156
M6,2.046999931335449
E6,14.449000358581543
I4,2.128000020980835
H3,2.003999948501587
O1,1.9739998579025269
B1,1.7319999933242798
F6,2.6089999675750732
M1,2.327000141143799
B2,1.5820000171661377
K6,10.152000427246094
C4,7.788000106811523
I5,1.6990000009536743
I2,1.7480000257492065
G1,5.0829997062683105
A4,12.45300006866455
N6,1.6420000791549683
B3,1.7899999618530273
O6,5.404000282287598
F4,16.749000549316406
N6,1.8459999561309814
P5,15.59999942779541
I6,2.184000015258789
M4,2.0300002098083496
M4,1.6740000247955322
B1,2.134000062942505
H1,11.88700008392334
K5,13.663000106811523
O5,2.062000036239624
B3,2.1050000190734863
F6,1.8860000371932983
O5,3.562799882888794
I1,7.703000068664551
E2,5.0360002517700195
M3,2.0220000743865967
H4,11.133999824523926
A2,4.877000331878662
K5,1.9739998579025269
E2,1.593999981880188
F5,2.0739998817443848
P4,6.595000267028809
G5,3.7019999027252197
O1,6.375999927520752
K1,2.240000009536743
B2,7.3520002365112305
M5,3.1459999084472656
D2,7.184999942779541
O4,1.8240000009536743
C1,4.927000045776367
A5,8.500999450683594
B4,6.494999885559082
I4,1.7020000219345093
F2,1.7400000095367432
P6,1.9640001058578491
L5,2.86299991607666
N3,1.8009999990463257
P6,1.9593999624252318
E5,8.446999549865723
M4,6.906000137329102
F6,13.33899974822998
F2,2.2209999561309814
C3,1.7070000171661377
D4,13.895999908447266
E2,4.86899995803833
O4,6.539000034332275
J3,2.203000068664551
P2,1.8700000047683716
O3,1.6859999895095825
F2,1.9739998579025269
H5,1.872999906539917
F4,9.817999839782715
M3,2.1689999103546143
C3,2.4000000953674316
K6,12.520000457763672
A1,1.6299999952316284
B5,1.5470000505447388
C1,7.232999801635742
J3,23.704999923706055
E6,8.33899974822998
J5,1.8570001125335693
E5,11.358999252319336
A6,1.7860000133514404
O4,1.6230000257492065
I1,1.5449999570846558
J5,2.066999912261963
E5,7.960000038146973
F6,8.486000061035156
J5,2.305999994277954
K3,1.684000015258789
F6,1.8370000123977661
E1,7.1620001792907715
P5,3.1630001068115234
A5,1.74399995803833
F2,1.6959999799728394
K5,1.628999948501587
G6,1.7929999828338623
L5,2.072999954223633
O4,1.930999994277954
N1,14.28600025177002
A4,8.418000221252441
H3,12.220999717712402
K3,1.7620000839233398
M1,1.7239999771118164
G3,2.1430001258850098
D1,4.066999912261963
C6,1.7950000762939453
G6,1.8530000448226929
J3,8.532999992370605
P6,1.7300000190734863
O2,1.808000087738037
B1,12.057000160217285
D6,2.0399999618530273
P4,7.7689995765686035
I2,1.915000081062317
O5,1.628000020980835
A4,2.2869999408721924
F4,7.236999988555908
M1,7.735000133514404
K4,4.918000300725301
J4,2.111999988555908
J1,7.822999954223633
B5,4.126999855041504
O4,1.6080000400543213
F4,1.9369999170303345
F2,4.910999774932861
H6,2.4230000972747803
G6,3.821000099182129
I1,4.473999977111816
H1,1.5630000829696655
F1,1.597000002861023
A2,3.254000186920166
K2,7.292999744415283
B2,3.058000087738037
K5,1.7319999933242798
B3,17.06599998474121
O3,1.9450000524520874
A1,7.247000217437744
A4,2.639000177383423
F2,1.6420000791549683
J6,13.368000030517578
J4,7.5279998779296875
D3,2.2730000019073486
D4,1.5870000123977661
A3,1.7480000257492065
M4,8.470999717712402
K3,1.9010000228881836
A3,2.0119998455047607
L6,4.8349995613098145
E3,1.6829999685287476
B4,2
F2,3.5850000381469727
E4,1.7350000143051147
M3,2.0930001735687256
M6,2.005999803543091
A2,1.704749971628189
L1,1.5269999504089355
G1,1.6700000762939453
B1,3.0439999103546143
C4,1.6979999542236328
N2,2.3459999561309814
K3,1.8919999599456787
O5,4.982000350952148
N5,1.8639999628067017
A1,1.8359999656677246
L6,3.4040000438690186
H3,2.052000045776367
I3,2.0739998817443848
A6,9.456999778747559
A4,6.614999771118164
H1,1.5350000858306885
L6,8.294000625610352
B1,7.369999885559082
E6,8.089000701904297
D4,9.765000343322754
A6,1.8009999990463257
D2,1.8939999341964722
O5,1.7480000257492065
C6,6.321000099182129
H1,2.134999990463257
D1,2.2899999618530273
D4,1.7899999618530273
D4,1.840000033378601
I4,1.6050000190734863
O2,1.9720001220703125
C3,2.810999870300293
E5,14.476000785827637
J1,2.7109999656677246
N5,24.14699935913086
O4,7.961999416351318
C3,12.314000129699707
L2,1.7599999904632568
E4,1.718000054359436
B5,6.625
E3,9.286999702453613
N3,2.4260001182556152
A5,9.842000007629395
E6,2.2780001163482666
K5,2.001000165939331
L4,8.902999877929688
P1,14.017000198364258
J5,1.5789999961853027
D4,2.063999891281128
D3,1.8819999694824219
C2,4.633999824523926
A2,4.295000076293945
A3,5.415999889373779
M5,20.76799964904785
N2,2.124000072479248
L3,2.618000030517578
B5,14.335000038146973
K2,1.8299999713897706
D6,3.239000082015991
L4,5.0189995765686035
N6,3.6640000343322754
P5,3.7669999599456787
A6,1.8870000839233398
O2,4.9629998207092285
E5,6.909999847412109
N4,1.8309999704360962
C3,9.385000228881836
K1,13.970999717712402
A1,1.587999939918518
H4,2.260999917984009
C1,5.030999660491943
G6,1.6380000114440918
C2,2.4200000762939453
C4,1.7070000171661377
D1,2.5500001907348633
H6,5.371999740600586
L5,1.6890000104904175
E1,6.5970001220703125
C1,1.652999997138977
D6,1.8029999732971191
I2,8.492000579833984
B3,1.934000015258789
L4,1.691999912261963
F6,5.174000263214111
N5,1.8100000619888306
J5,1.8050000667572021
J3,2.317999839782715
G4,5.661999702453613
C3,3.1059998989105226
N4,7.335000038146973
O5,15.127999305725098
J6,1.5770000219345093
A3,6.556999683380127
B3,6.914999961853027
E6,1.8639999628067017
K2,1.75600004196167
F4,7.654000282287598
M3,1.4670000076293945
D6,2.3570001125335693
J3,2.559999942779541
A2,8.994000434875488
I5,3.871999979019165
C1,1.621999979019165
O6,14.089000701904297
A3,1.968000054359436
B3,4.991999626159668
G5,2.2789998054504395
H5,9.881999969482422
L1,1.5800000429153442
K4,16.536998748779297
M3,8.426000595092773
I5,2.06000018119812
A2,2.7239999771118164
O2,8.48799991607666
D4,8.743000030517578
F3,16.499000549316406
E6,2.7109998941421507
C1,5.696000099182129
M4,2.2350001335144043
J2,10.880000114440918
P1,1.7689999341964722
A2,1.5750000476837158
C2,1.7049999237060547
K5,1.5729999542236328
M2,2.7910001277923584
I4,1.5500000715255737
P3,17.32900047302246
F3,4.7860002517700195
B2,4.459000110626221
D6,5.183000087738037
F6,2.245000123977661
A2,4.599999904632568
E4,1.930999994277954
I6,7.499000072479248
B4,2.51200008392334
G5,8.935999870300293
B6,7.493000030517578
O6,3.3224000692367555
B4,7.563000202178955
N4,9.744999885559082
N6,4.6479997634887695
K1,9.274999618530273
P3,1.7740000486373901
J2,1.7950000762939453
H6,5.415999889373779
D1,2.2890000343322754
I5,1.8019999265670776
K4,2.0979998111724854
A4,2.063999891281128
I4,1.8589999675750732
I1,4.828999996185303
L2,3.2699999809265137
G6,3.5270001888275146
C2,2.9819998741149902
B2,2.197000026702881
I6,1.7910000085830688
P2,15.320999145507812
F4,9.499000549316406
E3,3.1019999980926514
A6,1.8170000314712524
H1,1.6850000619888306
N3,1.5369999408721924
F6,1.8939999341964722
N2,4.2779998779296875
G5,1.694000005722046
K6,1.7020000219345093
L5,14.430999755859375
K2,8.608000755310059
J2,1.6159999370574951
D6,1.7740000486373901
M3,1.7049999237060547
G3,2.385999917984009
C6,4.874000072479248
L4,11.991000175476074
N5,5.601999759674072
P5,1.6480000019073486
K2,2.50600004196167
D4,18.333999633789062
E2,1.78000009059906
I1,1.7209999561309814
A3,1.6050000190734863
J1,5.795000076293945
G3,4.934999942779541
J6,16.06100082397461
A4,1.6610000133514404
G5,1.6790000200271606
F3,1.5389999151229858
M1,8.357999801635742
A2,2.0320000648498535
M3,1.9690001010894775
F2,2.1510000228881836
A2,1.8550000190734863
A2,8.76300048828125
E1,15.169000625610352
H5,2.4580001831054688
B2,1.8639999628067017
P1,7.689000129699707
J2,1.749000072479248
A5,1.8269999027252197
G1,9.042999267578125
L5,3.496999979019165
F4,1.8600000143051147
G2,1.5329999923706055
I3,1.5770000219345093
D2,1.584999918937683
G1,2.191999912261963
J5,1.8830000162124634
N3,3.0799999237060547
J4,3.7019999027252197
J5,4.602999687194824
D4,6.151999861001968
I2,15.873000144958496
G5,6.122999668121338
A1,2.18500018119812
C6,7.111500024795532
P4,15.5
A4,1.750999927520752
I5,1.8299999237060547
M5,2.2869999408721924
F3,1.5729999542236328
J3,1.9170000553131104
E1,1.531000018119812
C6,8.258000373840332
F1,9.420000076293945
B5,5.607999801635742
J4,1.6129999160766602
E2,1.9279999732971191
I3,2.0850000381469727
E6,1.9900000095367432
L4,3.9376001834869383
L4,4.9589996337890625
O3,1.5740000009536743
F6,2.361999988555908
L1,1.534000039100647
C3,1.6820000410079956
N5,2.5869998931884766
J3,6.831000328063965
K4,1.5609999895095825
H3,2.008999824523926
O2,6.550000190734863
A4,5.697000026702881
P2,1.6899999380111694
F1,3.7879998683929443
G4,9.561999320983887
N5,6.756999969482422
C1,4.9160003662109375
N3,1.902000069618225
D1,2.2350001335144043
C6,5.353000164031982
M3,9.561999320983887
H3,7.3979997634887695
L3,2.740999937057495
C2,1.7190001010894775
I1,2.245000123977661
P3,1.9320000410079956
M4,5.058000087738037
D5,1.812999963760376
P6,6.000999927520752
N1,10.517000198364258
K4,16.32900047302246
D5,9.82800006866455
G2,10.47599983215332
J6,3.1640000343322754
F4,5.613999843597412
O2,13.175000190734863
E1,1.9580000638961792
C5,5.272000312805176
B3,7.6620001792907715
B1,16.194000244140625
I5,7.2779998779296875
P6,2.2290000915527344
D3,1.8700000047683716
D5,1.7450000047683716
H1,2.4719998836517334
B1,2.191999912261963
A2,2.618000030517578
N6,4.675000190734863
C1,1.7839999198913574
N1,1.7879999876022339
P2,5.743000030517578
G1,10.411999702453613
J1,4.664999961853027
K2,4.654000282287598
J3,1.7209999561309814
K1,2.191999912261963
K2,5.48900032043457
A5,14.156999588012695
L5,4.771999835968018
G2,2.06499981880188
M4,5.291833480199178
D4,5.504000186920166
F1,1.7120000123977661
D6,1.6720000505447388
P1,1.8179999589920044
H4,4.699000358581543
G2,2.2160000801086426
G5,1.8029999732971191
L4,10.083000183105469
H3,6.2700002789497375
I5,1.6120001077651978
M6,5.675000190734863
G5,9.585999488830566
P1,2.0179998874664307
N4,1.6730000972747803
C3,14.705000877380371
F1,1.843999981880188
B3,3.3509998321533203
G5,7.732999801635742
N2,1.722000002861023
A3,2.877000093460083
K2,4.095000267028809
N5,1.9509999752044678
L3,2.948000192642212
I6,2.0910000801086426
E5,1.5500000715255737
E2,9.883999824523926
H1,1.6299999952316284
C4,1.6949999332427979
B3,1.7890000343322754
M2,1.937999963760376
G3,1.5350000858306885
I6,3.4819998741149902
D2,1.7519999742507935
O2,1.8609999418258667
E5,10.417999267578125
M4,30.5989990234375
D1,1.899999976158142
K6,1.5810000896453857
A3,13.746999740600586
A1,5.61299991607666
B6,9.440999984741211
O6,1.7089999914169312
P2,1.695199966430664
G5,10.607999801635742
L6,1.9279999732971191
K2,1.74399995803833
E4,5.621000289916992
N3,3.2780001163482666
K1,13.75200080871582
D3,1.5579999685287476
L3,1.5810000896453857
P4,2.753000020980835
I6,2.4730000495910645
L1,1.915000081062317
L2,1.8200000524520874
N1,1.556999921798706
M3,16.729999542236328
A4,1.8909999132156372
K4,2.4619998931884766
P4,1.6200000047683716
M3,5.994999885559082
C3,7.648000240325928
A1,2.118000030517578
I2,1.906000018119812
B4,1.7620000839233398
A4,1.903999924659729
B2,7.421999931335449
C3,1.6069999933242798
N4,2.2799999713897705
F5,8.970999717712402
F2,2.191999912261963
L1,5.390999794006348
A1,1.8070000410079956
L3,12.593000411987305
M1,1.746999979019165
K2,1.9480000734329224
P3,8.868999481201172
A2,4.470999717712402
K2,1.6480000019073486
D4,2.187999963760376
K6,6.571000099182129
A2,1.7790000438690186
J6,7.37999963760376
I1,2.4009997844696045
N6,1.8240000009536743
E5,1.940999984741211
I5,10.821000099182129
B6,2.007999897003174
D4,1.5080000162124634
J3,2.0769999027252197
L3,1.6090000867843628
G6,1.6749999523162842
C2,1.9950000047683716
I4,1.781000018119812
F3,2.313999891281128
K4,2.622999906539917
B1,5.061999797821045
L5,2.512399911880493
G5,11.437999725341797
M6,3.7150001525878906
I5,14.67199993133545
C6,8.357999801635742
B3,7.126999855041504
C1,1.7419999837875366
F4,3.187000036239624
J4,5.198999881744385
H3,1.9010000228881836
H2,2.6679999828338623
E6,11.947999954223633
H3,7.6080002784729
F1,10.362000465393066
E1,13.854000091552734
A1,2.7129998207092285
N4,1.8220000267028809
E5,1.9270000457763672
F1,6.882999897003174
J5,2.889000177383423
N3,7.908999919891357
F5,1.6640000343322754
A4,9.694000244140625
G5,5.322000026702881
D1,103.3969955444336
D3,2.1019999980926514
G3,5.284000396728516
H5,1.9930000305175781
A5,1.6369999647140503
I1,1.628000020980835
E6,1.9660000801086426
O1,1.7529999017715454
A1,4.488000392913818
N5,8.546000480651855
A3,2.0490000247955322
N1,1.8680000305175781
L5,10.40999984741211
C1,12.107999801635742
B3,1.9229999780654907
N4,9.758999824523926
J5,8.527000427246094
J4,1.6260000467300415
L3,1.649999976158142
I4,7.223999977111816
I6,1.7409999370574951
P3,8.409000396728516
M6,7.677999973297119
K6,1.5889999866485596
K1,4.860000133514404
M6,10.008999824523926
K4,2.1430001258850098
L6,1.6339999437332153
A5,2.2169997692108154
K2,1.7430000305175781
E5,1.934000015258789
K4,13.960000038146973
C4,7.315000057220459
E2,2.191999912261963
N1,1.6890000104904175
M6,1.805999994277954
P1,6.806000232696533
L3,13.951000213623047
M2,8.901000022888184
B2,1.6090000867843628
P3,3.364000082015991
I3,4.728000164031982
G4,1.5130000114440918
D5,2.4709999561309814
I6,1.691999912261963
P6,1.6449999809265137
N3,13.39699935913086
N3,2.5460000038146973
O6,2.494999885559082
C2,4.678999900817871
L2,13.574000358581543
E2,1.9110000133514404
A4,18.27400016784668
D5,7.49399995803833
L3,2.4639999866485596
K1,2.2669999599456787
G4,3.9570000171661377
M6,4.763999938964844
E2,2.305000066757202
N1,17.49599838256836
B5,1.5130000114440918
K5,8.031000137329102
A4,6.375
L3,2.6549999713897705
F2,2.5470001697540283
I5,1.9480000734329224
P3,8.972000122070312
M1,2.0199999809265137
F3,1.5440000295639038
H4,1.7089999914169312
G6,1.7730000019073486
O5,5.950999736785889
P1,18.208999633789062
H5,8.500999450683594
J2,3.0460000038146973
L1,1.6790000200271606
M3,14.901000022888184
K4,2.7660000324249268
K3,3.3430001735687256
P2,15.104399681091309
D2,1.9480000734329224
H5,1.749000072479248
F1,10.11199951171875
G3,2.7350001335144043
N6,13.597999572753906
E6,7.495999813079834
G2,6.757999897003174
B4,1.8239999413490295
A3,23.81999969482422
A4,4.329999923706055
C6,4.14900016784668
K5,1.7680000066757202
O6,1.6169999837875366
I4,11.595999717712402
N1,9.177999496459961
D5,1.593999981880188
G6,1.996000051498413
K6,11.149999618530273
K3,1.9895999908447266
H1,3.050999879837036
P1,1.556999921798706
J6,5.625999927520752
E2,1.9789999723434448
K1,1.9690001010894775
N5,1.6720000505447388
E4,9.22800064086914
L4,1.7359999418258667
G2,1.7829999923706055
O2,20.168001174926758
F2,1.6050000190734863
G2,1.7139999866485596
P2,11.453500509262085
H4,5.815400314331055
L6,7.3480000495910645
F2,3
G5,1.9829999208450317
L5,1.7020000219345093
H1,5.049999713897705
J3,4.840000152587891
P5,8.965999603271484
H5,4.075000286102295
L1,2.115000009536743
O6,1.6230000257492065
K3,2.25600004196167
I6,1.7519999742507935
L4,1.6859999895095825
J3,2.121999979019165
A3,1.625
J2,2.6730000972747803
O4,4.259000301361084
H2,4.86899995803833
C6,1.7839999198913574
F6,7.563000202178955
B5,2.4069998264312744
J5,10.812999725341797
J4,2.2279999256134033
F2,5.507999897003174
C6,1.847999930381775
N5,1.7590000629425049
L6,1.7070000171661377
D3,1.7202000141143798
B3,12.621999740600586
G3,1.7929999828338623
E5,13.279000282287598
A5,5.875999927520752
G5,2.3540000915527344
K6,1.9259999990463257
D2,1.6430000066757202
O4,1.722999930381775
O5,4.552000045776367
P1,2.2350001335144043
I4,1.965000033378601
B2,8.958000183105469
A3,1.8700000047683716
N6,1.9809999465942383
H3,2.949000120162964
J4,2.2750000953674316
G1,1.5789999961853027
I6,14.862000465393066
H6,4.334000110626221
G1,5.77400016784668
E2,14.681999206542969
P5,8.372000694274902
F1,2.7970001697540283
A2,14.495999336242676
P1,2.7135998725891115
M5,4.551000118255615
L5,1.4900000095367432
B2,2.002000093460083
C3,2.1490001678466797
A3,1.7170000076293945
I2,4.166999816894531
A3,1.590000033378601
E2,2.0989999771118164
F6,2.049999952316284
J2,2.7269999980926514
D5,4.263333320617676
M5,2.0880000591278076
J4,1.6640000343322754
G1,2.2809998989105225
L3,6.845000267028809
K4,2.5460000038146973
H2,7.805999755859375
E5,2.4719998836517334
D4,3.3430001735687256
J4,4.604000091552734
A2,1.8339999914169312
I5,1.8260000944137573
C1,5.822000026702881
G3,9.09000015258789
N2,6.650000095367432
F6,4.735799932479859
M2,1.5130000114440918
M1,3.1540000438690186
A4,1.628000020980835
N1,2.1460001468658447
L5,3.9059998989105225
C3,6.197000026702881
O6,1.690999984741211
K5,1.6110000610351562
H1,13.918000221252441
F3,2.2279999256134033
B4,2.8530001640319824
I4,3.2528331677118936
B2,2.572000026702881
N4,8.975000381469727
B2,6.269999980926514
E1,10.861000061035156
D4,1.9739998579025269
H3,1.8459999561309814
J2,5.058000087738037
D2,7.35699987411499
I3,8.45199966430664
K1,3.9499998092651367
G2,2.934000015258789
O5,2.4670000076293945
I2,1.809000015258789
H6,10.006999969482422
J3,4.544000148773193
O3,1.6150000095367432
L1,1.6080000400543213
M5,5.021999835968018
O4,1.590999960899353
D1,6.477499723434448
G6,6.822999954223633
F6,6.078399658203125
D2,1.7310000658035278
K6,9.597000122070312
E3,7.723999977111816
O5,9.654999732971191
D2,2.6040000915527344
I3,1.627000093460083
D6,1.968000054359436
I3,4.414999961853027
B3,1.8589999675750732
M2,1.5099999904632568
P1,1.7599999904632568
B3,17.36199951171875
K5,1.5449999570846558
O5,8.560999870300293
J6,1.6890000104904175
D4,2.2920000553131104
E1,1.628000020980835
L5,2.203000068664551
C1,4.976999759674072
G2,3.251000165939331
E4,1.4839999675750732
J2,3.9509999752044678
E2,1.7089999914169312
L4,8.976999282836914
P5,3.248000144958496
E1,9.694999694824219
F4,3.4179999828338623
D2,1.7680000066757202
C1,1.750999927520752
N6,2.0409998893737793
J2,16.822999954223633
B2,1.6959999799728394
P5,7.910000324249268
I2,2.265000104904175
M1,1.8420000076293945
I1,2.0450000762939453
G2,10.316999435424805
H5,14.259000778198242
I6,1.8350000381469727
C2,6.792000198364258
K4,1.8180000185966492
F3,1.9749999046325684
O1,7.406999588012695
C5,3.8630001544952393
E4,1.8269999027252197
G1,2.4590001106262207
A3,7.426000118255615
G6,9.812000274658203
L5,1.556999921798706
J1,2.1419999599456787
N2,7.015999794006348
N4,5.0929999351501465
E5,1.812999963760376
G1,4.046999931335449
I2,7.849999904632568
A3,1.5410000085830688
C6,8.588000297546387
M3,1.8019999265670776
F6,4.788000106811523
C6,1.6540000438690186
D5,2.422599935531616
K5,1.6330000162124634
G1,8.813000679016113
D4,4.8480000495910645
E3,1.7089999914169312
L2,2.007799983024597
C5,7.4629998207092285
J2,12.956999778747559
E2,7.244999885559082
L2,12.329000473022461
L6,2.0480000972747803
I1,1.746000051498413
M1,1.9660000801086426
I3,1.7100000381469727
B4,8.643000602722168
A4,9.015000343322754
M5,20.801000595092773
K6,1.8633999347686767
N6,5.220999717712402
B1,2.800999879837036
I4,2.3459999561309814
I6,7.526000022888184
G2,5.379000186920166
K6,1.6519999504089355
F2,4.807000160217285
C3,2.125999927520752
E4,1.8860000371932983
A1,2.066999912261963
G3,1.6890000104904175
M3,1.5839999914169312
O4,2.236999988555908
M2,2.375
N1,17.365999221801758
F4,1.5679999589920044
H2,5.150000095367432
D4,3.375
G1,9.758000373840332
N1,2.1317999362945557
M3,11.657999992370605
A5,8.78499984741211
J6,1.5290000438690186
G2,7.145999908447266
N6,2.0220000743865967
B5,7.977999687194824
J4,6.111999988555908
D4,1.7580000162124634
F5,3.062999963760376
F4,1.8909999132156372
G2,1.5460000038146973
I4,1.5369999408721924
O6,7.189999580383301
K1,11.560999870300293
M3,1.590000033378601
H4,1.5200001001358032
E5,3.566999912261963
N5,18.149999618530273
D3,1.6519999504089355
E5,11.373000144958496
J6,1.9470000267028809
I2,1.5500000715255737
B6,1.7790000438690186
F2,1.5299999713897705
A3,1.909999966621399
H6,3.36299991607666
J3,8.403000831604004
O6,1.621999979019165
O1,5.605999946594238
P6,2.002999782562256
L1,12.76099967956543
F1,2.1009998321533203
A2,2.010999917984009
A4,1.5859999656677246
B4,1.6540000438690186
C1,2.0979998111724854
J6,6.771666586399078
C1,1.7009999752044678
A3,8.493999481201172
G5,2.381999969482422
D3,2.2109999656677246
A4,1.967000126838684
B5,13.949000358581543
P4,3.3350000381469727
D5,13.583999633789062
A6,5.074399995803833
G6,7.039999961853027
I2,14.105999946594238
A6,1.8459999561309814
B3,1.9610000848770142
A6,6.519000053405762
E5,1.694000005722046
L3,1.5759999752044678
L4,7.289000034332275
J5,1.5460000038146973
I4,8.741000175476074
N3,1.5149999856948853
N2,4.317999958992004
O5,8.925000190734863
J3,7.654999732971191
I3,1.9580000638961792
A4,1.7269999980926514
O4,4.52400016784668
I6,2.0260000228881836
B4,8.88700008392334
P6,6.785999774932861
E3,1.5740000009536743
G2,1.6670000553131104
E3,1.6799999475479126
L6,14.277000427246094
B3,2.3949999809265137
E1,18.341999053955078
O6,19.16499900817871
F6,6.554999828338623
J6,2.1679999828338623
D5,1.8140000104904175
C1,1.9199999570846558
C2,12.835000038146973
B5,1.6949999332427979
F1,8.269000053405762
N1,9.964000701904297
O3,16.02899932861328
L6,1.8579999208450317
K3,2.3459999561309814
H1,4.960000038146973
F4,1.9106000185012817
M2,2.052000045776367
D6,8.964000701904297
L5,5.880000114440918
H1,2.248999834060669
F3,7.048399925231934
J6,1.8600000143051147
K1,5.888000011444092
G5,2.0769999027252197
F2,6.644999980926514
P1,3.177999973297119
L1,1.9809999465942383
I3,2.0300002098083496
B2,1.8990000486373901
J4,19.56800079345703
L6,2.9579999446868896
N6,1.6880000829696655
I1,1.6339999437332153
O2,1.5549999475479126
G4,13.868999481201172
D3,1.6970000267028809
L4,1.3070000410079956
M4,1.777999997138977
H4,1.5140000581741333
I6,12.506999969482422
K4,2.0260000228881836
P1,2.0300002098083496
A3,8.42199993133545
F2,2.2730000019073486
I3,1.9369999170303345
H6,6.459000110626221
B4,7.461999893188477
F1,3.6569998264312744
L1,2.0930001735687256
I2,12.920999526977539
J1,1.5369999408721924
J2,6.73199987411499
N4,14.608999252319336
O4,13.342999458312988
F6,5.820999622344971
B3,1.625
F4,1.7910000085830688
A5,2.138000011444092
A2,1.8639999628067017
A1,8.447999954223633
C5,11.828999519348145
F1,1.71999990940094
D1,1.7130000591278076
P2,2.213499903678894
C1,1.7979999780654907
A6,2.2799999713897705
N2,5.2170000076293945
J4,2.5299999713897705
M6,1.7839999198913574
O3,1.7999999523162842
K5,5.249000072479248
B5,4.632999897003174
E5,3.1637499630451202
J3,17.102199935913085
G3,1.5640000104904175
F4,3.922999858856201
D1,12.210000038146973
G5,8.25200080871582
E5,11.434333443641663
I6,1.7070000171661377
I3,7.02400016784668
G5,11.781999588012695
K5,2.1730000972747803
M3,1.9499999284744263
D4,2.052999973297119
D4,10.699000358581543
M4,1.8410000801086426
G4,2.0969998836517334
K2,2.382999897003174
F4,1.7030000686645508
B3,1.687000036239624
E2,1.7310000658035278
I2,2.9810001850128174
M6,1.628000020980835
P5,1.5290000438690186
N1,7.25
N6,2.182000160217285
P6,4.339000225067139
N3,3.88100004196167
K3,1.6740000247955322
F1,1.5660001039505005
I2,1.7740000486373901
O5,1.6059999465942383
P3,5.516000270843506
G3,3.7024001121520995
H1,5.129000186920166
C3,2.0209999084472656
E5,1.9199999570846558
K1,1.6679999828338623
J6,1.9320000410079956
P6,2.004999876022339
H3,11.352999687194824
E2,1.621999979019165
A2,2.2139999866485596
F5,2.302000045776367
J3,2.0429999828338623
D2,2.243000030517578
G2,2.9210000038146973
I1,1.749000072479248
L3,3.819000005722046
C2,1.9480000734329224
C4,4.3420000076293945
D4,1.7239999771118164
C5,213.89700317382812
H5,2.7250001430511475
P4,3.177000045776367
M1,1.6510000228881836
M5,4.964999675750732
N4,2.0149998664855957
A2,4.928999900817871
H1,7.431000232696533
E4,8.433000564575195
F6,1.8560000658035278
P3,2.42900013923645
O2,1.9839999675750732
I6,2.5939998626708984
D1,5.712000370025635
J3,4.405000001192093
E6,2.6670000553131104
G2,2.316999912261963
O4,7.232000350952148
H5,15.694000244140625
M6,7.644000053405762
M5,8.456000328063965
F5,5.25700044631958
H2,9.041000366210938
L6,5.049000263214111
M5,7.235000133514404
E1,8.763999938964844
I4,9.253000259399414
I4,2.0429999828338623
I4,2.1610000133514404
B2,1.7100000381469727
F2,14.454999923706055
C5,5.73199987411499
M3,4.179999947547913
M5,18.869998931884766
J1,2.128000020980835
B3,1.777000069618225
M5,7.955999851226807
M3,1.6069999933242798
N6,2.263000011444092
E2,17.441999435424805
D2,1.5299999713897705
L4,8.403999328613281
P6,2.1019999980926514
B1,6.835000038146973
K5,1.5549999475479126
J2,3.996000051498413
K5,2.0160000324249268
A1,9.368000030517578
E6,3.2860000133514404
P6,2.5329999923706055
P2,6.802999973297119
N1,2.871999979019165
H3,1.725000023841858
P3,12.072999954223633
L2,4.973999977111816
I4,1.627000093460083
D3,2.0179998874664307
N2,8.530000686645508
G2,1.7310000658035278
O2,2.0149998664855957
H1,1.6749999523162842
M3,1.8170000314712524
E6,6.610999584197998
J3,1.9199999570846558
I4,9.208999633789062
B5,12.732000350952148
D3,5.96999979019165
D4,10.142999649047852
L3,1.871000051498413
G3,1.6859999895095825
F6,5.539000362157822
N6,4.783999919891357
M2,1.7049999237060547
L4,4.019999980926514
H1,2.0330002307891846
B4,2.621999979019165
D6,6.565999984741211
K1,4.843999862670898
I5,7.876999855041504
H1,8.85200023651123
E5,1.9940000772476196
L5,8.532999992370605
F5,6.670000076293945
E6,3.1669998168945312
K3,17.267000198364258
L4,2.4580001831054688
G6,1.5449999570846558
G6,1.8739999532699585
D6,1.878999948501587
O5,1.915000081062317
H1,1.6829999685287476
D3,1.7929999828338623
D2,14.831000328063965
C3,7.980000019073486
J3,7.385000228881836
I1,1.562000036239624
L3,14.1589994430542
M5,4.958000183105469
D1,2.495999813079834
J1,5.361999988555908
O3,1.8009999990463257
P6,4.923999786376953
H4,11.819999694824219
E1,1.7100000381469727
N3,1.9829999208450317
J1,4.9760003089904785
F5,4.7779998779296875
M3,15.386000633239746
F2,2.0119998455047607
K6,11.940999984741211
F4,6.692000389099121
D2,1.680999994277954
I3,15.011000633239746
O4,2.2780001163482666
N2,3.4680001735687256
B4,1.8420000076293945
K4,1.8550000190734863
D2,15.371000289916992
C4,1.8570001125335693
H6,6.283999919891357
M6,8.470999717712402
N6,3.115999937057495
M1,1.7359999418258667
H1,1.6439999341964722
O5,2.3010001182556152
O3,17.156999588012695
M3,10.107999801635742
A4,1.7340000867843628
I4,2.2290000915527344
K5,1.9660000801086426
P4,4.125
D4,36.93300247192383
D3,1.7689999341964722
C2,1.5839999914169312
M6,6.511000156402588
L6,7.346999645233154
O5,1.8100000619888306
M3,2.1110000610351562
J4,10.0910005569458
D5,4.078999996185303
E3,2.055000066757202
H6,4.085000038146973
N1,3.3580000400543213
O3,4.848999977111816
J6,2.006999969482422
P3,1.7259999513626099
H4,1.8179999589920044
I6,1.899999976158142
O5,1.7740000486373901
K5,2.310999870300293
B6,2.1619999408721924
C6,1.6449999809265137
O6,1.7070000171661377
P2,5.404999732971191
G4,1.5729999542236328
N3,1.7960000038146973
E5,6.502000331878662
F5,8.76300048828125
G2,8.379999160766602
L3,5.216000080108643
H6,19.966999053955078
B2,1.912000060081482
M4,1.684000015258789
N4,1.8519999980926514
L1,19.327999114990234
C3,1.6619999408721924
M4,9.8149995803833
M5,13.279000282287598
M3,2.4280002117156982
P1,1.7740000486373901
O3,3.992000102996826
F6,2.126999855041504
H4,4.982999801635742
D2,1.811000108718872
I5,2.382999897003174
L3,3.8320000171661377
B4,3.1630001068115234
A5,3.299999952316284
D5,1.940999984741211
E4,3.996000051498413
D2,7.269000053405762
O2,3.4860000610351562
P5,2.752000093460083
L2,1.9900000095367432
L4,2.8519999980926514
C5,5.127999782562256
J4,1.7910000085830688
O2,1.903999924659729
N3,8.246999740600586
O5,1.7190001010894775
C2,1.725000023841858
D6,3.437000036239624
K3,5.1519999504089355
M4,4.463000297546387
N4,1.9869999885559082
I2,12.763999938964844
H6,1.9570000171661377
B2,1.7079999446868896
M4,19.852998733520508
K5,3.1419999599456787
H3,6.65500020980835
H3,2.1009998321533203
M4,6.134000301361084
A3,1.6029999256134033
F2,2.5260000228881836
E5,6.976999759674072
C5,7.571000099182129
P1,17.679000854492188
N4,8.46399974822998
O1,23.832000732421875
N5,6.50600004196167
L3,16.98400115966797
H1,4.5320000648498535
M1,1.722000002861023
P5,2.378000020980835
O5,1.5089999437332153
O2,1.5399999618530273
G4,5.745999813079834
L5,1.8050000667572021
A2,2.3380000591278076
C5,1.7529999017715454
M4,5.60699987411499
N3,12.721000671386719
M6,2.5239999294281006
C4,6.924999713897705
M5,1.5350000858306885
P1,1.840000033378601
E5,1.6859999895095825
G4,2.115000009536743
P6,1.9219999313354492
E6,7.2170000076293945
F2,5.816999912261963
M2,7.315000057220459
B6,7.406000137329102
N4,2.1710000038146973
D3,1.7330000400543213
C1,12.381999969482422
D1,2.7250001430511475
M2,11.345000267028809
A6,1.7580000162124634
F4,1.912000060081482
L3,2.2060000896453857
F3,2.921999931335449
M6,1.777000069618225
O6,3.252000093460083
N1,5.197999954223633
G1,11.319000244140625
K4,12.350000381469727
J6,1.812999963760376
A3,2.6750001907348633
J1,5.154000282287598
E6,1.5549999475479126
J5,1.6019999980926514
I2,4.892000198364258
K1,14.78499984741211
N1,1.5600000619888306
F1,10.005000114440918
P2,3.0139999389648438
I5,7.724999904632568
P3,2.069000005722046
N5,3.2119998931884766
L3,1.7650001049041748
B1,8.904000282287598
P1,1.8630000352859497
I6,4.002999782562256
N5,91.86799621582031
L2,3.924999952316284
G6,9.484000265598297
L4,2.878999948501587
D5,1.9279999732971191
F2,2.0829999446868896
M5,7.693999767303467
M2,7.184000015258789
M5,1.8029999732971191
P5,3.259999990463257
M1,5.069000244140625
C2,10.888999938964844
L5,7.2170000076293945
B3,4.317999839782715
B5,9.361000061035156
E3,8.868999481201172
B5,4.908999919891357
D1,1.9490000009536743
N6,3.7209999561309814
I4,1.6990000009536743
A4,15.615999221801758
A2,1.7120000123977661
K2,2.0510001182556152
A1,1.7929999828338623
F4,17.735000610351562
B5,4.056000232696533
P6,1.9829999208450317
I6,4.468999862670898
H3,1.940999984741211
E2,3.697999954223633
H3,1.6439999341964722
C6,1.7409999370574951
J2,13.022000312805176
F5,11.428000450134277
K5,13.545000076293945
L4,7.081999778747559
A3,8.817999839782715
F3,2.0799999237060547
P3,1.8220000267028809
K4,1.656000018119812
F3,7.307999610900879
P5,7.763000011444092
G1,7.569999694824219
C6,1.9980000257492065
G6,3.107999801635742
C6,1.8819999694824219
C6,3.2190001010894775
B5,13.347000122070312
L2,8.897000312805176
N6,12.253999710083008
D2,1.9189999103546143
F3,1.7869999408721924
H6,3.376000165939331
A6,2.07099986076355
J3,1.8100000619888306
D6,2.065999984741211
F6,1.7730000019073486
P3,1.934000015258789
F4,16.91900062561035
B2,5.415999889373779
O2,8.295999526977539
H2,7.996000289916992
B2,6.006999969482422
A2,5.2829999923706055
H5,10.496999740600586
N3,18.68800163269043
G5,8.508999824523926
G5,1.5889999866485596
L2,3.0439999103546143
L4,2.4230000972747803
G2,5.01800012588501
I4,5.453000068664551
L6,5.336999893188477
F6,3.63700008392334
H1,6.63599967956543
K5,2.3550000190734863
N5,1.4890000820159912
I1,4.654000282287598
K6,2.425200009346008
F3,1.9010000228881836
A4,6.0269999504089355
F1,16.535999298095703
I6,8.102999687194824
P5,2.322999954223633
A3,14.543999671936035
L1,3.260999917984009
B3,10.116999626159668
K2,3.1610000133514404
I5,2.2360000610351562
B4,7.192249894142151
K3,8.989999771118164
H1,6.349999904632568
N1,3.4609999656677246
J5,7.563000202178955
I6,6.608999729156494
M2,1.6439999341964722
O5,1.8630000352859497
N1,1.6439999341964722
O1,10.743999481201172
K6,1.5069999694824219
E1,1.8459999561309814
L2,5.802000045776367
M1,4.38700008392334
F5,7.759000301361084
F1,3.625999927520752
E2,8.489999771118164
G2,12.541999816894531
L2,11.708000183105469
P4,5.0189995765686035
D4,14.097999572753906
L6,1.6019999980926514
O4,2.2740001678466797
D3,8.391000747680664
G4,13.788000106811523
I5,4.730999946594238
J3,2.5630000591278077
D6,8.803999900817871
O6,13.619000434875488
F1,2.691999912261963
H2,11.110000610351562
I6,7.180000305175781
G5,12.954000473022461
L6,5.0920000076293945
K5,1.6180000305175781
N5,1.906999945640564
A6,1.9490000009536743
A2,5.631999969482422
L3,2.5839998722076416
F5,4.7129998207092285
B1,6.519000053405762
H5,18.374000549316406
C2,1.7580000162124634
D1,8.817000389099121
F2,8.372000694274902
G5,1.722999930381775
M1,2.1069998741149902
F1,1.6700000762939453
G2,2.242000102996826
O4,1.971000075340271
M2,2.1449999809265137
O5,6.051000118255615
J6,13.175999641418457
J5,2.063000202178955
E1,2.1510000228881836
C1,2.0450000762939453
J6,1.7760000228881836
A2,3.252000093460083
F4,4.953000068664551
C2,3.4509999752044678
K5,1.6740000247955322
D2,26.96700096130371
L2,5.113999843597412
N2,8.430000305175781
O1,4.625
J6,1.749000072479248
D3,15.848999977111816
M1,2.5220000743865967
F4,7.447999954223633
E1,8.434000015258789
I2,11.89799976348877
O3,1.6730000972747803
A4,1.5369999408721924
F6,9.170999526977539
F6,13.043999671936035
A2,2.007999897003174
M3,1.8949999809265137
F2,1.8100000619888306
A3,4.625999927520752
F6,3.8919999599456787
D5,1.691999912261963
F1,1.6019999980926514
L5,8.241999626159668
L3,7.822000503540039
D2,9.730999946594238
E3,4.394333064556122
G3,1.7300000190734863
C5,5.335999965667725
N6,6.585000038146973
K2,3.7339999675750732
D3,1.6439999341964722
J3,2.174999952316284
A2,1.937999963760376
J2,3.186000108718872
E1,7.5889997482299805
I5,7.515000343322754
M3,10.229000091552734
N1,5.609999656677246
J5,2.072999954223633
I3,2.0160000324249268
M6,4.121399855613708
A6,1.9610000848770142
P4,6.803999900817871
D1,2.0349998474121094
G4,10.633000373840332
C5,1.5820000171661377
D4,5.839000225067139
C2,1.6929999589920044
E6,8.902000427246094
K4,2.18999981880188
N5,11.15999984741211
G5,10.808000564575195
E1,5.648000240325928
B6,1.7109999656677246
I3,7.455000400543213
K4,32.78499984741211
C4,11.6875
E5,8.970999717712402
B2,1.9010000228881836
I2,4.997000217437744
D6,1.593999981880188
E5,1.7620000839233398
E5,14.602999687194824
C6,7.210000038146973
M1,15.924999237060547
F5,1.7259999513626099
B5,2.2920000553131104
C2,9.315999984741211
I3,1.6779999732971191
L3,3.379999876022339
D5,1.6820000410079956
O2,1.9171667297681172
M6,2.5260000228881836
P1,4.910799980163574
E2,4.687000274658203
K1,14.782000541687012
K6,1.6619999408721924
F2,1.6380000114440918
B1,2.503999948501587
M5,2.312999963760376
G2,1.6720000505447388
A3,6.348999977111816
L5,4.071399974822998
C3,7.25600004196167
B6,2.5390000343322754
P6,11.58799934387207
N4,6.6479997634887695
P6,5.021999835968018
D4,2.8470001220703125
I6,2.0940001010894775
M2,1.75
B5,2.6610000133514404
H2,4.565999984741211
E5,8.922999382019043
J6,8.608999252319336
H2,1.621999979019165
H6,4.940000057220459
F3,1.7740000486373901
G3,6.924999713897705
M4,3.4729998111724854
E3,2.1247500479221344
I4,2.8919999599456787
N1,9.344999313354492
P6,2.9070000648498535
A5,4.432000160217285
N2,1.624000072479248
K5,7.7129998207092285
D3,1.690999984741211
N4,8.418000221252441
K5,1.6349999904632568
J5,4.454999923706055
P4,2.8500001430511475
B6,1.8200000524520874
N5,8.554999351501465
D4,4.816999912261963
G2,2.5510001182556152
F5,8.5
N2,4.892999649047852
I5,1.8560000658035278
K2,1.9240000247955322
D6,1.7630000114440918
L5,1.8769999742507935
P3,2.6529998779296875
J2,1.5399999618530273
J4,6.1579999923706055
K1,5.748000144958496
P5,2.066999912261963
J2,1.902999997138977
G5,2.2360000610351562
O1,1.9779999256134033
F2,1.7480000257492065
O5,5.671999931335449
P1,7.26200008392334
G6,9.863999366760254
I5,1.5789999961853027
A3,1.8029999732971191
F5,2.049999952316284
M6,7.228000164031982
K4,8.480000495910645
I1,3.6520001888275146
I6,8.022000312805176
F5,2.055999994277954
A3,2.0959999561309814
C2,2.7809998989105225
H6,2.382999897003174
H4,1.6050000190734863
E3,13.3410005569458
F6,7.499000072479248
M5,1.6570000648498535
A2,9.550999641418457
G4,2.1882500648498535
J1,1.6120001077651978
J1,4.559000015258789
K4,1.690999984741211
D2,2.057000160217285
J5,1.840000033378601
G6,8.472000122070312
C4,8.84999942779541
N1,2.328000068664551
D1,1.6859999895095825
B2,6.6650004386901855
O3,1.6690000295639038
P2,4.280199909210205
H4,7.479000091552734
A5,4.064666509628296
E6,2.7220001220703125
D2,8.856999397277832
F5,8.192000389099121
N4,7.421000003814697
I4,4.9760003089904785
K2,3.7209999561309814
F4,17.415000915527344
O1,3.5139999389648438
L3,1.5110000371932983
G5,12.829000473022461
A5,1.5180000066757202
M1,3.6520001888275146
I3,3.618000030517578
P5,1.9640001058578491
N6,6.728000164031982
J3,14.005999565124512
P4,2.562999963760376
I3,7.919999599456787
M3,6.163000106811523
L6,1.596000075340271
O6,7.907999515533447
I4,5.522000312805176
C6,2.2230000495910645
D4,3.7380001544952393
E2,2.194000005722046
J2,2.5839998722076416
C4,4.009999752044678
H1,6.5279998779296875
F1,12.10200023651123
A6,15.049999237060547
K1,3.890000065167745
M4,1.7940000295639038
G5,1.8761999607086182
J2,6.357999801635742
A4,2.0900001525878906
H5,4.322000026702881
F2,6.730000019073486
L1,1.5829999446868896
D3,2.384999990463257
N2,6.164000034332275
M2,4.683000087738037
P3,6.014999866485596
F4,7.930999755859375
G5,1.7409999370574951
L5,4.337000370025635
A1,1.8279999494552612
G6,1.8909999132156372
A4,7.482999801635742
G6,1.680999994277954
K3,1.9769998788833618
E4,7.230999946594238
L5,16.29400062561035
A2,1.75
N2,4.164000034332275
K5,3.9070000648498535
E3,2.06000018119812
J6,7.984999656677246
P1,1.6640000343322754
I2,4.180999755859375
I2,8.34999942779541
P2,3.2259998321533203
G6,8.256999969482422
H1,6.868000030517578
O4,1.5
K5,2.444999933242798
P4,3.2100000381469727
M6,6.63599967956543
D1,1.7239999771118164
O3,14.542000770568848
B6,1.4479999542236328
G4,2.4250001907348633
A2,1.6700000762939453
N6,6.180999755859375
N5,1.9660000801086426
A2,2.5239999294281006
N1,8.947999954223633
C5,2.1550002098083496
A5,4.251999855041504
B4,7.684000015258789
D5,1.6970000267028809
C1,1.5920000076293945
M6,26.39099884033203
C4,1.6649999618530273
D1,3.6130001544952393
K2,1.8539999723434448
G4,1.7139999866485596
L2,3.2810001373291016
D1,1.7620000839233398
J2,3.383999824523926
E6,1.6859999895095825
N2,3.2739999294281006
M6,16.11699867248535
A5,1.8320000171661377
I6,1.7000000476837158
M4,2.680999994277954
C4,2.803999900817871
D4,7.2139997482299805
N6,1.9620000123977661
N2,7.203000068664551
H3,9.60200023651123
K3,1.7599999904632568
L3,7.624000072479248
A1,8.433000564575195
H1,1.5820000171661377
K1,5.442999839782715
B3,2.2160000801086426
G6,11.130999565124512
J5,6.078999996185303
J3,1.850000023841858
G4,1.7599999904632568
L2,2.3469998836517334
N4,8.27199935913086
I1,1.937999963760376
D6,10.52299976348877
J5,13.624000549316406
C1,6.921000003814697
K4,1.5369999408721924
L3,16.349998474121094
K1,9.873000144958496
L3,1.750999927520752
L6,2.2130000591278076
J6,1.8019999265670776
I5,16.739999771118164
F4,7.585000276565552
M5,7.174000263214111
L6,20.49799919128418
F6,1.8650000095367432
I4,5.981599807739258
L6,7.039000034332275
I6,2.693000078201294
J5,2.177999973297119
D2,2.129999876022339
C1,1.9749999046325684
H3,2.0859999656677246
C1,1.746000051498413
G3,2.3310000896453857
K1,1.587999939918518
F1,1.7160000801086426
H2,1.5110000371932983
C4,1.8769999742507935
E1,2.129999876022339
G3,2.6600000858306885
F6,7.172999858856201
K4,5.4730000495910645
M2,13.77199935913086
I5,8.829000473022461
K5,1.6519999504089355
P1,7.290999889373779
C3,5.712000370025635
F2,1.8630000352859497
I3,2.0310001373291016
K1,7.2860002517700195
C5,2.06499981880188
B3,4.246999740600586
B5,6.276000022888184
B6,6.440000057220459
B4,1.8260000944137573
F2,14.348000526428223
I1,5.088000297546387
G1,3.7060000896453857
O6,4.542999744415283
I3,16.951000213623047
L1,12.741999626159668
C6,1.7139999866485596
H2,8.52400016784668
L2,10.630000114440918
O5,1.750999927520752
E6,27.128000259399414
O3,1.8650000095367432
I3,22.288000106811523
A6,1.6619999408721924
N5,5.582000255584717
D6,16.85700035095215
A1,12.923500061035156
K1,8.854000091552734
J2,8.493999481201172
K1,6.513999938964844
I5,2.0399999618530273
F2,6.690000057220459
P4,4.554999828338623
C2,7.437000036239624
O4,17.415000915527344
H5,16.138999938964844
C5,1.9919999837875366
F1,2.4739999771118164
I2,18.10099983215332
B2,9.329999923706055
P6,17.670000076293945
H4,4.586999893188477
N2,2.699000120162964
G5,1.656000018119812
C3,1.8040000200271606
B6,1.6430000066757202
A3,14.355999946594238
E1,7.275000095367432
F1,5.828999996185303
K4,5.427999973297119
K3,4.925000190734863
I1,6.761999607086182
B6,2.0999999046325684
J3,1.8209999799728394
J1,2.072999954223633
B6,2.3630001544952393
N1,9.079999923706055
D1,1.7790000438690186
P6,6.823999881744385
O1,1.7280000448226929
M2,14.232999801635742
O1,15.204000473022461
D6,1.7280000448226929
G3,7.9539995193481445
A2,11.250999450683594
A3,2.1559998989105225
M3,1.878000020980835
N3,9.722000122070312
J1,1.8589999675750732
P1,13.515999794006348
D6,14.888999938964844
M6,6.533999919891357
L1,10.369000434875488
C6,12.29699993133545
C3,4.84900016784668
P5,8.445000648498535
P1,8.512999534606934
I6,1.8459999561309814
K1,2.002999782562256
C6,60.74100112915039
C3,4.6519999504089355
H5,1.6540000438690186
H2,25.860000610351562
C4,1.7259999513626099
H5,1.7130000591278076
A5,4.677000045776367
J6,1.8100000619888306
G5,1.593999981880188
I5,3.130000114440918
O6,14.720000267028809
F2,2.2330000400543213
J3,1.9180001020431519
K4,2.115999937057495
O6,3.924999952316284
N4,2.9579999446868896
J6,1.6769999265670776
A4,9.708999633789062
H1,1.7000000476837158
B3,2.0799999237060547
J5,6.508000373840332
B2,16.917999267578125
O4,7.753999710083008
A4,1.8200000524520874
P4,2.1029999256134033
D1,5.384999752044678
H3,3.5360000133514404
D1,1.7350000143051147
D1,2.1730000972747803
M4,2.509000062942505
C6,8.824000358581543
I6,1.9529999494552612
B1,1.7989999055862427
P3,7.309999942779541
F3,1.9420000314712524
H1,1.7130000591278076
P4,1.6009999513626099
F3,1.9219999313354492
J4,1.7100000381469727
B3,8.27400016784668
C4,1.8410000801086426
M6,5.712000370025635
G3,2.752000093460083
L6,7.246000289916992
N1,5.492000102996826
H6,1.4959999322891235
C3,1.970000147819519
N1,7.236999988555908
L5,1.6019999980926514
I2,5.2129998207092285
C4,2.2009999752044678
H5,13.244999885559082
E3,12.546000480651855
J6,8.494999885559082
P5,7.714000225067139
B6,1.7119999527931213
M1,1.8919999599456787
F5,3.7639999389648438
A4,5.386999607086182
J2,5.783999919891357
H3,2.013000011444092
L1,3.25600004196167
G4,24.95599937438965
N4,3.936000108718872
F1,2.11299991607666
D2,3.9789998531341553
H4,2.2290000915527344
G1,16.52400016784668
P3,1.7689999341964722
L3,1.9490000009536743
A1,13.554999351501465
M6,8.489999771118164
O5,1.5210000276565552
D1,1.8260000944137573
M1,2.390000104904175
K1,1.7979999780654907
J5,1.652999997138977
J6,4.654000282287598
A6,12
C4,1.8799999952316284
M5,4.940000057220459
I5,1.5780000686645508
O6,1.6469999551773071
K6,14.050000190734863
A6,2.504999876022339
B5,1.7389999628067017
I2,8.472000122070312
K1,1.906000018119812
I3,1.5290000438690186
O6,15.51200008392334
C1,2.86899995803833
H3,7.238000392913818
I6,1.7989999055862427
K3,5.045000076293945
E3,10.543000221252441
P1,1.649999976158142
I6,5.5289998054504395
D5,3.059000015258789
L4,7.739999771118164
K6,7.164999961853027
C6,1.9229999780654907
A5,1.8539999723434448
H6,39.26799774169922
E3,1.691999912261963
C1,9.244999885559082
K2,4.825999736785889
F3,5.809999942779541
J5,17.602001190185547
G5,2.3320000171661377
H2,1.6929999589920044
F5,2.1110000610351562
F5,1.6009999513626099
O4,5.401000022888184
B1,6.703999996185303
B2,1.9140000343322754
M4,3.4210000038146973
L2,1.8019999265670776
M2,5.334000110626221
E3,6.533999919891357
J5,1.718000054359436
A1,1.718000054359436
L6,4.414999961853027
H3,1.871000051498413
D2,5.390999794006348
L5,1.6449999809265137
C4,1.5460000038146973
F4,2.117000102996826
A5,1.934000015258789
K1,2.0320000648498535
K5,11.846000671386719
O3,1.6740000247955322
B1,2.128000020980835
D4,6.039999961853027
F2,9.491000175476074
G5,1.9160000085830688
M1,5.3460001945495605
M6,1.7009999752044678
M5,2.4280002117156982
I5,15.16200065612793
J5,11.014999389648438
C3,1.6260000467300415
M6,1.722000002861023
B6,16.23699951171875
D4,7.565000057220459
L5,1.7259999513626099
H4,2.3399999141693115
D2,8.63599967956543
O6,9.958000183105469
A4,2.257999897003174
J4,5.009000301361084
B2,14.452000617980957
L6,1.6549999713897705
O6,3.819000005722046
N5,3.4030001163482666
B6,13.861000061035156
F5,1.933000087738037
F1,1.527999997138977
B4,1.8149999380111694
A4,3.375
O3,8.651000022888184
J1,2.1610000133514404
C3,9.119000434875488
J2,1.565000057220459
O6,6.74399995803833
D4,1.8949999809265137
D4,1.7039999961853027
G4,21.29599952697754
D1,2.3970000743865967
L6,1.6420000791549683
K5,2.2849998474121094
E6,1.656000018119812
C3,3.632999897003174
A2,4.709166884422302
G3,1.6730000972747803
N4,2.2279999256134033
G2,1.5679999589920044
K3,2.121000051498413
I5,8.897000312805176
B1,1.9210000038146973
H4,9.093999981880188
J2,2.061000108718872
K3,2.0149998664855957
F6,1.6090000867843628
E6,1.5609999895095825
I5,1.8149999380111694
E3,2.6010000705718994
J2,2.63100004196167
C1,5.588000297546387
A1,1.7519999742507935
M1,8.406000137329102
M3,3.1059999465942383
M1,4.19079999923706
L3,3.43500018119812
I5,2.2120001316070557
O2,22.32900047302246
C2,2.0820000171661377
E1,3.6440000534057617
F3,1.6660000085830688
L6,8.123000144958496
N6,4.85699987411499
E5,9.47350001335144
M4,8.976000785827637
O2,7.5329999923706055
A3,7.755000114440918
L2,1.9240000247955322
M4,6.331999778747559
P6,4.925999641418457
C6,1.6970000267028809
M4,1.909999966621399
F1,6.7963331540425616
B3,2.001000165939331
N1,2.996000051498413
N1,13.140999794006348
D6,1.871000051498413
B1,4.078000068664551
J1,6.488999843597412
M1,5.001999855041504
O4,2.005999803543091
F4,1.9450000524520874
A1,1.9769998788833618
B6,2.114000082015991
A5,16.37299919128418
A2,7.86400032043457
N4,1.6399999856948853
O1,1.899999976158142
G1,12.88800048828125
I4,5.375
O6,1.7389999628067017
E2,5.082000255584717
B5,3.4230000972747803
B4,6.572000026702881
H1,3.878000020980835
B5,2.0310001373291016
D3,1.8630000352859497
K6,2.0220000743865967
E2,1.6880000829696655
D2,3.6100001335144043
H5,1.8462000370025635
F2,6.401000022888184
L4,19.158000946044922
J2,4.581000328063965
K2,20.094999313354492
L5,4.848999977111816
M1,11.316999435424805
M1,4.443999767303467
A3,8.038000106811523
O2,2.058000087738037
A2,4.439999580383301
P4,6.86299991607666
J2,7.513999938964844
C4,1.9850000143051147
N3,13.637999534606934
H2,13.307999610900879
I2,2.571000099182129
D4,9.611000061035156
M2,1.968000054359436
B5,1.8179999589920044
P3,1.597999930381775
B3,5.201333284378052
P4,9.369999885559082
O3,15.668999671936035
H1,4.296999931335449
B4,2.0490000247955322
D4,239.34500122070312
B2,1.5230000019073486
I4,4.27400016784668
M2,16.509000778198242
E6,6.7210001945495605
F4,2.0850000381469727
H3,2.06000018119812
H6,12.711999893188477
C2,22.060998916625977
J4,1.6570000648498535
B6,29.92300033569336
F3,4.575999736785889
D3,2.382999897003174
B4,1.7549999952316284
M1,2.2079999446868896
E4,4.470999717712402
N2,9.184000015258789
A3,1.7009999752044678
L2,1.9889999628067017
P6,7.499000072479248
J1,1.6019999980926514
L1,4.9730000495910645
O6,8.481999397277832
A4,2.676999807357788
K3,4.51200008392334
P2,12.721999168395996
N2,7.684000015258789
P5,3.6659998893737793
D5,1.902000069618225
E5,2.2150001525878906
B3,1.7310000658035278
L3,9.961999893188477
D3,2.4639999866485596
P2,9.383000373840332
H1,6.345199966430664
K3,5.6529998779296875
P4,5.026000022888184
J1,1.9229999780654907
O6,8.104999542236328
E2,8.621999740600586
N5,12.005999565124512
A3,2.2130000591278076
G5,8.18600082397461
D3,1.5600000619888306
K5,1.9399999380111694
H1,1.7569999694824219
H2,2.0399999618530273
B6,14.500999450683594
I2,13.489999771118164
D4,7.255000114440918
L5,2.125
L1,1.5699999332427979
H3,7.855000019073486
B3,2.6010000705718994
O1,1.9129999876022339
H4,7.488000392913818
H4,14.8149995803833
N3,14.27199935913086
E1,16.053001403808594
F6,1.649999976158142
G5,3.8999998569488525
C2,1.8840000629425049
H4,1.5759999752044678
I2,15.427000045776367
G5,2.372999906539917
K1,7.38700008392334
L4,2.621999979019165
H5,1.909999966621399
J5,7.872000217437744
N2,2.7350001335144043
P3,5.2179999351501465
P1,4.412999629974365
G3,14.825000762939453
M4,10.219999313354492
L2,1.7979999780654907
K3,1.8279999494552612
N6,6.8167500495910645
K2,1.6299999952316284
J5,4.548999786376953
P6,1.878000020980835
J3,5.229999542236328
P1,14.263999938964844
I2,3.561000108718872
E2,2.121999979019165
P2,1.7590000629425049
M6,2.0889999866485596
C3,1.6829999685287476
C6,2.06499981880188
O3,22.511999130249023
E4,11.583000183105469
O6,5.1620001792907715
L1,2.138000011444092
C5,6.736000061035156
N3,4.923999786376953
M6,4.513000011444092
B5,3.4739999771118164
K4,2.4179999828338623
J2,5.5929999351501465
F6,2.190999984741211
E2,4.863999843597412
P1,4.627999782562256
E4,16.341001510620117
L5,1.8732500076293945
P3,1.71999990940094
P5,1.6150000095367432
A4,2.0280001163482666
K1,1.9600000381469727
G5,4.920000076293945
L3,7.813000202178955
N5,1.6299999952316284
M5,1.6579999923706055
F4,12.779000282287598
L5,4.970000267028809
I4,1.7130000591278076
D6,1.8119999170303345
I6,1.715000033378601
E1,4.970999717712402
M6,12.72700023651123
O3,6.446000099182129
C4,2.05400013923645
B1,8.217999458312988
I5,1.5440000295639038
L5,4.51800012588501
D6,1.7009999752044678
O6,1.7680000066757202
M4,7.789999961853027
F3,1.8899999856948853
J3,6.8520002365112305
B2,370.5959777832031
J5,7.88700008392334
G1,11.607999801635742
H4,1.5709999799728394
K3,1.75
F2,3.046999931335449
A2,13.710000038146973
B5,1.9049999713897705
G3,1.88100004196167
I5,1.9240000247955322
H4,6.459000110626221
H1,12.50100040435791
I4,1.9151999473571777
O2,8.534000396728516
N3,2.052000045776367
H3,6.171000003814697
D1,1.7340000867843628
O6,1.9869999885559082
D6,1.584999918937683
F6,1.6430000066757202
B1,6.934999942779541
P1,8.755000114440918
H6,8.36400032043457
D6,1.6619999408721924
P2,1.71999990940094
H6,2.381999969482422
E2,8.011000633239746
G2,8.385000228881836
M6,2.495999813079834
N4,1.784999966621399
I5,1.999000072479248
D3,1.6540000438690186
G4,4.453999996185303
G2,2.066999912261963
O5,1.7879999876022339
J5,11.788999557495117
P4,19.792999267578125
I3,1.847000002861023
O6,1.8149999380111694
L6,6.589999675750732
P3,39.55800247192383
P1,3.1620001792907715
M3,14.63599967956543
B1,3.0950000286102295
L6,1.7369999885559082
H4,1.934999942779541
J6,2.679999828338623
D3,1.8329999446868896
F4,5.615999698638916
F6,1.6820000410079956
L5,6.595999717712402
E1,3.009999990463257
M6,2.450000047683716
B5,1.78000009059906
H4,1.8040000200271606
I2,4.298999786376953
L4,14.925999641418457
C2,7.292999744415283
B6,5.136000156402588
K4,1.7120000123977661
E4,3.7477999448776247
B1,1.9559999704360962
A2,2.0810000896453857
A1,1.809000015258789
N4,1.725000023841858
M5,1.9739998579025269
G5,7.238999843597412
K2,18.020000457763672
K4,1.9580000638961792
A5,4.255000114440918
O5,6.142000198364258
K2,2.0850000381469727
O3,1.7590000629425049
G4,1.8119999170303345
M2,8.880999565124512
J4,1.808000087738037
D5,1.6019999980926514
G6,3.2259998321533203
G6,6.63599967956543
C5,2.140000104904175
H2,2.8410000801086426
P2,2.049999952316284
D2,1.9690001010894775
D6,2.6469998359680176
I1,2.327000141143799
D1,1.5630000829696655
G6,5.255000114440918
J2,7.35099983215332
O2,1.7659999132156372
J3,2.1480000019073486
H2,7.871000289916992
J5,1.7280000448226929
G6,7.8339996337890625
G1,2.0139999389648438
J5,8.891000747680664
L4,6.593999862670898
F4,5.820000171661377
F5,2.128000020980835
N4,1.5829999446868896
N5,15.634000778198242
G4,1.722000002861023
M4,2.128999948501587
G2,19.861000061035156
C6,7.428000450134277
G2,5.208000183105469
N3,8.470999717712402
M5,1.75600004196167
I4,1.8339999914169312
L3,1.78000009059906
H6,1.9450000524520874
H3,1.9450000524520874
C2,1.7590000629425049
C1,2.2720000743865967
K1,1.8609999418258667
D5,1.9270000457763672
B4,1.8746666113535564
A3,1.9249999523162842
P1,8.40999984741211
H2,2.376999855041504
I6,2.123000144958496
B6,8.430000305175781
I6,8.234000205993652
E2,15.000999450683594
N4,1.6009999513626099
K3,2.6410000324249268
K2,7.579999923706055
A6,1.850000023841858
C5,2.082799863815308
O1,2.4179999828338623
P1,2.1629998683929443
H1,1.6410000324249268
A6,1.8339999914169312
G5,1.875999927520752
N3,6.558000087738037
J4,4.328000068664551
N6,1.7519999742507935
O4,1.782999962568283
D5,2.109999895095825
A4,1.8619999885559082
A3,1.878999948501587
F6,8.76300048828125
G6,6.797999858856201
K6,1.7030000686645508
D4,2.063000202178955
I1,1.8639999628067017
A5,7.699999809265137
G3,5.4730000495910645
B5,1.5660001039505005
F5,5.796999931335449
E2,9.604999542236328
H3,1.7890000343322754
J2,1.6829999685287476
E2,1.937999963760376
D3,6.155999660491943
B4,1.9229999780654907
J4,4.470000267028809
G1,4.071000099182129
H2,1.7239999771118164
A5,9.875999450683594
B6,8.39900016784668
I4,4.796000003814697
N3,1.8029999732971191
F2,2.1089999675750732
I1,8.946999549865723
J2,1.8339999914169312
J3,2.0119998455047607
B1,9.796000480651855
B1,29.123998641967773
B2,2.067999839782715
P6,1.6110000610351562
N1,2.247000217437744
F3,3.7120001316070557
C1,1.8669999837875366
G5,9.824999809265137
G6,15.017000198364258
O2,1.75
K6,1.7130000591278076
H1,1.930999994277954
C3,2.619999885559082
A1,1.5609999895095825
H6,11.019000053405762
C5,1.5389999151229858
C2,2.2950000762939453
C4,7.593999862670898
A6,13.28499984741211
D1,1.9180001020431519
D4,8.565000534057617
E6,8.675999641418457
H5,10.126199913024902
N4,10.243999481201172
G4,1.7630000114440918
G4,8.3149995803833
D1,2.1019999980926514
J3,7.102999687194824
M2,1.8550000190734863
F5,9.057000160217285
B3,11.321000099182129
P5,2.1419999599456787
L3,3.427999973297119
J1,9.651000022888184
C3,1.8009999990463257
N2,4.503000259399414
J3,8.264999389648438
E5,1.5740000009536743
O6,4.736999988555908
L1,8.958999633789062
A1,1.6959999799728394
J2,7.509000301361084
E5,2.492999792098999
L6,2.005999803543091
H3,13.306999206542969
K1,4.491000175476074
C4,5.417999744415283
G6,5.4629998207092285
B1,2.746000051498413
B3,2.5269999504089355
N5,87.1659927368164
A2,1.809000015258789
J3,15.644001007080078
D2,1.8539999723434448
H2,15.095000267028809
H1,4.060000419616699
M4,1.628000020980835
E4,1.5149999856948853
G3,1.8690000772476196
E1,2.0149998664855957
M2,1.7839999198913574
K3,1.61899995803833
H1,3.5460000038146973
H4,4.995999813079834
N5,2.180000066757202
C1,12.425000190734863
M5,1.7130000591278076
N2,1.5800000429153442
F3,4.071000099182129
O5,2.765000104904175
L4,6.632999897003174
I1,22.041000366210938
H3,6.229000091552734
H2,2.4230000972747803
G3,9.335000038146973
J4,5.841000080108643
M2,13.414999961853027
M1,12.539999961853027
A2,9.805999755859375
G4,4.533999919891357
H6,1.6349999904632568
P2,3.687999963760376
J2,8.410999298095703
M1,2.2026000022888184
N6,6.867000102996826
F5,29.483999252319336
J3,1.5549999475479126
E3,2.0369999408721924
K1,1.6779999732971191
J1,1.8320000171661377
P5,2.302999973297119
M3,2.6070001125335693
L6,1.7209999561309814
D1,2.5869998931884766
E4,1.6589999198913574
O3,1.8289999961853027
J6,1.9580000638961792
O2,1.8680000305175781
E5,1.8250000476837158
E4,4.334000110626221
N5,2.0250000953674316
P2,1.5750000476837158
C2,1.769249975681305
E1,7.256999969482422
P4,4.701000213623047
F3,2.0179998874664307
B3,1.5600000619888306
N3,1.9739998579025269
P1,2.065999984741211
N1,52.57400131225586
M3,1.7969999313354492
G3,2.566999912261963
A5,2.0349998474121094
E5,2.3469998836517334
G3,2.756999969482422
L1,13.428999900817871
N3,2.0420000553131104
C6,1.6339999437332153
A5,1.8339999914169312
C1,1.6880000829696655
C4,1.891000008583069
J3,2.25
E2,1.7190001010894775
J1,9.073999404907227
D1,11.394999504089355
M4,7.1539998054504395
F6,1.7760000228881836
H3,1.7319999933242798
M3,1.781999945640564
A5,1.597999930381775
G3,10.254000663757324
P2,1.9539999961853027
B1,2.4830000400543213
P3,2.240000009536743
L2,2.75600004196167
F3,7.5229997634887695
O2,2.1649999618530273
L3,1.8209999799728394
C6,1.6399999856948853
G3,3.2960000038146973
L2,8.461999893188477
P5,3.572999954223633
G1,3.7279999256134033
G6,1.7070000171661377
J1,1.6100000143051147
H1,2.702000141143799
D2,1.5829999446868896
C5,15.086999893188477
B4,1.6759999990463257
N4,4.470999717712402
C1,4.8329997062683105
K4,1.565000057220459
P6,1.7480000257492065
N4,9.166000366210938
O4,4.203000068664551
P2,1.5759999752044678
I2,1.6710000038146973
B2,6.692000389099121
B3,3.559000015258789
C6,1.8980000019073486
M1,2.8909997940063477
I4,4.412999629974365
L2,1.6570000648498535
K6,4.723999977111816
N4,7.3379998207092285
L2,2.679999828338623
I3,12.751999855041504
L2,1.7719999551773071
D4,1.7730000019073486
M4,1.8899999856948853
G3,6.482999801635742
N4,2.003999948501587
B4,2.0859999656677246
K3,1.8029999732971191
F3,4.675000190734863
E1,1.6449999809265137
P2,1.6069999933242798
M1,3.3420000076293945
A6,2.0250000953674316
M1,1.8639999628067017
B5,20.826000213623047
B1,8.345000267028809
P4,6.670000106096268
F6,3.9039998054504395
E3,2.614000082015991
E3,2.4590001106262207
J5,2.2639999389648438
N1,9.529000282287598
D4,1.6439999341964722
L4,2.1430001258850098
F1,23.027999877929688
C1,2.3519999980926514
F3,1.9429999589920044
L3,13.426000595092773
P6,9.995000839233398
B2,1.8312499821186066
C3,7.034999847412109
K6,6.546999931335449
E3,1.6670000553131104
I3,7.249000072479248
L3,1.6799999475479126
N6,1.5810000896453857
L3,1.75600004196167
C4,8.427999496459961
C5,1.8619999885559082
A2,3.6059999465942383
G4,1.5800000429153442
I4,1.6090000867843628
O4,3.6110000610351562
I2,1.6369999647140503
J2,1.6619999408721924
B1,14.388999938964844
G4,8.84999942779541
N1,8.062999725341797
L3,3.0683334271113076
O4,5.284000396728516
O3,2.117000102996826
C2,1.8949999809265137
F3,13.97599983215332
E2,16.408000946044922
E6,1.9940000772476196
L6,1.9630000591278076
J2,8.319999694824219
K4,1.8990000486373901
D2,19.03700065612793
H5,5.599999904632568
M6,2.6579999923706055
A1,5.870999813079834
M4,1.8690000772476196
A4,10.037999153137207
H2,10.907999992370605
K3,1.808000087738037
E5,8.621999740600586
M3,2.0799999237060547
L3,1.9229999780654907
I4,1.6100000143051147
E2,1.6430000066757202
G3,1.9529999494552612
P5,16.94300079345703
D6,1.6159999370574951
N5,8.982999801635742
E3,6.634000301361084
P6,3.009000062942505
F5,5.779599952697754
A6,4.566999912261963
F3,1.5800000429153442
P6,1.781999945640564
A5,8.789999961853027
G1,2.3580000400543213
F5,1.777000069618225
I3,2.062000036239624
M6,2.6019999980926514
E4,8.479000091552734
B6,1.6820000410079956
G1,14.60200023651123
H1,1.7100000381469727
F2,14.28499984741211
P2,22.810001373291016
P2,13.973000526428223
F3,1.9399999380111694
C1,12.756999969482422
C4,4.162166794141133
N3,5.169999599456787
A3,13.420000076293945
A1,7.792999744415283
I3,4.711999893188477
N6,2.317999839782715
I4,1.680999994277954
L5,7.25
P4,1.8889999389648438
I1,1.7409999370574951
O6,1.524999976158142
G4,1.7960000038146973
E3,7.085999965667725
G3,3.0350000858306885
P3,9.02299976348877
I1,4.586999893188477
F4,4.695000171661377
O3,4.24399995803833
E6,12.645999908447266
C4,1.9259999990463257
O2,13.046000480651855
H3,2.1579999923706055
C1,1.933000087738037
O4,8.263999938964844
I3,2.146799993515015
C1,1.9499999284744263
I3,5.480000019073486
E1,2.4769999980926514
F4,1.61899995803833
J3,1.871000051498413
E4,2.002999782562256
M2,1.6169999837875366
G1,6.945000171661377
C6,7.4730000495910645
G6,2.1089999675750732
F6,2.117000102996826
F4,4.741999626159668
L3,20.196001052856445
C5,1.627000093460083
D6,15.072000503540039
G5,2.4880001544952393
A4,2.9670000076293945
H4,2.2199997901916504
N2,10.447999954223633
P1,1.5419999361038208
P1,14.345999717712402
A4,4.688199996948242
K5,2.0829999446868896
E4,4.006999969482422
P3,4.319999694824219
A2,4.583000183105469
P5,14.76099967956543
H1,1.6360000371932983
I6,5.464000225067139
B3,4.315000057220459
P3,6.1479997634887695
D5,1.7130000591278076
K5,16.224000930786133
P1,13.895000457763672
E4,1.5789999961853027
N1,2.2139999866485596
C1,8.524999618530273
D3,9.14799976348877
L2,1.7940000295639038
H5,3.135999917984009
B6,1.749000072479248
H3,2.1019999980926514
E6,13.163999557495117
J5,13.788000106811523
N5,1.6230000257492065
B2,1.8969999551773071
O1,2.11899995803833
M5,9.062999725341797
P1,1.9219999313354492
C1,13.390000343322754
P6,1.5729999542236328
I3,2.125
D4,17.154998779296875
N4,2.744999885559082
P2,1.7620000839233398
A2,1.6640000343322754
O3,3.260999917984009
O1,1.6670000553131104
G1,5.359999656677246
B3,1.5630000829696655
M2,1.5859999656677246
C3,1.9930000305175781
N1,2.0840001106262207
P5,7.913000106811523
N3,27.588001251220703
K3,2.078000068664551
A2,2.9839999675750732
M1,12.558000564575195
I4,8.964999198913574
B2,12.45199966430664
H3,2.058000087738037
C2,5.130000114440918
D6,1.6929999589920044
G5,6.595000267028809
H1,11.331999778747559
K1,1.5679999589920044
I3,3.11299991607666
F5,2.63100004196167
A3,1.5820000171661377
M3,1.684000015258789
O5,5.772000312805176
H3,7.880000591278076
K6,1.6480000019073486
O5,4.542999744415283
M1,14.22599983215332
I2,1.6589999198913574
G6,1.6129999160766602
F1,2.826000213623047
A5,7.275000095367432
E4,8.303999900817871
C5,2.0320000648498535
B1,1.6410000324249268
H3,5.963800048828125
O1,1.6700000762939453
L6,1.875999927520752
B6,2.25600004196167
M1,3.5902500450611115
F5,35.553001403808594
G4,1.6829999685287476
N6,2.871999979019165
E4,7.986999988555908
D3,1.8140000104904175
A6,1.8509999513626099
L3,7.805999755859375
N4,5.044000148773193
J6,6.118000030517578
F4,12.920999526977539
E2,1.777000069618225
N5,12.666999816894531
P4,1.849833369255066
L1,1.8619999885559082
M2,7.269000053405762
M2,1.753999948501587
G4,7.2260003089904785
N2,6.5970001220703125
D3,1.8720000982284546
B5,7.745999813079834
O4,8.447999954223633
C4,22.48200035095215
M3,8.387999534606934
P5,1.9839999675750732
H4,1.6949999332427979
G4,1.7209999561309814
L2,7.311999797821045
O3,2.8939998149871826
C2,2.8022000312805178
D5,1.9570000171661377
G3,1.8029999732971191
O2,4.513999938964844
O5,13.949000358581543
C2,1.7330000400543213
B5,1.902999997138977
H3,1.847000002861023
F1,1.6660000085830688
P1,2.8589999675750732
D6,9.813000679016113
N4,13.414999961853027
B6,14.445000648498535
H4,1.625
F1,18.600000381469727
K4,3.4660000801086426
A4,1.6039999723434448
K4,10.58899974822998
O1,4.699999809265137
M2,1.5630000829696655
K4,1.7480000257492065
J1,1.7059999704360962
K3,28.493000030517578
F1,8.415999412536621
O3,1.9490000009536743
A5,10.104999542236328
I6,12.3410005569458
A6,2.6730000972747803
D1,2.0930001735687256
K6,1.680999994277954
E5,4.919000148773193
D1,1.7100000381469727
B2,2.4149999618530273
C4,1.659999966621399
K4,2.0789999961853027
I2,6.595999717712402
O1,1.9839999675750732
J6,7.868999481201172
A2,1.8029999732971191
C6,2.690000057220459
O4,2.1430001258850098
G1,2.0889999866485596
E2,1.8919999599456787
I6,3.2790000438690186
B6,1.8380000591278076
L2,1.8370000123977661
D1,2.7799999713897705
F6,2.2169997692108154
K2,2.8550000190734863
C3,1.9429999589920044
D3,2.200000047683716
N5,1.7130000591278076
K4,1.6449999809265137
J3,14.352999687194824
D1,3.0739998817443848
N4,4.234000205993652
D1,2.0139999389648438
P6,1.7610000371932983
D3,52.90700149536133
M3,8.095999717712402
G5,2.5169999599456787
O2,13.74000072479248
B4,1.6629999876022339
N4,3.1039998531341553
D3,4.566999912261963
B2,17.735000610351562
G5,1.8830000162124634
D2,2.1500000953674316
O3,8.1850004196167
C5,1.8539999723434448
E5,1.5630000829696655
O1,1.6180000305175781
A4,15.522000312805176
N3,1.6720000505447388
L3,11.979000091552734
G1,4.559999942779541
F5,1.6720000505447388
P3,3.383999824523926
J2,41.03700256347656
K5,2.9790000915527344
M5,7.868999481201172
A6,8.643000602722168
H5,1.6730000972747803
P4,1.906000018119812
M1,5.214999675750732
O1,1.7989999055862427
G6,1.819000005722046
L5,5.742000102996826
I4,2.3529999256134033
D6,1.527999997138977
O5,1.7109999656677246
O6,1.777000069618225
O2,1.7160000801086426
E5,1.6949999332427979
N5,14.730200004577636
F3,5.578000068664551
F5,14.845999717712402
I2,6.962999868392944
K6,2.500999927520752
M4,10.020999908447266
N4,1.8119999170303345
B1,2.2150001525878906
M4,1.7699999809265137
H2,2.4779999256134033
F6,7.259000301361084
K6,1.843999981880188
G5,4.75600004196167
P2,1.9869999885559082
M5,15.310999870300293
O6,4.534999847412109
B3,2.0460000038146973
N5,1.7359999418258667
O5,13.035999298095703
M2,5.76099967956543
O6,5.0920000076293945
A3,2.1569998264312744
H6,1.8200000524520874
B4,2.1069998741149902
E4,15.77299976348877
J5,8.878000259399414
B5,7.545000076293945
D5,2.6600000858306885
P4,3.687999963760376
J1,1.61899995803833
L5,2.330000162124634
F5,17.1200008392334
N1,1.6710000038146973
D2,19.458999633789062
I4,2.059000015258789
D1,2.8420000076293945
F2,1.6549999713897705
C6,2.4179999828338623
E4,1.9580000638961792
L6,2.930000066757202
D1,4.953999996185303
F2,4.493000030517578
B6,2.382999897003174
N3,3.9100000858306885
O3,1.9079999923706055
B2,2.2039999961853027
K2,1.61899995803833
K6,2.435999870300293
L5,7.491000175476074
J2,2.75
J2,1.7680000066757202
O2,4.904999732971191
P1,2.679999828338623
M2,13.968000411987305
D2,2.4069998264312744
O3,1.593000054359436
F5,1.6069999933242798
N4,1.5320000648498535
D6,2.3499999046325684
H4,1.6670000553131104
N2,9.48799991607666
O4,1.8660000562667847
O4,8.005000114440918
D6,3.5789999961853027
I1,11.366999626159668
A4,1.9509999752044678
D4,1.5630000829696655
P4,1.590999960899353
M5,13.644000053405762
L2,2.1500000953674316
C1,1.5709999799728394
B1,3.8960001468658447
D2,3.940000295639038
M5,2.0769999027252197
M5,1.7020000219345093
O3,13.667000770568848
J3,8.126999855041504
H3,8.011000633239746
C1,4.170000076293945
A2,2.120000123977661
I1,2.125
B1,2.8320000171661377
H3,4.625
I4,2.2660000324249268
J4,11.633000373840332
P4,1.7910000085830688
M4,1.531000018119812
E6,4.753999710083008
K2,1.8990000486373901
K5,2.6070001125335693
B6,2.125999927520752
H6,5.124000072479248
L5,1.6420000791549683
I3,2.7910001277923584
M5,2.507999897003174
K1,1.691999912261963
L1,1.7519999742507935
G4,11.302000045776367
J2,2.109999895095825
J4,1.7259999513626099
B6,2.1579999923706055
A4,1.8769999742507935
D4,1.7289999723434448
L1,2.507999897003174
G4,1.656000018119812
M4,4.065000057220459
P1,8.449999809265137
B3,1.7599999904632568
D3,9.5910005569458
H3,2.616999864578247
J2,1.8830000162124634
C2,6.521999835968018
I2,2.1520001888275146
P2,12.045999526977539
J4,4.804999828338623
K1,2.4240000247955322
H3,17.325000762939453
H3,1.684000015258789
N1,2.7950000762939453
G5,2.373999834060669
H5,1.9589999914169312
K4,7.37999963760376
N2,18.347000122070312
D6,1.7869999408721924
N4,14.774999618530273
A1,3.379999876022339
I5,8.494999885559082
C4,14.116999626159668
E5,6.800999641418457
E3,13.951000213623047
N3,9.826000213623047
B6,4.755000114440918
J3,2.243000030517578
O3,2.861999988555908
K4,5.039999961853027
B3,2.0920000076293945
F5,13.967000007629395
B5,2.109999895095825
O1,6.5269999504089355
P6,2.2039999961853027
A3,1.9580000638961792
L3,5.059999942779541
I2,10.545000076293945
H6,1.5889999866485596
A3,2.3370001316070557
O1,14.17300033569336
L4,9.64799976348877
J3,16.509000778198242
D3,12.836999893188477
B1,20.166000366210938
M4,7.565000057220459
H4,4.421000003814697
N3,1.7030000686645508
D2,1.812999963760376
G2,5.160999774932861
I1,1.7979999780654907
D1,1.6050000190734863
J5,27.15599822998047
D1,2.0880000591278076
A6,7.937000274658203
O2,1.871000051498413
E6,5.23799991607666
L2,2.183000087738037
L2,2.0889999866485596
A4,2.0179998874664307
G2,2.061000108718872
E4,2.5510001182556152
E2,1.6660000085830688
J5,1.6790000200271606
A5,2.0179998874664307
G1,1.590999960899353
C1,2.186000108718872
B5,4.358999729156494
A6,1.5269999504089355
F2,2.3310000896453857
P2,10.407999992370605
N2,2.197000026702881
E1,4.172999858856201
L6,12.937000274658203
F4,1.718000054359436
M3,10.07699966430664
E4,6.595999717712402
H3,8.602999687194824
B3,4.129000186920166
B1,16.13399887084961
H3,13.004000663757324
C5,2.190999984741211
A2,2.390000104904175
J4,2.2100000381469727
P2,14.693000793457031
H3,13.2839994430542
E4,1.8870000839233398
H3,5.175000190734863
C1,1.9259999990463257
G5,1.5870000123977661
J2,12.89900016784668
B5,5.259000301361084
I4,8.723999977111816
O1,1.915000081062317
C5,11.718999862670898
N3,4.919000148773193
B1,1.8600000143051147
K2,2.128999948501587
H6,1.8289999961853027
K6,7.180999755859375
E5,1.6679999828338623
L4,13.406000137329102
O5,5.01200008392334
J1,2.2019999027252197
C6,2.1410000324249268
E6,1.6589999198913574
E2,1.8240000009536743
M2,1.965833266576131
P1,5.133999824523926
G5,7.889999866485596
H6,2.936000108718872
I1,1.8009999990463257
F3,8.692999839782715
G5,2.26200008392334
K6,1.8200000524520874
K4,2.4700000286102295
N2,2.580000162124634
G5,7.3580002784729
A6,8.743000030517578
C2,1.5640000104904175
O4,3.3363333145777383
G3,1.8739999532699585
I6,1.553999900817871
G1,6.936000347137451
P6,1.8170000314712524
M6,10.795000394185385
M3,13.093999862670898
N4,17.187999725341797
K3,1.8880000114440918
M4,1.9270000457763672
D5,2.1050000190734863
K3,7.251999855041504
C2,1.7654000282287599
H2,13.175000190734863
P2,2.2750000953674316
M2,7.244999885559082
H6,2.5339999198913574
O3,2.0989999771118164
M3,1.8530000448226929
F1,1.7960000038146973
F2,2.188999891281128
B4,1.9900000095367432
G4,1.9789999723434448
P1,9.217999458312988
K5,2.375999927520752
H1,27.373998641967773
M1,9.005000114440918
E3,2.001000165939331
G4,1.750999927520752
B2,1.7139999866485596
H4,13.484000205993652
A1,1.9580000638961792
J6,6.75
J1,3.8980000019073486
I3,14.857999801635742
B4,1.9869999885559082
D1,2.3436000823974608
F3,1.5470000505447388
D5,2.624000072479248
L4,13.875
N5,2.449000120162964
B3,8.704999923706055
O2,1.8019999265670776
E4,21.07900047302246
M1,2.0239999294281006
O1,2.2339999675750732
K1,4.370999813079834
E4,9.000999450683594
A5,1.5110000371932983
I1,2.0420000553131104
P5,1.9900000095367432
A1,1.6069999933242798
I3,2.0290000438690186
N4,1.9519999027252197
G6,7.092399978637696
L5,3.4539999961853027
L4,8.89799976348877
P1,9.6899995803833
P1,2.9079999923706055
L3,2.361999988555908
D6,1.5889999866485596
J4,8.538999557495117
N3,1.8980000019073486
H6,1.8220000267028809
D6,4.644000053405762
O1,5.934000015258789
F3,7.572000026702881
I3,6.510000228881836
H2,5.605000019073486
E3,1.808000087738037
E6,2.368000030517578
G1,7.027000427246094
I3,1.6769999265670776
O4,1.7740000486373901
E4,1.9704999327659607
D3,2.369999885559082
K2,5.450000286102295
C4,7.144000053405762
K2,1.7330000400543213
D2,1.749000072479248
O1,1.8660000562667847
J6,1.930999994277954
D3,2.315999984741211
G6,12.171000480651855
H4,2.322999954223633
I4,2.6489999294281006
M5,1.6649999618530273
D6,4.433000111579895
E4,17.371999740600586
J2,5.109999656677246
H4,1.781000018119812
G3,7.857999801635742
F3,1.555999994277954
D2,3.5304999351501465
D1,5.229999542236328
I2,2.057000160217285
H4,1.8309999704360962
E6,14.801000595092773
H1,4.88700008392334
C3,2.0199999809265137
N5,4.834000110626221
B2,1.777999997138977
P2,1.7120000123977661
C5,1.5859999656677246
C2,3.0820000171661377
G3,1.9550000429153442
G3,4.215000152587891
N2,13.3149995803833
B5,6.488999843597412
I6,1.933000087738037
I1,5.516000270843506
C1,3.9559998512268066
A2,2.247000217437744
I2,1.6299999952316284
B1,2.3478000164031982
J6,12.920999526977539
A5,1.8459999561309814
N4,2.2740001678466797
D5,1.8690000772476196
K1,1.6159999370574951
E6,9.85099983215332
F4,2.111999988555908
O6,1.6540000438690186
L4,1.9470000267028809
D6,1.556999921798706
D6,2.3370001316070557
A4,7.220000267028809
K6,3.626999855041504
G5,8.489999771118164
B5,10.409000396728516
C2,1.9940000772476196
M6,6.63100004196167
G6,8.952000617980957
P5,16.062999725341797
K6,7.826999664306641
F6,2.1610000133514404
E4,14.631000518798828
N2,2.6440000534057617
H2,4.650000095367432
E3,9.871999740600586
I4,4.684999942779541
I3,6.454999923706055
K3,1.627000093460083
E6,4.118000030517578
I6,7.235000133514404
P6,6.288000106811523
F3,1.8660000562667847
G1,1.6899999380111694
E6,7.453999996185303
O5,1.6150000095367432
L3,7.868999481201172
G4,1.7580000162124634
P3,2.5460000038146973
B2,1.8570001125335693
B3,5.586999893188477
O4,1.808000087738037
I5,1.840000033378601
H4,1.6039999723434448
H4,3.9019999504089355
B4,5.070000171661377
K5,2.203000068664551
K4,1.6579999923706055
E3,2.746000051498413
E5,3.133000135421753
N6,13.585999488830566
L5,2.001000165939331
A3,7.656000137329102
D1,9.206999778747559
J1,1.6080000400543213
D1,8.442999839782715
I4,8.140999794006348
M1,1.8960000276565552
L1,1.8609999418258667
C3,3.4800000190734863
G1,1.722999930381775
N1,2.948000192642212
H2,2.376599931716919
H6,14.397000312805176
N6,1.6990000009536743
J2,1.5950000286102295
A3,2.441999912261963
I6,2.2219998836517334
M6,5.113999843597412
H1,1.8600000143051147
L3,3.942000150680542
B4,8.72700023651123
G5,7.940000057220459
A6,7.506999969482422
P6,14.058000564575195
C5,12.687000274658203
B6,1.9079999923706055
P2,3.059000015258789
B5,2.0889999866485596
F6,1.8969999551773071
G6,1.725000023841858
E4,1.6319999694824219
D4,1.8200000524520874
A5,14.735000610351562
N5,23.0939998626709
L4,2.925999879837036
H6,1.7929999828338623
K6,2.0260000228881836
D2,4.8389997482299805
J1,12.807999610900879
G6,1.9270000457763672
B3,1.7549999952316284
E6,16.974000930786133
P1,2.1039998531341553
H3,18.96099853515625
K5,4.937999725341797
O4,1.5379999876022339
H4,1.74399995803833
P3,1.5820000171661377
H1,6.197000026702881
K1,1.8600000143051147
I1,1.8630000352859497
L3,1.5529999732971191
F2,4.234000205993652
O4,8.491000175476074
P3,17.78900146484375
L1,14.63800048828125
C5,3.3350000381469727
N1,1.6059999465942383
D1,5.269000053405762
N6,4.822999954223633
B1,4.801999568939209
C2,2.302999973297119
I1,30.316999435424805
G3,1.9270000457763672
G5,4.236000061035156
N6,1.7020000219345093
A4,13.472000122070312
E3,13.95300006866455
K5,7.674000263214111
H2,1.7899999618530273
I3,1.8220000267028809
A4,7.2779998779296875
F5,2.3540000915527344
I1,1.8609999418258667
D6,2.930999994277954
L5,21.046998977661133
A1,7.361999988555908
L1,5.876999855041504
K1,6.725000381469727
P2,2.059000015258789
P6,13.043999671936035
B4,8.933000564575195
A5,1.8100000619888306
N2,9.598999977111816
J4,8.468000411987305
H6,2.9019999504089355
P4,8.531000137329102
M3,2.128000020980835
F6,3.1901668310165405
N2,1.8289999961853027
J1,2.0349998474121094
I3,12.257999420166016
F1,2.13100004196167
J6,5.190999984741211
L5,2.3439998626708984
G2,6.4110002517700195
N4,5.328000068664551
H2,2.241000175476074
H4,7.334000110626221
G6,8.457000732421875
F4,2.055999994277954
B1,7.938000202178955
O1,10.266000747680664
B6,6.771999835968018
C4,4.9720001220703125
H4,13.981999397277832
P1,4.986999988555908
E4,7.567999839782715
P1,1.7259999513626099
J3,1.553999900817871
P4,1.7139999866485596
N1,1.7910000085830688
P2,8.542000770568848
N5,1.5780000686645508
P6,3.7813332080841064
N1,6.8919997215271
O4,9.953999519348145
J6,1.9620000123977661
F5,2.430000066757202
D4,1.722999930381775
F1,12.377999305725098
E5,8.017000198364258
K6,1.9829999208450317
O1,8.844999313354492
F3,8.361000061035156
J5,2.740999937057495
B4,1.6730000972747803
O3,4.710000038146973
M2,9.48900032043457
O3,1.6510000228881836
P4,1.659999966621399
I5,1.8029999732971191
J5,1.8220000267028809
G6,1.8339999914169312
F3,2.0820000171661377
J4,2.002999782562256
I6,2.128999948501587
D5,6.149999618530273
H3,7.132999897003174
B5,18.118999481201172
M6,1.9189999103546143
I5,8.434000015258789
O4,1.6309999227523804
I6,12.359000205993652
A3,2.8550000190734863
B4,4.064000129699707
B2,1.7519999742507935
F6,13.109999656677246
N3,1.8339999914169312
N3,3.0380001068115234
K6,9.565999984741211
G2,1.6829999685287476
F4,5.154000282287598
J6,4.664499998092651
F6,1.9170000553131104
G5,9.782999992370605
K6,7.513000011444092
O1,2.7350001335144043
P3,1.9720001220703125
E3,10.545999526977539
J4,1.621000051498413
K4,2.2239999771118164
M1,2.940000057220459
H1,3.694999933242798
L5,4.949000358581543
O4,1.8289999961853027
E2,2.3340001106262207
B4,4.6660003662109375
L5,11.697999954223633
F3,5.60699987411499
J2,4.069999694824219
I1,2.002000093460083
C2,2.0179998874664307
O6,11.949000358581543
M6,5.154000282287598
D4,1.8149999380111694
J2,2.118000030517578
M2,1.967000126838684
L6,2.0360000133514404
M6,1.8492001056671143
H4,6.500999927520752
G3,3.869499921798706
D4,4.7179999351501465
H1,3.53683340549469
D4,7.131999969482422
N3,12.329000473022461
C2,9.925999641418457
B3,1.9499999284744263
G5,1.7020000219345093
M2,2.001000165939331
E1,1.7120000123977661
F6,4.517000198364258
H5,3.830000162124634
M6,16.034000396728516
D4,3.0739998817443848
F1,7.4039998054504395
B2,1.659999966621399
D1,9.054999351501465
C2,4.24399995803833
D2,8.857999801635742
O1,1.6959999799728394
H5,4.39900016784668
M5,4.875
P3,1.6730000972747803
O5,2.013000011444092
G3,3.053999900817871
G6,2.111999988555908
C4,1.8509999513626099
D2,1.8220000267028809
B6,5.2829999923706055
M6,3.703000068664551
M5,7.5329999923706055
N5,2.002999782562256
D1,1.715000033378601
C3,23.2810001373291
L5,1.8609999418258667
H1,2.055999994277954
B2,1.8410000801086426
O3,1.555999994277954
D1,1.9690001010894775
O6,5.3473999977111815
M5,2.18999981880188
P1,2.1440000534057617
H4,1.5870000123977661
I2,1.9429999589920044
H3,1.6420000791549683
I3,8.070000648498535
F1,2.7350001335144043
B5,1.8019999265670776
L5,2.009999990463257
A1,1.8299999237060547
O5,11.389999389648438
K4,8.6850004196167
L3,2.364000082015991
G2,8.449000358581543
C3,6.056000232696533
G2,1.8630000352859497
K1,7.220000267028809
H2,2.0199999809265137
M6,1.690999984741211
A4,1.597000002861023
M1,8.698999404907227
D2,1.750999927520752
A5,8.988000869750977
J1,3.055999994277954
G1,2.05400013923645
H2,3.073000192642212
F1,2.5320000648498535
E6,1.871000051498413
H1,1.7419999837875366
G1,8.446999549865723
M2,1.5320000648498535
H1,1.562000036239624
F1,6.448000431060791
O3,1.9620000123977661
C2,10.793000221252441
E5,2.875
A3,1.8889999389648438
A2,4.2920002937316895
O6,8.628999710083008
P4,3.0799999237060547
P1,5.5370001792907715
K2,2.4659998416900635
C5,3.934999942779541
K4,8.40749967098236
D1,2.310999870300293
I3,7.307999610900879
J1,14.767000198364258
C1,14.482000350952148
A3,1.6349999904632568
P4,1.9279999732971191
D3,1.5999999046325684
J3,1.6110000610351562
D4,1.7170000076293945
D3,2.2760000228881836
J3,1.5740000009536743
D1,2.4639999866485596
F2,15.9089994430542
C5,500.7139892578125
L6,14.336000442504883
D5,1.8100000619888306
A2,1.7829999923706055
M1,1.8939999341964722
C3,1.7079999446868896
I4,5.214999675750732
B2,16.806001663208008
H5,5.526000022888184
O2,2.0349998474121094
D3,1.6169999837875366
L1,8.868999481201172
I2,1.5399999618530273
E3,10.736000299453735
I2,8.789000511169434
A5,25.110000610351562
H5,4.960000038146973
N4,3.239000082015991
D4,28.6200008392334
J4,4.126999855041504
D2,8.445999145507812
D2,6.374000072479248
F6,2.121000051498413
H5,7.182000160217285
J5,16.45400047302246
F4,3.2339999675750732
A1,11.405000686645508
B3,5.184000015258789
F5,7.513000011444092
L2,13.907000541687012
B1,1.6990000009536743
O4,1.6710000038146973
O1,1.7070000171661377
J5,19.259000778198242
M3,12.4350004196167
L2,1.7330000400543213
K1,1.5920000076293945
P6,2.875
F3,1.7979999780654907
F3,8.496000289916992
G3,19.652000427246094
J2,2.18500018119812
C2,22.784000396728516
J2,3.7249999046325684
H1,11.454999923706055
F6,6.883999824523926
A6,1.8269999027252197
C5,3.943000078201294
B3,5.144000053405762
E2,1.5600000619888306
F6,5.228000164031982
P6,2.437999963760376
K6,2.2920000553131104
B5,7.13599967956543
J3,1.750999927520752
A5,7.7769999504089355
M4,1.8260000944137573
K4,6.672999858856201
L2,8.385000228881836
E1,7.747999668121338
F6,15.297999382019043
C6,10.51200008392334
B3,3.0950000286102295
K6,9.691999733448029
M2,2.5360000133514404
F2,1.6059999465942383
D3,14.625
P3,1.6150000095367432
C6,2.7290000915527344
P3,5.5920000076293945
C5,1.6859999895095825
B1,2.1460001468658447
O6,2.1740000247955322
E3,1.906000018119812
H4,1.875
K2,6.290749818086624
P1,1.8050000667572021
J4,3.43999981880188
I6,4.559000015258789
O4,1.9519999027252197
D5,11.346000671386719
M3,5.428999900817871
O3,2.7940001487731934
E3,1.7929999828338623
I1,1.9320000410079956
D2,7.2820000648498535
N2,1.7979999780654907
N1,1.9839999675750732
J5,4.75
H2,1.6369999647140503
L6,1.9930000305175781
D2,1.9140000343322754
E2,1.7409999370574951
L1,13.190999984741211
J5,2.7709999084472656
G2,1.8019999265670776
G5,6.854000091552734
D2,1.7910000085830688
B1,8.27400016784668
K3,7.057000160217285
H1,2.506999969482422
I2,4.480000019073486
M5,1.9660000801086426
A1,3.76200008392334
E3,1.928000020980835
D4,1.8680000305175781
M3,1.6200000047683716
N5,2.5339999198913574
O6,1.8769999742507935
D4,2.1550002098083496
A5,1.5829999446868896
D5,2.0420000553131104
I5,1.6110000610351562
L5,11.5
J2,6.430000305175781
G6,1.8560000658035278
J2,5.199600028991699
H3,2.440000057220459
K1,1.5369999408721924
I4,2.8359999656677246
D1,1.8594001293182374
J1,5.870999813079834
E1,8.949999809265137
H4,4.265999794006348
O1,15.11199951171875
O4,17.73900032043457
F2,1.9180001020431519
J2,3.067000150680542
J1,1.8579999208450317
H3,5.709000110626221
H3,2.384000062942505
F4,1.6570000648498535
J5,1.8170000314712524
J4,1.6880000829696655
I4,2.0399999618530273
F3,1.7049999237060547
F6,1.7079999446868896
H2,5.019999980926514
E4,9.142000198364258
D5,2.0949997901916504
G5,4.548999786376953
G1,1.71999990940094
G2,12.685999870300293
M5,1.6390000581741333
K6,4.765000343322754
P2,12.680999755859375
L4,1.8589999675750732
L3,1.71999990940094
D3,1.7209999561309814
F2,2.3630001544952393
P1,10.274999618530273
O3,2.063999891281128
P6,1.7389999628067017
M4,2.7330000400543213
I1,1.6390000581741333
P5,14.705999374389648
L1,4.240999698638916
M5,1.8899999856948853
A1,9.940000534057617
K4,8.588000297546387
N3,5.546000003814697
F2,1.812999963760376
C3,11.494000434875488
N6,9.840999603271484
N1,1.7979999780654907
J3,1.7610000371932983
A6,17.178998947143555
O4,16.999000549316406
H6,1.6080000400543213
P5,3.9650001525878906
N3,1.784999966621399
E6,6.599999904632568
C4,1.8339999914169312
I2,1.7569999694824219
E4,11.314000129699707
L2,8.48799991607666
E4,1.8320000171661377
K5,3.3470001220703125
B3,1.9279999732971191
E6,1.6069999933242798
M2,14.868000030517578
E6,1.8209999799728394
B5,13.535000801086426
A1,4.666999816894531
F2,1.9300000667572021
H5,2.3380000591278076
G5,1.5239999294281006
D3,1.6690000295639038
P6,2.0320000648498535
E4,1.8410000801086426
A4,2.5190000534057617
P1,1.7519999742507935
N4,3.315000057220459
N4,2.313999891281128
A1,4.337000370025635
D5,1.8639999628067017
F6,1.6790000200271606
C1,5.651000022888184
B5,1.5160000324249268
B2,1.6829999685287476
M5,11.61299991607666
K2,1.781999945640564
A2,1.559000015258789
D4,1.6169999837875366
A1,7.513000011444092
B6,1.6649999618530273
J3,1.5609999895095825
D5,2.763000011444092
L5,5.2230000495910645
L5,1.562000036239624
P3,8.829000473022461
K6,12.51099967956543
K4,7.25
C4,1.6779999732971191
L3,1.5600000619888306
F3,1.75
P4,4.914399909973144
H4,1.6820000410079956
D3,18.308000564575195
M1,19.1560001373291
P6,1.8680000305175781
M5,14.468999862670898
D5,9.592000007629395
N1,9.430999755859375
N6,17.847000122070312
G6,1.7940000295639038
K2,1.781000018119812
K3,1.9580000638961792
A3,7.636000156402588
N6,3.378000020980835
H5,2.4689998626708984
P3,1.9429999589920044
J6,3.0280001163482666
F5,7.204999923706055
I5,3.9539997577667236
K5,2.1009998321533203
K6,1.625
C6,1.9180001020431519
H1,2.621999979019165
F3,2.1530001163482666
A1,1.749000072479248
P1,2.5210001468658447
I2,2.86299991607666
M3,2.308000087738037
O6,1.7829999923706055
L4,1.944000005722046
H1,1.6510000228881836
P6,11.858999252319336
D2,7.255000114440918
N6,1.6899999380111694
J6,2.052000045776367
J4,1.5679999589920044
A3,1.5609999895095825
M5,1.972999930381775
I5,12.113000011444091
K2,1.6649999618530273
I1,1.9980000257492065
B5,17.3070011138916
H5,8.744999885559082
G1,21.59200096130371
O6,13.655000686645508
M3,2.2909998893737793
I3,1.8050000667572021
J5,1.7580000162124634
P6,7.506999969482422
O3,1.912000060081482
B5,1.7089999914169312
M1,14.359000205993652
M1,2.075000047683716
H5,3.383999824523926
N1,6.451000213623047
J6,1.7160000801086426
I6,6.13700008392334
D4,1.684000015258789
K2,8.522000312805176
A4,17.775999069213867
N5,9.685999870300293
C6,9.609000205993652
P3,10.067000389099121
A6,4.348999977111816
G4,1.9470000267028809
I6,1.8289999961853027
D1,7.77400016784668
C3,1.9859999418258667
D5,6.684999942779541
O2,1.9129999876022339
G1,2.0850000381469727
J6,2.440999984741211
N4,1.5800000429153442
F6,2.236999988555908
M3,2.310999870300293
E4,6.192999839782715
C1,1.6610000133514404
K4,1.6679999828338623
P1,1.6579999923706055
E3,1.8960000276565552
M3,1.6540000438690186
F4,1.902999997138977
F6,4.822000026702881
H5,5.741000175476074
L2,1.9320000410079956
A5,4.559999942779541
A2,1.5859999656677246
G4,10.539999961853027
H1,1.9799998998641968
L1,3.8540000915527344
G2,1.7190001010894775
H2,18.075000762939453
B4,3.1600000858306885
I4,1.7829999923706055
B3,3.744000196456909
P6,2.0769999027252197
B1,1.5609999895095825
P4,1.7170000076293945
O3,13.23900032043457
C6,7.376999855041504
N4,11.616000175476074
L4,5.789000034332275
J4,12.147000312805176
I5,2.1410000324249268
H2,13.86400032043457
E6,18.007999420166016
D5,4.8560004234313965
M1,2.0759999752044678
P5,2.7189998626708984
H6,13.33799934387207
D5,1.7389999628067017
P5,2.860999822616577
M2,5.326000213623047
E5,1.7289999723434448
C4,1.7920000553131104
P4,2.421999931335449
C4,1.624000072479248
I4,1.84499990940094
C2,1.8240000009536743
J6,1.7280000448226929
A2,1.7389999628067017
L3,1.562000036239624
E1,1.6700000762939453
G2,2.5360000133514404
B6,2
E5,3.813999891281128
B2,1.7929999828338623
K1,11.734999656677246
O2,1.5740000009536743
F3,6.388000249862671
N5,1.774999976158142
J5,2.2990000247955322
K1,12.780000686645508
L5,9.517500162124634
J2,8.836999893188477
I2,1.5800000429153442
B2,2.0480000972747803
C6,7.256999969482422
A5,1.906999945640564
D2,1.7079999446868896
G2,1.6019999980926514
J1,1.8029999732971191
M1,11.809000015258789
P1,1.8799999952316284
I6,7.51800012588501
E5,19.576000213623047
J5,10.63599967956543
G3,11.251999855041504
F1,2.254999876022339
I1,1.8539999723434448
K1,18.073999404907227
J5,3.9009997844696045
H1,5.1020002365112305
O2,7.572999954223633
H1,15.579999327659607
F3,2.5879998207092285
A2,2.3489999771118164
H2,1.6150000095367432
G5,10.316500186920166
F6,2.2109999656677246
